track,arm,sweep,train_frac,seed,n_train,rmse_in,nrmse_in,mape_in,rmse_out,nrmse_out,mape_out,seconds,n_free,expression,interpretable,param_Mc,err_Mc_pct,param_tc,err_tc_pct,sigma_Mc,sigma_tc
relativity/gw150914,oracle,extrapolation,0.6,11,4,5.132336539267769,0.31518042166622345,9.214940349784403,1.3975330112568356,0.08582349197296386,1.702350480962982,0.0,0,df/dt = (96/5) pi^(8/3) (G Mc/c^3)^(5/3) f^(11/3)  [PN order 3],True,31.174000000000003,0.0,0.01919893761184235,0.0,,
relativity/gw150914,physics,extrapolation,0.6,11,4,4.362956366157531,0.2679322403501336,7.646972355464153,218.96850256698102,13.447010819077919,186.00029057834502,0.006247282028198242,2,df/dt = (96/5) pi^(8/3) (G Mc/c^3)^(5/3) f^(11/3)  [PN order 3],True,37.433158789999084,20.078138160002183,0.010480786044411706,-45.40955204757312,7.123669365702929,0.005896532752405486
relativity/gw150914,pinn,extrapolation,0.6,11,4,3.148799684926073,0.19337001867361234,5.446464180621188,7.43837826533548,0.4567960772338185,8.789401771891312,8.926583051681519,2210,"df/dt = (96/5) pi^(8/3) (G Mc/c^3)^(5/3) f^(11/3)  [PN order 3]  [as an ODE residual, network = f(t)]",True,38.40423578756984,23.19316028603912,,,,
relativity/gw150914,sr,extrapolation,0.6,11,4,2.156446520371569,0.13242890804045754,3.608033750229685,103.63360184414059,6.364212883959831,97.83028124046272,12.643712997436523,11,0.07287616/((tau*(0.079103306 - tau))),True,,,,,,
relativity/gw150914,nn,extrapolation,0.6,11,4,0.021508070650928024,0.0013208258509785039,0.03953846717758876,11.10561599038549,0.682003743116237,9.04226356004085,1.5394659042358398,321,,False,,,,,,
relativity/gw150914,oracle,extrapolation,0.6,23,4,5.132336539267769,0.31518042166622345,9.214940349784403,1.3975330112568356,0.08582349197296386,1.702350480962982,0.0,0,df/dt = (96/5) pi^(8/3) (G Mc/c^3)^(5/3) f^(11/3)  [PN order 3],True,31.174000000000003,0.0,0.01919893761184235,0.0,,
relativity/gw150914,physics,extrapolation,0.6,23,4,4.362956366157531,0.2679322403501336,7.646972355464153,218.96850256698102,13.447010819077919,186.00029057834502,0.005979061126708984,2,df/dt = (96/5) pi^(8/3) (G Mc/c^3)^(5/3) f^(11/3)  [PN order 3],True,37.433158789999084,20.078138160002183,0.010480786044411706,-45.40955204757312,7.123669365702929,0.005896532752405486
relativity/gw150914,pinn,extrapolation,0.6,23,4,3.147969590752897,0.19331904200255373,5.443303212907676,9.734662857596406,0.5978125403042055,9.02995213215401,8.997076988220215,2210,"df/dt = (96/5) pi^(8/3) (G Mc/c^3)^(5/3) f^(11/3)  [PN order 3]  [as an ODE residual, network = f(t)]",True,38.398193494925984,23.173777811400463,,,,
relativity/gw150914,sr,extrapolation,0.6,23,4,1.809226655246805,0.11110589021736567,3.1892120367419015,131.73645405427152,8.090028941002014,124.72803533624285,12.522623777389526,11,tau*11614.235*tau + 1.1318406/tau,True,,,,,,
relativity/gw150914,nn,extrapolation,0.6,23,4,0.021157148284365938,0.0012992754599199846,0.039429165235530285,10.035722906934673,0.6163008511488459,8.02890024064365,1.5557072162628174,321,,False,,,,,,
relativity/gw150914,oracle,extrapolation,0.6,42,4,5.132336539267769,0.31518042166622345,9.214940349784403,1.3975330112568356,0.08582349197296386,1.702350480962982,0.0,0,df/dt = (96/5) pi^(8/3) (G Mc/c^3)^(5/3) f^(11/3)  [PN order 3],True,31.174000000000003,0.0,0.01919893761184235,0.0,,
relativity/gw150914,physics,extrapolation,0.6,42,4,4.362956366157531,0.2679322403501336,7.646972355464153,218.96850256698102,13.447010819077919,186.00029057834502,0.006215095520019531,2,df/dt = (96/5) pi^(8/3) (G Mc/c^3)^(5/3) f^(11/3)  [PN order 3],True,37.433158789999084,20.078138160002183,0.010480786044411706,-45.40955204757312,7.123669365702929,0.005896532752405486
relativity/gw150914,pinn,extrapolation,0.6,42,4,3.1484933495700456,0.19335120640244785,5.445523751053107,7.065739976025253,0.43391209597982733,8.563358467962223,8.999320030212402,2210,"df/dt = (96/5) pi^(8/3) (G Mc/c^3)^(5/3) f^(11/3)  [PN order 3]  [as an ODE residual, network = f(t)]",True,38.40356973677853,23.19102372739631,,,,
relativity/gw150914,sr,extrapolation,0.6,42,4,2.0976588759268373,0.12881871716090582,3.6999446359440453,101.37152279674761,6.225297007624612,95.39568837130487,12.907550811767578,11,-0.1411671/(tau*(tau + tau - 0.15538627)),True,,,,,,
relativity/gw150914,nn,extrapolation,0.6,42,4,0.021341532735280774,0.0013105986396342137,0.03934712323924078,11.116884055295648,0.6826957229625651,9.045858362776276,1.5449090003967285,321,,False,,,,,,
