track,arm,sweep,w_phys,seed,n_train,rmse_in,nrmse_in,mape_in,rmse_out,nrmse_out,mape_out,seconds,n_free,expression,interpretable,param_Mc,err_Mc_pct
relativity/gw150914,pinn,w_phys,0.0,11,5,0.0,0.0,0.0,8.865196460542919,0.5444179930933501,17.50387765334392,20.432996034622192,2210,"df/dt = (96/5) pi^(8/3) (G Mc/c^3)^(5/3) f^(11/3)  [PN order 3]  [as an ODE residual, network = f(t)]",True,30.0,-3.765958811830381
relativity/gw150914,pinn,w_phys,0.0,23,5,0.0,0.0,0.0,7.980870993065224,0.4901109398443508,10.663794456041947,12.957511901855469,2210,"df/dt = (96/5) pi^(8/3) (G Mc/c^3)^(5/3) f^(11/3)  [PN order 3]  [as an ODE residual, network = f(t)]",True,30.0,-3.765958811830381
relativity/gw150914,pinn,w_phys,0.0,42,5,0.0,0.0,0.0,8.835410933332085,0.5425888427728218,17.445067651054718,23.75772190093994,2210,"df/dt = (96/5) pi^(8/3) (G Mc/c^3)^(5/3) f^(11/3)  [PN order 3]  [as an ODE residual, network = f(t)]",True,30.0,-3.765958811830381
relativity/gw150914,pinn,w_phys,0.001,11,5,0.0450854331293333,0.0027687283785826993,0.058784905748663935,13.568457646465724,0.8332485934337213,26.790226662813282,14.642854928970337,2210,"df/dt = (96/5) pi^(8/3) (G Mc/c^3)^(5/3) f^(11/3)  [PN order 3]  [as an ODE residual, network = f(t)]",True,29.01326511833095,-6.931208319975152
relativity/gw150914,pinn,w_phys,0.001,23,5,0.04206592074984847,0.0025832979848992425,0.06998966258030946,2.760121653492618,0.16950102549627255,3.6879896958729557,15.9894437789917,2210,"df/dt = (96/5) pi^(8/3) (G Mc/c^3)^(5/3) f^(11/3)  [PN order 3]  [as an ODE residual, network = f(t)]",True,26.66167362639453,-14.474646736400434
relativity/gw150914,pinn,w_phys,0.001,42,5,0.04313003399530651,0.0026486459329221382,0.056566177037606274,14.19221006046191,0.8715536709270789,28.021793948339468,16.296528100967407,2210,"df/dt = (96/5) pi^(8/3) (G Mc/c^3)^(5/3) f^(11/3)  [PN order 3]  [as an ODE residual, network = f(t)]",True,29.072823603406086,-6.740156529780962
relativity/gw150914,pinn,w_phys,0.01,11,5,0.3592874480249945,0.022064096635419615,0.47847822945604956,13.632817621117937,0.8372009850577136,26.91730214581004,16.121851205825806,2210,"df/dt = (96/5) pi^(8/3) (G Mc/c^3)^(5/3) f^(11/3)  [PN order 3]  [as an ODE residual, network = f(t)]",True,29.219615955236204,-6.269275822043366
relativity/gw150914,pinn,w_phys,0.01,23,5,0.35342886711530186,0.021704317032629563,0.5905317034666868,1.82407524489183,0.11201775262343762,2.4372732626279507,16.13302707672119,2210,"df/dt = (96/5) pi^(8/3) (G Mc/c^3)^(5/3) f^(11/3)  [PN order 3]  [as an ODE residual, network = f(t)]",True,27.580124097481466,-11.528440054271305
relativity/gw150914,pinn,w_phys,0.01,42,5,0.36180997274440607,0.022219006664924622,0.4813452935618961,15.26625392120851,0.9375114650678403,30.142438698459568,13.648858070373535,2210,"df/dt = (96/5) pi^(8/3) (G Mc/c^3)^(5/3) f^(11/3)  [PN order 3]  [as an ODE residual, network = f(t)]",True,29.24934331355935,-6.1739163612005274
relativity/gw150914,pinn,w_phys,0.1,11,5,1.8391757517583198,0.11294508544449089,2.53346162426887,11.291854653093914,0.6934407912898881,22.29519032170367,13.230247020721436,2210,"df/dt = (96/5) pi^(8/3) (G Mc/c^3)^(5/3) f^(11/3)  [PN order 3]  [as an ODE residual, network = f(t)]",True,29.93334595647991,-3.979771744146056
relativity/gw150914,pinn,w_phys,0.1,23,5,2.0813921314960204,0.1278197648650821,3.456240107141567,0.34550630938416305,0.02121778715149835,0.46165490831011113,12.947415113449097,2210,"df/dt = (96/5) pi^(8/3) (G Mc/c^3)^(5/3) f^(11/3)  [PN order 3]  [as an ODE residual, network = f(t)]",True,29.02288510718802,-6.90034930651178
relativity/gw150914,pinn,w_phys,0.1,42,5,1.831571224858283,0.11247808606193135,2.5285944077041442,11.313273170240414,0.6947561175967367,22.337480089935774,9.856839179992676,2210,"df/dt = (96/5) pi^(8/3) (G Mc/c^3)^(5/3) f^(11/3)  [PN order 3]  [as an ODE residual, network = f(t)]",True,29.94402193994028,-3.945525309744408
relativity/gw150914,pinn,w_phys,1.0,11,5,3.787086417157914,0.23256765894322123,5.564970937821028,6.068617500969381,0.3726780986110937,11.98217532286977,9.596436977386475,2210,"df/dt = (96/5) pi^(8/3) (G Mc/c^3)^(5/3) f^(11/3)  [PN order 3]  [as an ODE residual, network = f(t)]",True,31.31266213682615,0.4448005928855735
relativity/gw150914,pinn,w_phys,1.0,23,5,4.133150994437327,0.2538197297215397,6.765058099450512,1.2958160447651608,0.0795769810233859,1.7314295602853371,10.639544248580933,2210,"df/dt = (96/5) pi^(8/3) (G Mc/c^3)^(5/3) f^(11/3)  [PN order 3]  [as an ODE residual, network = f(t)]",True,30.623552530859964,-1.7657261472382078
relativity/gw150914,pinn,w_phys,1.0,42,5,3.782667590724176,0.23229629568245302,5.558302200562224,6.221413217158862,0.3820613917542717,12.283862660994698,23.462975025177002,2210,"df/dt = (96/5) pi^(8/3) (G Mc/c^3)^(5/3) f^(11/3)  [PN order 3]  [as an ODE residual, network = f(t)]",True,31.31375782185312,0.44831533281938973
relativity/gw150914,pinn,w_phys,10.0,11,5,4.256905150701228,0.2614195601020644,6.290291583767605,4.451413798193194,0.2733644738981872,8.789089204596022,22.198534727096558,2210,"df/dt = (96/5) pi^(8/3) (G Mc/c^3)^(5/3) f^(11/3)  [PN order 3]  [as an ODE residual, network = f(t)]",True,31.64174541819563,1.5004343946738512
relativity/gw150914,pinn,w_phys,10.0,23,5,4.563181747954337,0.28022822284858473,7.436192017992827,1.673621872339126,0.10277830446187336,2.2362420917802517,21.97965431213379,2210,"df/dt = (96/5) pi^(8/3) (G Mc/c^3)^(5/3) f^(11/3)  [PN order 3]  [as an ODE residual, network = f(t)]",True,30.978163065428767,-0.6282059875897744
relativity/gw150914,pinn,w_phys,10.0,42,5,4.257152347953577,0.2614347406603995,6.290957090655007,4.812847171540589,0.29556035332742864,9.502720941361927,21.980093002319336,2210,"df/dt = (96/5) pi^(8/3) (G Mc/c^3)^(5/3) f^(11/3)  [PN order 3]  [as an ODE residual, network = f(t)]",True,31.640720697611755,1.4971472945780198
relativity/gw150914,pinn,w_phys,1000.0,11,5,5.242239320538278,0.32192962929867386,8.080235918777253,1.303174028002907,0.08002883998503861,2.573050563369163,24.678630113601685,2210,"df/dt = (96/5) pi^(8/3) (G Mc/c^3)^(5/3) f^(11/3)  [PN order 3]  [as an ODE residual, network = f(t)]",True,28.210776044618893,-9.505433872397221
relativity/gw150914,pinn,w_phys,1000.0,23,5,5.216486276108841,0.32034811660160956,8.31691909872619,0.5941752769684854,0.036488724561560125,0.7939187376865722,22.122495889663696,2210,"df/dt = (96/5) pi^(8/3) (G Mc/c^3)^(5/3) f^(11/3)  [PN order 3]  [as an ODE residual, network = f(t)]",True,28.275207187965275,-9.298751562310667
relativity/gw150914,pinn,w_phys,1000.0,42,5,5.297058397674908,0.32529610764924227,8.022863461403155,1.206380828902418,0.0740847010780317,2.381937335109475,21.984174966812134,2210,"df/dt = (96/5) pi^(8/3) (G Mc/c^3)^(5/3) f^(11/3)  [PN order 3]  [as an ODE residual, network = f(t)]",True,28.015057775764944,-10.13325920393616
