track,arm,sweep,n_train,seed,rmse_in,nrmse_in,mape_in,rmse_out,nrmse_out,mape_out,seconds,n_free,expression,interpretable,param_n,err_n_pct,w_phys,sigma_n
gravity/pulsar_spindown/sim,pinn,budget,8,11,0.00023819592242635152,0.0009895253945985116,0.007703038973077818,0.09907640991593786,0.41158816917944996,2.9521486760178135,4.847172021865845,2242,n  + NN(x),True,2.6862692467115235,-10.457691776282552,0.001,
gravity/pulsar_spindown/sim,pinn,budget,8,23,0.0002884672188521996,0.0011983649243689962,0.00868255517091103,0.13564389266122637,0.5634986318960981,4.003574350939083,3.879625082015991,2242,n  + NN(x),True,2.6543793366869086,-11.520688777103045,0.001,
gravity/pulsar_spindown/sim,pinn,budget,8,42,0.00015900681020532384,0.0006605540305204952,0.0044923399152708675,0.17153622205483027,0.7126043388472616,4.983254745459552,4.754911184310913,2242,n  + NN(x),True,2.7539145360794115,-8.202848797352951,0.001,
gravity/pulsar_spindown/sim,pinn,budget,12,11,0.003560088825277258,0.014789498761161432,0.07982910992562017,0.07816746923164421,0.3247272037586009,2.3726079069884842,3.944370985031128,2242,n  + NN(x),True,2.6523472621906086,-11.58842459364638,0.001,
gravity/pulsar_spindown/sim,pinn,budget,12,23,0.00024704739243840477,0.001026296613296271,0.007593558252113446,0.091396039120478,0.3796819893228651,2.7621878104219304,4.155286073684692,2242,n  + NN(x),True,2.634064200608206,-12.197859979726466,0.001,
gravity/pulsar_spindown/sim,pinn,budget,12,42,0.00022187049929469886,0.0009217055066601231,0.007039175924636663,0.14383624725194166,0.5975317203994286,4.2899167954526085,3.274305820465088,2242,n  + NN(x),True,2.7033498955441235,-9.888336815195881,0.001,
gravity/pulsar_spindown/sim,pinn,budget,20,11,0.0004109609818242547,0.0017072346308949628,0.012761345168746066,0.13429206824460502,0.5578828154049541,4.041344093599062,3.271696090698242,2242,n  + NN(x),True,2.7021666942862814,-9.927776857123954,0.001,
gravity/pulsar_spindown/sim,pinn,budget,20,23,0.0009818217490807888,0.00407873293458649,0.02268544486862663,0.18159528149227877,0.7543921858336379,5.2718487048337295,3.2807350158691406,2242,n  + NN(x),True,2.684532803723955,-10.515573209201506,0.001,
gravity/pulsar_spindown/sim,pinn,budget,20,42,0.00023648497331084554,0.000982417684351362,0.007707821968726202,0.13911537121798154,0.5779200214552562,4.394336705936683,2.945582866668701,2242,n  + NN(x),True,2.694554448796792,-10.181518373440273,0.001,
gravity/pulsar_spindown/sim,pinn,budget,30,11,0.0058045123815345795,0.024113395167651815,0.07105986728293694,0.09171808124784779,0.38101983280866814,2.7638535658813983,2.666520118713379,2242,n  + NN(x),True,2.7211965995606704,-9.293446681310986,0.001,
gravity/pulsar_spindown/sim,pinn,budget,30,23,0.006861231247528754,0.028503269445100395,0.09952641989840773,0.11591101170390052,0.4815233125163103,3.3933254206706875,2.968747615814209,2242,n  + NN(x),True,2.7157439469473528,-9.475201768421575,0.001,
gravity/pulsar_spindown/sim,pinn,budget,30,42,0.0003830071396442276,0.0015911073839128553,0.009933926682700723,0.11272157488849728,0.46827359484205106,3.8424506545207793,3.763921022415161,2242,n  + NN(x),True,2.7272765424833656,-9.090781917221147,0.001,
gravity/pulsar_spindown/sim,pinn,budget,45,11,0.004415973740478507,0.018345058612137855,0.1016155577539622,0.0919163017076171,0.3818432901402325,2.6978137126707975,4.194585084915161,2242,n  + NN(x),True,2.685425557146063,-10.4858147617979,0.001,
gravity/pulsar_spindown/sim,pinn,budget,45,23,0.008571159741004216,0.03560673977324887,0.14760152385979866,0.17142660711308835,0.7121489709829583,4.4386068349243395,3.6502509117126465,2242,n  + NN(x),True,2.7044198657128993,-9.852671142903358,0.001,
gravity/pulsar_spindown/sim,pinn,budget,45,42,0.0066798654215133235,0.027749830474665903,0.1134034500744249,0.11652289554637164,0.48406523092743214,3.4286005335907794,4.375838994979858,2242,n  + NN(x),True,2.7306070717487954,-8.979764275040154,0.001,
gravity/pulsar_spindown/sim,physics,budget,8,11,0.23472841551038967,0.97512050422785,7.659173091280938,0.242526570110159,1.007515987445506,7.455609611881961,0.009962797164916992,1,n,True,2.655371681315384,-11.487610622820538,,0.08871900186867535
gravity/pulsar_spindown/sim,nn,budget,8,11,4.575426482608183e-05,0.0001900746515532487,0.0013064019400026825,0.08461482884551295,0.35151114699761493,2.6140652852029578,2.8893837928771973,2241,,False,,,,
gravity/pulsar_spindown/sim,physics,budget,8,23,0.23546903750775258,0.9781972331102072,7.6675850643524806,0.26261349377433957,1.0909620887162534,7.465949992611268,0.0017049312591552734,1,n,True,2.578803654955902,-14.039878168136596,,0.08899893067160765
gravity/pulsar_spindown/sim,nn,budget,8,23,0.00010208308798202444,0.00042407866133174494,0.0029524608202867795,0.14484566827010542,0.6017251075957328,4.237296387318824,2.725353956222534,2241,,False,,,,
gravity/pulsar_spindown/sim,physics,budget,8,42,0.15844195294268196,0.6582074722754423,4.412610358664551,0.2630157773260283,1.092633275133596,8.849212022499556,0.0014510154724121094,1,n,True,2.748000431802393,-8.399985606586895,,0.05988542924653357
gravity/pulsar_spindown/sim,nn,budget,8,42,1.3036204352504972e-05,5.415565104800565e-05,0.0003641151670453262,0.22364954790507433,0.9290961192292195,6.37137503834089,2.202768087387085,2241,,False,,,,
gravity/pulsar_spindown/sim,physics,budget,12,11,0.2232641262668918,0.9274949814149175,7.3898171793421215,0.25589556176051326,1.063054120103051,7.4347911584353765,0.0012660026550292969,1,n,True,2.6084036324664828,-13.053212251117241,,0.06731666690671015
gravity/pulsar_spindown/sim,nn,budget,12,11,0.00010738324863798967,0.0004460968533776273,0.0026009043474194797,0.09607459558685019,0.3991178822062531,2.752502691164709,2.4773612022399902,2241,,False,,,,
gravity/pulsar_spindown/sim,physics,budget,12,23,0.21536684182446708,0.8946876880551279,7.055231958596635,0.27596566845002063,1.146430359457902,7.683564076581312,0.0014390945434570312,1,n,True,2.564102688439518,-14.529910385349401,,0.06493554605596162
gravity/pulsar_spindown/sim,nn,budget,12,23,0.00016771947211058187,0.0006967486056500068,0.004024321060613673,0.1080051796049867,0.4486805100551301,3.1770343971216217,3.727360963821411,2241,,False,,,,
gravity/pulsar_spindown/sim,physics,budget,12,42,0.219566161394865,0.9121327110958899,7.0159882293421765,0.24583736980519721,1.0212698768542647,7.811948625348984,0.002017974853515625,1,n,True,2.68158560263124,-10.61381324562533,,0.066201688545944
gravity/pulsar_spindown/sim,nn,budget,12,42,4.2714736274046666e-05,0.0001774476902719279,0.0009657167028124812,0.1504408609683752,0.6249689364833662,4.735321149906238,6.515476226806641,2241,,False,,,,
gravity/pulsar_spindown/sim,physics,budget,20,11,0.23305004130423446,0.9681481182956635,7.347240412063844,0.24519057212912077,1.0185829176522538,7.907224595595433,0.003159046173095703,1,n,True,2.6902498821938745,-10.325003926870851,,0.05346534625437567
gravity/pulsar_spindown/sim,nn,budget,20,11,0.002846100411486108,0.011823412441552411,0.050399994868514986,0.10284231140582573,0.4272326651886233,3.0478615981209694,3.3893539905548096,2241,,False,,,,
gravity/pulsar_spindown/sim,physics,budget,20,23,0.24260008509951167,1.0078213870850425,8.049613489813103,0.24172753566659255,1.004196598662466,7.158685536725098,0.0014758110046386719,1,n,True,2.649751219127687,-11.674959362410437,,0.0556562765601652
gravity/pulsar_spindown/sim,nn,budget,20,23,0.0003680151957556931,0.0015288271020298281,0.010151547447274359,0.21018525893697346,0.8731620976958834,6.015780660758454,2.570652961730957,2241,,False,,,,
gravity/pulsar_spindown/sim,physics,budget,20,42,0.23475011244440294,0.9752106387145044,7.653256397115869,0.24373920142080696,1.0125535609855922,7.6375804371973635,0.0014410018920898438,1,n,True,2.680314098858507,-10.656196704716441,,0.05385536932262959
gravity/pulsar_spindown/sim,nn,budget,20,42,8.553037672856848e-05,0.000355314561728757,0.0024512066824705254,0.12794983138645047,0.5315355783667423,3.765898211607462,2.678929328918457,2241,,False,,,,
gravity/pulsar_spindown/sim,physics,budget,30,11,0.23189703707277654,0.9633582505452618,7.390525902651612,0.2511187293728416,1.0432099644802642,8.159887351953339,0.0014750957489013672,1,n,True,2.6965777920954257,-10.114073596819145,,0.04306219872148557
gravity/pulsar_spindown/sim,nn,budget,30,11,0.006642021579566892,0.0275926176968244,0.08471572307687306,0.07888307453330803,0.3277000070345455,2.480819828307,3.083111047744751,2241,,False,,,,
gravity/pulsar_spindown/sim,physics,budget,30,23,0.25352404893786434,1.0532022631202653,8.255248918490485,0.22965974490978106,0.9540639797287462,7.331247499454924,0.0016489028930664062,1,n,True,2.698568250350449,-10.047724988318363,,0.047078234003532164
gravity/pulsar_spindown/sim,nn,budget,30,23,0.0011996961248621656,0.004983837545412188,0.02164326085820352,0.07270677478080173,0.30204211420622823,2.212206495975786,2.5422170162200928,2241,,False,,,,
gravity/pulsar_spindown/sim,physics,budget,30,42,0.23477983884338705,0.9753341296054697,7.667935400232063,0.25212619812535614,1.0473952414771275,8.16620516274373,0.001461029052734375,1,n,True,2.7122290629608345,-9.592364567972183,,0.0435975215711765
gravity/pulsar_spindown/sim,nn,budget,30,42,0.004683434828182026,0.019456158817605908,0.0591180505177032,0.15164295272504505,0.6299627260820532,4.920630635582536,2.522876739501953,2241,,False,,,,
gravity/pulsar_spindown/sim,physics,budget,45,11,0.227740860730784,0.9460924552581794,7.124274330169804,0.2772312046473177,1.1516877131197654,8.695639101895429,0.0014240741729736328,1,n,True,2.6618206741001122,-11.272644196662924,,0.03433322656711795
gravity/pulsar_spindown/sim,nn,budget,45,11,0.006241300166660241,0.025927920794411516,0.08407548561207309,0.08517659410860175,0.35384486030373397,2.573472009967631,2.576188087463379,2241,,False,,,,
gravity/pulsar_spindown/sim,physics,budget,45,23,0.23666837378797898,0.9831795757710656,7.374117222531443,0.2524946242703226,1.0489257757648882,8.326094019719687,0.001463174819946289,1,n,True,2.676392001497478,-10.7869332834174,,0.035679099799923154
gravity/pulsar_spindown/sim,nn,budget,45,23,0.0021746553115503386,0.00903406168064419,0.029023282675131306,0.15100527400231226,0.6273136492913522,4.021379190471154,2.5212371349334717,2241,,False,,,,
gravity/pulsar_spindown/sim,physics,budget,45,42,0.22728419153886056,0.9441953372985772,7.131419509715044,0.28943531429224034,1.2023866347851833,10.430765605657228,0.0017859935760498047,1,n,True,2.7165522761578105,-9.448257461406318,,0.034264381096075915
gravity/pulsar_spindown/sim,nn,budget,45,42,0.0075983562914122985,0.03156547110870291,0.12265082767167233,0.10139432529867502,0.4212173690011141,2.805887091153919,2.4675588607788086,2241,,False,,,,
gravity/pulsar_spindown/sim,pinn_budget_w,budget,8,11,0.11736420775519493,0.48756025211392545,3.829586545640467,0.1554661349650176,0.6458451806433841,4.837449326932552,5.332809925079346,2242,n  + NN(x),True,2.65537168131538,-11.487610622820672,1.0,
gravity/pulsar_spindown/sim,pinn_budget_w,budget,8,23,0.11773451898336136,0.48909861750844197,3.833792526757354,0.148255540283662,0.615890568176983,4.051545492635277,7.147645950317383,2242,n  + NN(x),True,2.5788036554298293,-14.039878152339025,1.0,
gravity/pulsar_spindown/sim,pinn_budget_w,budget,8,42,0.07922097647134091,0.32910373613772087,2.206305179332271,0.21356486999407603,0.8872018467008351,6.589312826788682,5.215768098831177,2242,n  + NN(x),True,2.748000431802393,-8.399985606586895,1.0,
gravity/pulsar_spindown/sim,pinn_budget_w,budget,12,11,0.0022431416737420315,0.009318571146138105,0.07286644090131826,0.06464203857095367,0.2685391843529675,2.016566203794477,3.810781955718994,2242,n  + NN(x),True,2.608505674354096,-13.04981085486346,0.01,
gravity/pulsar_spindown/sim,pinn_budget_w,budget,12,23,0.002132464226044956,0.008858789366542498,0.06985543292776591,0.10706623130173204,0.4447798841299615,3.2130444084208523,3.3705179691314697,2242,n  + NN(x),True,2.5641337174543004,-14.528876084856654,0.01,
gravity/pulsar_spindown/sim,pinn_budget_w,budget,12,42,0.002173922390058401,0.009031016941585973,0.06946522999397646,0.13896893346297323,0.5773116824214362,4.04535731714955,3.296204090118408,2242,n  + NN(x),True,2.681585602653494,-10.613813244883536,0.01,
gravity/pulsar_spindown/sim,pinn_budget_w,budget,20,11,0.02120008881330665,0.08807046751607182,0.6697406567474652,0.11545358556203465,0.47962304999746114,3.5519109340472075,3.168292284011841,2242,n  + NN(x),True,2.6902473842570456,-10.325087191431814,0.1,
gravity/pulsar_spindown/sim,pinn_budget_w,budget,20,23,0.02372254983174572,0.09854940103098975,0.7758834094294953,0.2129701866078171,0.8847313832837672,6.1870038423289575,3.0960819721221924,2242,n  + NN(x),True,2.649883700942252,-11.67054330192494,0.1,
gravity/pulsar_spindown/sim,pinn_budget_w,budget,20,42,0.021340919322166498,0.08865551264795958,0.6957505813184288,0.12507128189507527,0.5195773643372595,3.9500875135696654,3.3690240383148193,2242,n  + NN(x),True,2.6803140988565826,-10.65619670478058,0.1,
gravity/pulsar_spindown/sim,pinn_budget_w,budget,30,11,0.02112225913684145,0.08774714358789033,0.6729306856546504,0.16321095029205562,0.6780190791909105,4.671279383046204,3.793354034423828,2242,n  + NN(x),True,2.696584727350219,-10.113842421659374,0.1,
gravity/pulsar_spindown/sim,pinn_budget_w,budget,30,23,0.02405264760586988,0.09992070968677622,0.7690482228867127,0.13258641901203708,0.5507971221961407,4.052939383883668,4.56640100479126,2242,n  + NN(x),True,2.698574770284956,-10.047507657168131,0.1,
gravity/pulsar_spindown/sim,pinn_budget_w,budget,30,42,0.02180392906586296,0.09057897084433512,0.6980170587204606,0.10329446438487173,0.42911102167118537,3.234709647139427,3.833940029144287,2242,n  + NN(x),True,2.7121961416802542,-9.593461943991526,0.1,
gravity/pulsar_spindown/sim,pinn_budget_w,budget,45,11,0.02201443811036312,0.09145347802818492,0.6705476602130783,0.0833204620091662,0.34613402365543317,2.5536322021827056,4.576836109161377,2242,n  + NN(x),True,2.6617913091704226,-11.27362302765258,0.1,
gravity/pulsar_spindown/sim,pinn_budget_w,budget,45,23,0.02357050597956237,0.0979177728683602,0.7199064408106044,0.12233396636768477,0.5082058714930896,3.650760547900389,4.088072061538696,2242,n  + NN(x),True,2.67640720030464,-10.786426656511994,0.1,
gravity/pulsar_spindown/sim,pinn_budget_w,budget,45,42,0.021559718903187315,0.08956446079258853,0.6480061348602781,0.12330073775956113,0.5122220814822794,3.563065624744228,5.178492784500122,2242,n  + NN(x),True,2.716568719782138,-9.4477093405954,0.1,
