track,arm,sweep,train_frac,seed,n_train,rmse_in,nrmse_in,mape_in,rmse_out,nrmse_out,mape_out,seconds,n_free,expression,interpretable,param_n,err_n_pct,sigma_n
gravity/pulsar_spindown,oracle,extrapolation,0.5,11,6,0.6801898056784654,0.02060302490771208,27.322444654693463,45.33670422720699,1.373253816256502,99.23591652458279,0.0,0,n,True,3.0,0.0,
gravity/pulsar_spindown,physics,extrapolation,0.5,11,6,0.3259102043948315,0.009871856359456218,12.511107904194981,45.44821264114811,1.3766314185237938,93.7020086857111,0.0018608570098876953,1,n,True,2.4029734424737907,-19.900885250873642,0.14575147431753882
gravity/pulsar_spindown,pinn,extrapolation,0.5,11,6,0.32590987848495295,0.009871846487609729,12.511095392974743,45.4498865917598,1.3766821226741046,93.64844449878534,1.9802608489990234,2242,n  + NN(x),True,2.402973442449812,-19.90088525167293,
gravity/pulsar_spindown,sr,extrapolation,0.5,11,6,0.24868362430358906,0.007532654654470032,8.619556368571198,45.36996489188899,1.3742612854910736,97.72197110494224,4.0514349937438965,7,log_age - 0.74981797,True,,,
gravity/pulsar_spindown,nn,extrapolation,0.5,11,6,1.2776281018678787e-05,3.869949738414639e-07,0.00037947349588124884,45.572653411189926,1.38040074329653,89.34690289199452,1.6618292331695557,2241,,False,,,
gravity/pulsar_spindown,oracle,extrapolation,0.5,23,6,0.6801898056784654,0.02060302490771208,27.322444654693463,45.33670422720699,1.373253816256502,99.23591652458279,0.0,0,n,True,3.0,0.0,
gravity/pulsar_spindown,physics,extrapolation,0.5,23,6,0.3259102043948315,0.009871856359456218,12.511107904194981,45.44821264114811,1.3766314185237938,93.7020086857111,0.0019981861114501953,1,n,True,2.4029734424737907,-19.900885250873642,0.14575147431753882
gravity/pulsar_spindown,pinn,extrapolation,0.5,23,6,0.32590987848495295,0.009871846487609729,12.511095392974743,45.447843911216324,1.3766202496531266,93.74132500098906,1.975559949874878,2242,n  + NN(x),True,2.402973442449812,-19.90088525167293,
gravity/pulsar_spindown,sr,extrapolation,0.5,23,6,0.2486836243025862,0.007532654654439654,8.619564934725105,45.36996480672883,1.374261282911563,97.7219754614263,3.906409978866577,9,log_age - 0.7498175,True,,,
gravity/pulsar_spindown,nn,extrapolation,0.5,23,6,1.1971291228183478e-05,3.626117435055055e-07,0.0004256437169600965,45.37339984818165,1.3743653306994312,98.07901725238375,1.5252139568328857,2241,,False,,,
gravity/pulsar_spindown,oracle,extrapolation,0.5,42,6,0.6801898056784654,0.02060302490771208,27.322444654693463,45.33670422720699,1.373253816256502,99.23591652458279,0.0,0,n,True,3.0,0.0,
gravity/pulsar_spindown,physics,extrapolation,0.5,42,6,0.3259102043948315,0.009871856359456218,12.511107904194981,45.44821264114811,1.3766314185237938,93.7020086857111,0.0011899471282958984,1,n,True,2.4029734424737907,-19.900885250873642,0.14575147431753882
gravity/pulsar_spindown,pinn,extrapolation,0.5,42,6,0.32590987848495295,0.009871846487609729,12.511095392974743,45.44912737708803,1.376659125977209,93.67348375009766,1.979172706604004,2242,n  + NN(x),True,2.402973442449812,-19.90088525167293,
gravity/pulsar_spindown,sr,extrapolation,0.5,42,6,0.24868362431131283,0.007532654654703985,8.619608676787545,45.369964371868484,1.3742612697395946,97.72199770730238,4.763931751251221,11,log_age - 0.7498151,True,,,
gravity/pulsar_spindown,nn,extrapolation,0.5,42,6,1.2403713708061295e-05,3.757098685423703e-07,0.00043565500918709956,45.45887800976052,1.3769544737259403,94.28927768295438,1.5186328887939453,2241,,False,,,
