sid,name,lon,lat,elev_m,temp_c,n_days,split
066010-99999,BASEL-BINNINGEN,7.583,47.55,317.0,5.658620689655172,29,train
066020-99999,DELEMONT,7.35,47.35,439.4,4.803225806451613,31,train
066040-99999,NEUCHATEL (AUT),6.95,47.0,487.0,4.2,31,train
066045-99999,LES EPLATURES,6.793,47.084,1026.6,0.967741935483871,31,train
066050-99999,CHASSERAL,7.067,47.133,1631.0,-0.974074074074074,27,test
066060-99999,CRESSIER,7.067,47.05,431.0,4.335483870967742,31,train
066080-99999,CHAUMONT,6.983,47.05,1136.1,-0.5032258064516129,31,train
066090-99999,LE MOLESON,7.017,46.55,1973.0,-2.648387096774194,31,test
066099-99999,DUBENDORF,8.648,47.399,448.1,4.258064516129032,31,train
066100-99999,PAYERNE,6.95,46.817,490.5,4.364516129032258,31,train
066130-99999,FRUTIGEN,7.65,46.6,756.0,2.1419354838709674,31,train
066140-99999,MEIRINGEN,8.11,46.743,579.1,1.2333333333333334,30,train
066160-99999,FAHY-BONCOURT,6.95,47.433,597.0,3.64516129032258,31,train
066170-99999,LA BREVINE,6.617,46.983,1050.0,0.48709677419354847,31,train
066180-99999,MATHOD,6.567,46.733,437.4,4.580645161290324,31,train
066190-99999,BULLET-LA FRETAZ,6.583,46.833,1210.0,-0.4354838709677418,31,train
066200-99999,SCHAFFHAUSEN,8.617,47.683,437.0,4.319354838709678,31,train
066210-99999,GUETTINGEN,9.283,47.6,440.0,4.296774193548386,31,train
066230-99999,SALEN-REUTENEN,9.017,47.65,719.7,2.3129032258064517,31,train
066240-99999,HALLAU,8.467,47.683,420.0,4.274193548387097,31,train
066250-99999,FRIBOURG-POSIEUX,7.117,46.767,633.0,3.267741935483871,31,train
066260-99999,GOESGEN,7.983,47.367,380.0,4.564516129032258,31,train
066270-99999,CHATEAU-D'OEX,7.133,46.483,1030.0,0.2580645161290324,31,train
066280-99999,PLAFFEIEN,7.267,46.75,1041.0,0.529032258064516,31,train
066303-99999,BERN BELP,7.497,46.914,510.2,3.7419354838709675,31,train
066304-99999,SAMEDAN,9.884,46.534,1706.9,-3.774193548387097,31,test
066310-99999,BERN-ZOLLIKOFEN,7.467,46.983,567.0,3.3677419354838714,31,train
066320-99999,GRENCHEN,7.417,47.183,429.0,4.0354838709677425,31,train
066330-99999,BUCHS-AARAU,8.083,47.383,389.0,4.483870967741937,31,train
066350-99999,KOPPIGEN,7.617,47.133,482.0,3.5870967741935487,31,train
066360-99999,MUEHLEBERG,7.283,46.983,483.0,3.7580645161290325,31,train
066370-99999,MEIRINGEN,8.167,46.717,590.6,2.161290322580645,31,train
066380-99999,LANGNAU IE,7.8,46.933,706.0,2.251612903225806,31,train
066390-99999,NAPF,7.933,47.0,1406.0,-2.0580645161290323,31,train
066400-99999,MARSENS,7.067,46.65,718.0,2.4580645161290318,31,train
066410-99999,MOEHLIN,7.883,47.583,340.0,4.983870967741934,31,train
066430-99999,WYNAU,7.783,47.25,416.0,4.006451612903226,31,train
066440-99999,MOSEN,8.233,47.25,453.5,4.335483870967742,31,train
066450-99999,RUENENBERG,7.883,47.433,610.0,3.7483870967741937,31,train
066460-99999,BEZNAU,8.233,47.567,327.0,5.041935483870966,31,train
066470-99999,WUERENLINGEN,8.233,47.533,337.0,5.070967741935484,31,train
066480-99999,EGOLZWIL,8.0,47.183,522.0,2.970967741935484,31,train
066500-99999,LUZERN,8.3,47.033,456.0,4.135483870967741,31,train
066510-99999,SCHUEPFHEIM,8.017,46.95,743.7,2.3032258064516133,31,train
066520-99999,FLUEHLI,8.017,46.883,939.8,1.293548387096774,31,train
066550-99999,ENGELBERG,8.417,46.817,1018.0,0.34193548387096795,31,train
066570-99999,GISWIL,8.2,46.85,475.0,3.641935483870968,31,train
066580-99999,ALPNACH,8.284,46.944,445.0,3.8,30,train
066590-99999,PILATUS,8.25,46.983,2110.0,-3.783870967741936,31,test
066600-99999,ZUERICH-FLUNTERN,8.567,47.383,557.6,3.6774193548387095,31,train
066640-99999,ZUERICH-AFFOLTERN,8.517,47.433,441.0,4.493548387096774,31,train
066660-99999,LEIBSTADT,8.183,47.6,341.0,4.790322580645161,31,train
066690-99999,LAEGEREN,8.4,47.483,843.0,0.15483870967741944,31,train
066700-99999,ZURICH,8.549,47.465,431.6,4.66774193548387,31,train
066720-99999,ALTDORF,8.633,46.867,451.0,5.212903225806451,31,train
066730-99999,WAEDENSWIL,8.683,47.217,486.5,3.9516129032258074,31,train
066740-99999,CHAM,8.467,47.183,443.4,4.058064516129032,31,train
066750-99999,EINSIEDELN,8.75,47.133,910.0,0.9612903225806448,31,train
066780-99999,BISCHOFSZELL,9.233,47.5,470.0,3.964516129032259,31,train
066790-99999,AADORF-TAENIKON,8.9,47.483,539.5,4.006451612903226,31,train
066800-99999,SAENTIS,9.35,47.25,2500.0,-6.819354838709676,31,test
066810-99999,ST. GALLEN,9.4,47.433,777.8,2.306451612903227,31,train
066811-99999,ST GALLEN ALTENRHEIN,9.561,47.485,398.1,4.483870967741935,31,train
066820-99999,ELM,9.183,46.917,965.0,0.3322580645161287,31,train
066850-99999,GLARUS,9.067,47.033,517.5,3.074193548387097,31,train
066860-99999,BAD RAGAZ,9.5,47.017,497.5,4.822580645161291,31,train
066880-99999,CRAP MASEGN,9.183,46.85,2480.0,-6.4870967741935495,31,test
066890-99999,HOERNLI,8.95,47.367,1124.0,-0.7419354838709677,31,train
066930-99999,EBNAT-KAPPEL,9.1,47.267,623.0,2.841935483870968,31,train
066950-99999,ANDERMATT,8.583,46.633,1438.1,-1.435483870967742,31,train
067000-99999,GENEVA COINTRIN,6.109,46.238,430.1,5.15483870967742,31,train
067020-99999,LA DOLE,6.1,46.433,1670.2,-2.8451612903225807,31,test
067030-99999,LES CHARBONNIERES,6.317,46.667,1045.1,0.3354838709677421,31,train
067040-99999,BIERE,6.333,46.517,684.0,2.7709677419354835,31,train
067050-99999,NYON-CHANGINS,6.233,46.4,432.0,4.354838709677419,31,train
067070-99999,VILLARS-TIERCELIN,6.717,46.617,859.0,1.2096774193548387,31,train
067080-99999,ORON,6.867,46.567,828.8,1.3806451612903232,31,train
067090-99999,BOUVERET,6.867,46.4,375.0,4.4,31,train
067110-99999,PULLY,6.667,46.517,462.0,4.477419354838709,31,train
067120-99999,AIGLE,6.917,46.333,383.0,4.525806451612903,31,train
067140-99999,LES DIABLERETS,7.2,46.333,2964.3,-8.312903225806451,31,test
067150-99999,EVIONNAZ,7.033,46.183,480.0,3.658064516129032,31,train
067160-99999,MOTTEC,7.617,46.15,1580.0,-0.7677419354838709,31,test
067170-99999,COL DU GRAND ST BERNARD,7.167,45.867,2479.0,-6.706451612903227,31,test
067200-99999,SION,7.327,46.22,481.9,2.6967741935483875,31,train
067210-99999,BINN,8.183,46.367,1448.0,-0.7483870967741938,31,train
067220-99999,EVOLENE-VILLAZ,7.517,46.117,1828.0,-1.4774193548387098,31,test
067230-99999,VERBIER-LES ATTLELAS,7.267,46.1,2733.0,-6.367741935483872,31,test
067240-99999,MONTANA,7.467,46.3,1508.0,-0.5516129032258065,31,train
067250-99999,BLATTEN-LOETSCHENTAL,7.817,46.417,1538.2,-2.8096774193548386,31,train
067270-99999,VISP,7.85,46.3,642.0,1.3387096774193548,31,train
067280-99999,GRAECHEN,7.833,46.2,1605.2,-1.4387096774193546,31,test
067300-99999,JUNGFRAUJOCH,7.983,46.55,3576.0,-12.864516129032259,31,test
067330-99999,BOLTIGEN,7.383,46.633,820.0,1.3483870967741935,31,train
067340-99999,INTERLAKEN,7.867,46.667,578.6,2.9354838709677424,31,train
067350-99999,ADELBODEN,7.567,46.5,1328.1,0.2677419354838709,31,train
067390-99999,EGGISHORN,8.083,46.433,2893.0,-7.919354838709676,31,test
067400-99999,TITLIS,8.433,46.767,3094.3,-9.780645161290321,31,test
067440-99999,GRIMSEL-HOSPIZ,8.333,46.567,1965.0,-4.312903225806451,31,test
067450-99999,ULRICHEN,8.317,46.5,1347.1,-2.319354838709677,31,train
067480-99999,ZERMATT,7.75,46.033,1624.0,-0.007142857142857165,28,test
067490-99999,GORNERGRAT,7.783,45.983,3129.3,-8.316129032258065,31,test
067500-99999,GUETSCH OB ANDERMATT,8.617,46.65,2284.2,-5.009677419354839,31,test
067510-99999,ROBIEI,8.517,46.45,1891.0,-1.693548387096774,31,test
067520-99999,CEVIO,8.6,46.317,422.4,6.387096774193548,31,train
067530-99999,PIOTTA,8.683,46.517,1016.0,2.609677419354839,31,train
067540-99999,MATRO,8.933,46.417,2171.0,-3.674193548387097,31,test
067560-99999,ACQUAROSSA-COMPROVASCO,8.933,46.467,552.0,6.467741935483873,31,train
067580-99999,GRONO,9.167,46.25,324.3,5.022580645161291,31,train
067590-99999,CIMETTA,8.8,46.2,1648.0,0.3129032258064516,31,test
067600-99999,LOCARNO-MONTI,8.783,46.167,380.0,6.916129032258065,31,train
067620-99999,MAGADINO-CADENAZZO,8.933,46.167,204.2,7.061290322580644,31,train
067700-99999,LUGANO,8.911,46.004,278.9,6.8903225806451625,31,train
067710-99999,STABIO,8.933,45.85,352.4,7.538709677419355,31,train
067770-99999,MONTE GENEROSO,9.017,45.933,1601.2,-0.4032258064516129,31,test
067780-99999,BUFFALORA,10.267,46.65,1970.0,-2.254838709677419,31,test
067790-99999,SEGL-MARIA,9.767,46.433,1804.2,-2.3806451612903228,31,test
067800-99999,WEISSFLUHJOCH,9.817,46.833,2667.0,-7.519354838709677,31,test
067820-99999,DISENTIS-SEDRUN,8.85,46.7,1180.0,1.4870967741935481,31,train
067830-99999,S BERNARDINO,9.183,46.467,1638.0,-0.3387096774193549,31,test
067840-99999,DAVOS,9.85,46.817,1592.0,-0.7709677419354838,31,test
067850-99999,AROSA,9.683,46.8,1878.2,-1.8299999999999998,30,test
067860-99999,CHUR,9.533,46.867,556.0,4.851612903225805,31,train
067870-99999,ANDEER,9.433,46.617,989.0,2.319354838709678,31,train
067880-99999,VICOSOPRANO,9.633,46.35,1075.0,1.993548387096774,31,train
067890-99999,ILANZ,9.217,46.783,698.0,2.4516129032258065,31,train
067900-99999,SCHIERS,9.667,46.983,626.0,1.1838709677419355,31,train
067910-99999,PIZ CORVATSCH,9.817,46.417,3299.0,-11.045161290322582,31,test
067930-99999,VALBELLA,9.55,46.75,1560.0,-1.6741935483870967,31,test
067940-99999,POSCHIAVO-ROBBIA,10.067,46.35,1079.1,4.070967741935483,31,train
067950-99999,PIZ MARTEGNAS,9.533,46.583,2670.0,-7.441935483870967,31,test
067960-99999,STA MARIA VAL MUESTAIR,10.433,46.6,1390.0,-0.31935483870967746,31,train
067970-99999,PASSO DEL BERNINA,10.017,46.417,2260.2,-5.093548387096775,31,test
067980-99999,SCUOL,10.283,46.8,1295.0,-0.07096774193548386,31,train
067990-99999,NALUNS,10.267,46.817,2400.0,-5.229032258064516,31,test
068065-99999,BUOCHS AIRPORT / STANS,8.4,46.967,450.0,3.903225806451613,31,train
069900-99999,VADUZ,9.517,47.133,463.0,5.187096774193549,31,train
071970-99999,MEYENHEIM,7.4,47.917,211.2,6.84516129032258,31,train
072880-99999,BESANCON/THISE(AUT),5.983,47.25,309.0,6.016129032258063,31,train
072920-99999,LUXEUIL SAINT SAUVEUR,6.364,47.783,278.3,6.0451612903225795,31,train
072960-99999,DORANS,6.833,47.592,401.0,5.070967741935483,31,train
072990-99999,BALE MULHOUSE,7.53,47.59,269.7,6.093548387096774,31,train
074900-99999,ANNECY MEYTHET,6.099,45.929,463.6,4.948387096774194,31,train
074910-99999,CHAMBERY AIX LES BAINS,5.88,45.638,237.4,6.161290322580644,31,train
074970-99999,BOURG ST-MAURICE,6.767,45.617,868.0,4.129032258064516,31,train
109350-99999,FRIEDRICHSHAFEN,9.511,47.671,416.7,4.548387096774194,31,train
109470-99999,ALLGAU / MEMMINGEN,10.24,47.989,629.1,3.032258064516129,31,train
111010-99999,BREGENZ,9.75,47.5,441.9,4.896774193548386,31,train
111050-99999,FELDKIRCH,9.617,47.267,439.0,4.906451612903225,31,train
111100-99999,GALZIG,10.233,47.133,2080.0,-4.496774193548388,31,test
111120-99999,LANDECK,10.564,47.14,806.5,3.2193548387096778,31,train
111190-99999,SEEFELD,11.183,47.317,1183.7,0.8774193548387096,31,train
111200-99999,INNSBRUCK,11.344,47.26,580.9,3.3838709677419354,31,train
111260-99999,PATSCHERKOFEL,11.467,47.217,2254.0,-5.367741935483872,31,test
111270-99999,OBERGURGL,11.033,46.867,1937.0,-2.3903225806451616,31,test
111300-99999,KUFSTEIN,12.167,47.583,493.0,3.467741935483871,31,train
111360-99999,KRIMML,12.183,47.233,1010.7,0.09354838709677443,31,train
111380-99999,ALPINZENTRUM RUDOLFSHUETTE,12.633,47.133,2310.0,-5.470967741935484,31,test
111400-99999,LOFER,12.7,47.583,629.0,2.8774193548387097,31,train
111410-99999,BISCHOFSHOFEN,13.217,47.4,548.0,2.2225806451612895,31,train
111420-99999,ST. JOHANN/PONGAU,13.183,47.317,647.0,0.8758620689655172,29,train
111500-99999,SALZBURG,13.004,47.793,430.1,4.709677419354839,31,train
111520-99999,MATTSEE,13.1,47.983,503.0,4.613333333333334,30,train
111530-99999,MONDSEE,13.367,47.85,491.0,4.135483870967741,31,train
112010-99999,SILLIAN,12.417,46.75,1081.0,0.9161290322580642,31,train
112040-99999,LIENZ,12.817,46.833,666.0,2.135483870967742,31,train
112520-99999,VIRGEN,12.45,47.0,1190.0,1.6483870967741934,31,train
112550-99999,KOETSCHACH-MAUTHEN,13.0,46.683,711.0,2.525806451612902,31,train
112700-99999,DELLACH IM DRAUTAL,13.083,46.733,625.0,0.8967741935483872,31,train
112720-99999,SPITTAL/DRAU,13.483,46.783,542.0,2.2433333333333327,30,train
113010-99999,ALBERSCHWENDE,9.85,47.45,719.0,2.5233333333333325,30,train
113020-99999,DORNBIRN,9.733,47.433,410.0,4.712903225806452,31,train
113040-99999,BRAND,9.733,47.1,1029.0,1.9870967741935486,31,train
113080-99999,WARTH,10.183,47.25,1471.0,-0.2548387096774193,31,train
113100-99999,ISCHGL/IDALPE,10.317,46.983,2319.0,-3.87741935483871,31,test
113120-99999,GALTUER,10.183,46.967,1584.0,-1.6129032258064517,31,test
113160-99999,PITZTALER GLETSCHER,10.883,46.933,2843.0,-7.096774193548386,31,test
113180-99999,BRUNNENKOGEL/OETZTALER ALPEN,10.867,46.917,3429.5,-11.341935483870964,31,test
113300-99999,MAYRHOFEN,11.85,47.167,633.0,1.8225806451612905,31,train
113370-99999,LOFERER ALM,12.65,47.6,1626.0,-1.296774193548387,31,test
113400-99999,SCHMITTENHOEHE,12.733,47.333,1954.4,-2.535483870967742,31,test
113430-99999,SONNBLICK - AUTOM.,12.95,47.05,3113.8,-10.251612903225805,31,test
113450-99999,ST VEIT IM PONGAU,13.15,47.333,749.2,1.6419354838709679,31,train
113460-99999,RAURIS,13.0,47.217,935.0,1.0225806451612907,31,train
113500-99999,SALZBURG/FREISAAL,13.05,47.783,423.0,5.225806451612903,31,train
113570-99999,ST. WOLFGANG,13.45,47.733,537.0,3.516129032258064,31,train
113660-99999,SAALBACH,12.65,47.383,980.6,-0.9774193548387097,31,train
160080-99999,S. VALENTINO ALLA MUTA,10.533,46.75,1461.0,1.1387096774193548,31,train
160083-99999,RESIA PASS,10.5,46.833,1800.0,1.096774193548387,31,test
160200-99999,BOLZANO,11.326,46.46,240.5,6.551612903225806,31,train
160210-99999,ROLLE PASS,11.783,46.3,2006.0,-2.583870967741935,31,test
160220-99999,PAGANELLA MOUNTAIN,11.033,46.15,2129.0,-3.8354838709677415,31,test
160330-99999,DOBBIACO,12.217,46.733,1226.0,0.6870967741935485,31,train
160360-99999,AVIANO AB,12.596,46.032,117.0,8.68,25,train
160450-99999,RIVOLTO / UDINE,13.049,45.979,54.6,8.64516129032258,31,train
160520-99999,PIAN ROSA (MTN TOP),7.7,45.933,3488.0,-11.762962962962959,27,test
160660-99999,MALPENSA,8.728,45.631,233.8,8.09032258064516,31,train
160760-99999,BERGAMO ORIO AL SERIO,9.704,45.674,238.4,7.741935483870969,31,train
160980-99999,TREVISO ISTRANA,12.083,45.685,41.8,7.993548387096773,31,train
160990-99999,TREVISO,12.194,45.648,18.0,8.85483870967742,31,train
161050-99999,VENEZIA TESSERA,12.352,45.505,2.1,8.490322580645161,31,train
161080-99999,RONCHI DEI LEGIONARI / TRIESTE,13.472,45.828,11.3,9.706451612903225,31,train
