track,arm,sweep,w_phys,seed,n_train,rmse_in,nrmse_in,mape_in,rmse_out,nrmse_out,mape_out,seconds,n_free,expression,interpretable,param_GM,err_GM_pct,param_Mc,err_Mc_pct,param_R,err_R_pct,param_T,err_T_pct
gravity/kepler,pinn,w_phys,0.0,3,5,5.417226251718405,0.00026698303093045084,1.2210578608734906,131.42906473061882,0.0064773610005681975,15.151848696466615,2.0579051971435547,2210,P = 2*pi*sqrt(a**3/(G*M))  + NN(x),True,1.0433181237006423e+20,-21.385054516431516,,,,,,
gravity/kepler,pinn,w_phys,0.0,7,5,8.117988410638473,0.0004000876186854888,3.4171251401084555,69.28652261197105,0.0034147227658633183,2.2266402520462294,2.069383144378662,2210,P = 2*pi*sqrt(a**3/(G*M))  + NN(x),True,1.0382762062474196e+20,-21.764967466004205,,,,,,
gravity/kepler,pinn,w_phys,0.0,19,5,0.5709444969862622,2.813847626358612e-05,0.22509822536990248,3721.92288764663,0.18343155837696523,6.068231992144116,2.053199052810669,2210,P = 2*pi*sqrt(a**3/(G*M))  + NN(x),True,1.037552219428297e+20,-21.819520514612492,,,,,,
gravity/kepler,pinn,w_phys,0.001,3,5,1.8458402618760406,9.097054559476784e-05,0.3772563357707175,41.536098543650006,0.002047068548907639,4.61225477910853,2.0586838722229004,2210,P = 2*pi*sqrt(a**3/(G*M))  + NN(x),True,1.2601634518761256e+20,-5.045566813087939,,,,,,
gravity/kepler,pinn,w_phys,0.001,7,5,1.0592477305698063,5.2204053601051044e-05,0.3659548302472536,4.222846964265807,0.00020811914239644424,0.23845903108896796,2.0309512615203857,2210,P = 2*pi*sqrt(a**3/(G*M))  + NN(x),True,1.2775286055665613e+20,-3.737087088950512,,,,,,
gravity/kepler,pinn,w_phys,0.001,19,5,0.11159898716290853,5.500053801901015e-06,0.03269251518371208,354.56493346252074,0.017474407787093867,0.5203481538408443,2.032058000564575,2210,P = 2*pi*sqrt(a**3/(G*M))  + NN(x),True,1.2815283647820168e+20,-3.4357016864281156,,,,,,
gravity/kepler,pinn,w_phys,0.01,3,5,0.7532333925409166,3.71224174133042e-05,0.16966264159199174,19.23036211577894,0.0009477507722576955,2.0305611394981473,2.480510950088501,2210,P = 2*pi*sqrt(a**3/(G*M))  + NN(x),True,1.3272032865672467e+20,0.005944159208887645,,,,,,
gravity/kepler,pinn,w_phys,0.01,7,5,0.3127406366746552,1.541313565185363e-05,0.13141740486748107,6.62436172392293,0.00032647559633891847,0.10667555717126878,2.5243122577667236,2210,P = 2*pi*sqrt(a**3/(G*M))  + NN(x),True,1.3271895101186415e+20,0.004906091594174478,,,,,,
gravity/kepler,pinn,w_phys,0.01,19,5,0.013499737662627683,6.65322198198941e-07,0.004833021031348329,145.72795118974403,0.007182068514782996,0.27897609990552086,2.5212371349334717,2210,P = 2*pi*sqrt(a**3/(G*M))  + NN(x),True,1.3276248993096258e+20,0.037713053091173766,,,,,,
gravity/kepler,pinn,w_phys,0.1,3,5,0.7122622720802149,3.5103193291412504e-05,0.1591995609957001,17.88349309866841,0.0008813715671542681,1.8958487075801358,2.5254759788513184,2210,P = 2*pi*sqrt(a**3/(G*M))  + NN(x),True,1.327196267525734e+20,0.005415268208789931,,,,,,
gravity/kepler,pinn,w_phys,0.1,7,5,0.288451394324633,1.421606260371278e-05,0.12075228345867367,5.956244307136801,0.00029354804178193444,0.09716980475272878,2.521054983139038,2210,P = 2*pi*sqrt(a**3/(G*M))  + NN(x),True,1.327194900606098e+20,0.005312269602487049,,,,,,
gravity/kepler,pinn,w_phys,0.1,19,5,0.0560226307063933,2.76102400964805e-06,0.005374610144364592,115.93003143708935,0.005713505349553834,0.2280112933613172,2.5120790004730225,2210,P = 2*pi*sqrt(a**3/(G*M))  + NN(x),True,1.3276253726231739e+20,0.03774871768659361,,,,,,
gravity/kepler,pinn,w_phys,1.0,3,5,0.7254968180755674,3.5755445761337834e-05,0.12896970628940735,14.233083040395753,0.0007014644530315223,1.4924008383848901,2.4315028190612793,2210,P = 2*pi*sqrt(a**3/(G*M))  + NN(x),True,1.327195597899e+20,0.00536481124078243,,,,,,
gravity/kepler,pinn,w_phys,1.0,7,5,0.463294302174199,2.2833035073630052e-05,0.09668099927451944,3.7145818341255206,0.0001830697612822497,0.06966133576774981,2.0539731979370117,2210,P = 2*pi*sqrt(a**3/(G*M))  + NN(x),True,1.3271954139731463e+20,0.005350952264661463,,,,,,
gravity/kepler,pinn,w_phys,1.0,19,5,0.3015373069598399,1.4860989814705742e-05,0.010223230887390104,38.97996528243319,0.0019210918638235845,0.07963294616188248,2.021327018737793,2210,P = 2*pi*sqrt(a**3/(G*M))  + NN(x),True,1.3276254424328022e+20,0.037753977903968367,,,,,,
gravity/kepler,pinn,w_phys,10.0,3,5,0.919607246354304,4.5322000316932736e-05,0.10162204768415821,11.145232444650492,0.0005492825664339378,1.1256905450735883,2.049224853515625,2210,P = 2*pi*sqrt(a**3/(G*M))  + NN(x),True,1.3271955372837146e+20,0.0053602438252888214,,,,,,
gravity/kepler,pinn,w_phys,10.0,7,5,0.792032119814804,3.903457712798117e-05,0.023767436985950963,0.13134009613848235,6.472976265044427e-06,0.007537633061994134,2.051433801651001,2210,P = 2*pi*sqrt(a**3/(G*M))  + NN(x),True,1.3271954885854193e+20,0.005356574365572126,,,,,,
gravity/kepler,pinn,w_phys,10.0,19,5,0.5479358051516665,2.7004513973974076e-05,0.016534430780547973,4.251754061554408,0.00020954380219297087,0.020042446976547452,2.050881862640381,2210,P = 2*pi*sqrt(a**3/(G*M))  + NN(x),True,1.3276254377309697e+20,0.037753623616723096,,,,,,
gravity/kepler,pinn,w_phys,1000.0,3,5,0.9901604818077607,4.879915186424691e-05,0.10223270431770484,11.020834349991512,0.0005431517203494694,1.1244950634549542,2.0348429679870605,2210,P = 2*pi*sqrt(a**3/(G*M))  + NN(x),True,1.3271955338584723e+20,0.0053599857302439,,,,,,
gravity/kepler,pinn,w_phys,1000.0,7,5,0.868725595460589,4.2814344785646784e-05,0.036034393701632965,0.32383102848229905,1.5959715447754118e-05,0.01498852854052271,2.096942663192749,2210,P = 2*pi*sqrt(a**3/(G*M))  + NN(x),True,1.3271954840146179e+20,0.005356229951631873,,,,,,
gravity/kepler,pinn,w_phys,1000.0,19,5,0.6019045845204833,2.9664315802803524e-05,0.016469955238286697,11.92834806780902,0.0005878777021961797,0.0293640013602509,2.056735038757324,2210,P = 2*pi*sqrt(a**3/(G*M))  + NN(x),True,1.3276254348694266e+20,0.03775340799691414,,,,,,
