x,y,truth_db,reading_db
1.7916666666666734,3.6250000000000098,-36.28107407116892,-36.84198982786022
13.416666666666694,14.62500000000003,-44.297168783505086,-44.37829269847128
3.291666666666676,4.9583333333333455,-35.07651967043803,-34.86080136109671
12.541666666666693,1.5833333333333397,-49.95201442619626,-50.571386189220696
17.833333333333368,16.2916666666667,-57.15094949934957,-55.53814471802502
21.125000000000043,2.166666666666674,-59.96236432566879,-60.170345167425445
5.250000000000012,3.7083333333333437,-35.45314175318514,-36.204019754761816
10.41666666666669,4.6666666666666785,-48.111761556196186,-50.58548343554855
22.250000000000043,13.500000000000028,-58.63421634520206,-60.189014635009
3.5000000000000098,13.041666666666693,-34.880507968581,-34.42128313559509
10.66666666666669,2.625000000000008,-49.47543028608791,-49.23707884730812
22.875000000000043,1.541666666666673,-60.0391835993529,-64.11659573424535
11.625000000000025,5.083333333333346,-48.111912961951504,-46.263306099821996
22.45833333333338,1.0000000000000053,-60.69048093145312,-62.09569799872163
8.583333333333352,1.3333333333333393,-37.82788322882845,-39.63173113444275
20.666666666666707,1.70833333333334,-62.15160782505982,-59.922186353023115
22.33333333333338,4.083333333333345,-61.75212127606177,-59.42541916308301
13.916666666666694,12.625000000000027,-45.08658075179532,-46.50939955324897
8.208333333333352,11.500000000000025,-33.95643530536767,-34.66767105086139
6.958333333333349,11.500000000000025,-32.967293460317485,-35.415398379186016
22.45833333333338,7.625000000000017,-59.317028634479456,-57.68857484814739
13.83333333333336,1.9583333333333404,-48.97912816137125,-47.16977292807311
3.2500000000000093,1.5000000000000062,-37.095057727475,-37.97268327666134
5.41666666666668,7.416666666666684,-30.679646336779815,-27.896277382318914
1.2916666666666725,7.20833333333335,-36.10821365401007,-34.27104755838599
3.7083333333333437,6.291666666666681,-33.30225240575381,-33.549672845531624
4.3750000000000115,15.00000000000003,-36.279063310898785,-34.835893702423355
19.33333333333337,15.37500000000003,-56.32741907726867,-59.636763585771504
20.791666666666707,5.750000000000014,-60.92257772665937,-61.448167785400344
12.333333333333359,2.166666666666674,-49.60624925760864,-49.102936089593875
12.583333333333359,12.416666666666693,-45.18894858304702,-45.20979497111963
20.166666666666707,5.583333333333346,-60.10308757966706,-56.0031897863345
7.58333333333335,6.500000000000015,-33.62517312387891,-33.004107309480055
21.166666666666707,5.958333333333347,-61.63113037400829,-60.898208412948065
3.333333333333343,11.666666666666691,-33.697467248847644,-36.353452274960965
22.125000000000043,2.791666666666675,-61.3191385115422,-61.69411358131344
20.916666666666707,2.625000000000008,-59.80801474573831,-61.375058652046114
10.208333333333355,12.95833333333336,-39.928280629925965,-35.230748534285986
14.250000000000028,4.5000000000000115,-54.24033188830386,-55.07158970260655
5.41666666666668,7.500000000000017,-30.48221904017252,-30.244103735259923
5.41666666666668,10.66666666666669,-30.42788404528332,-27.99626782699084
21.000000000000043,10.833333333333357,-63.38493283859065,-62.07160163820852
19.041666666666703,6.666666666666682,-57.95111868742677,-60.77373979748372
1.541666666666673,11.916666666666691,-35.79883590754004,-34.52179433932977
21.625000000000043,8.000000000000018,-60.14430404213445,-58.72367888252394
10.041666666666687,5.375000000000013,-47.09050880285524,-47.45380366898373
20.20833333333337,12.95833333333336,-58.043183374287146,-57.114592637369704
14.208333333333362,15.083333333333364,-44.79478283452568,-44.58532075274599
14.291666666666696,13.08333333333336,-45.59306683609166,-48.363823503479594
15.208333333333364,13.000000000000027,-45.76898587822181,-46.89598329091784
21.625000000000043,3.5416666666666767,-62.157878853152184,-62.11644649723088
8.500000000000018,8.166666666666686,-33.99686317961709,-35.169745426398414
19.000000000000036,12.416666666666693,-57.95099841134206,-56.87290731434798
7.541666666666684,13.70833333333336,-35.562040555406334,-33.558102185262065
4.083333333333345,8.125000000000018,-30.375044854156307,-29.828205000214552
6.416666666666682,6.041666666666681,-33.45302974266929,-34.19838602627812
19.70833333333337,5.708333333333347,-59.75516644328599,-57.02948313015696
6.000000000000014,4.875000000000012,-34.537549991674254,-34.26249652653956
21.833333333333375,14.583333333333362,-59.875722064231084,-59.168673971715506
10.54166666666669,2.500000000000008,-49.79438299008212,-51.32127319074955
11.208333333333357,10.250000000000021,-44.45765605516688,-44.892952203600565
11.708333333333357,1.9583333333333404,-49.5190866501995,-47.522880413031444
19.08333333333337,16.833333333333368,-57.642521505740035,-56.15506482333286
17.875000000000036,8.791666666666686,-60.08474093826528,-60.45887898918885
7.000000000000016,8.833333333333353,-30.735229171580748,-30.718740862844154
19.37500000000004,12.791666666666693,-57.75507296826721,-57.35712347563079
3.5416666666666767,4.5416666666666785,-35.283655218560575,-37.16602936956808
12.083333333333359,4.8333333333333455,-48.8162260741276,-49.18687367124074
22.29166666666671,13.416666666666694,-58.38852240451371,-59.411649871288006
19.62500000000004,3.6666666666666767,-60.68154170128836,-63.45307355907404
11.375000000000023,4.6250000000000115,-48.28515425935309,-47.98080876517446
16.4166666666667,4.9583333333333455,-53.92007033103975,-54.20766503227553
19.416666666666703,1.1250000000000056,-60.456570611120625,-63.3841827332513
1.3333333333333393,9.00000000000002,-33.18775643956932,-34.77777114940681
15.833333333333364,13.33333333333336,-47.79690558080182,-47.971084604530674
18.208333333333368,11.791666666666691,-59.06514358370201,-64.84724981826103
12.166666666666693,8.166666666666686,-45.16517101877276,-44.79716425972812
22.95833333333338,7.45833333333335,-59.14099385428331,-58.60754689424475
22.54166666666671,10.583333333333355,-66.21746324531895,-64.91966648724531
3.7916666666666767,3.8750000000000107,-35.41662843169567,-36.60718458711025
21.79166666666671,12.333333333333359,-58.87137472429952,-61.716865555950804
6.666666666666682,15.25000000000003,-36.776623465374236,-35.520048237470796
2.4166666666666745,10.333333333333355,-33.58386228268245,-36.33381842447319
4.6250000000000115,11.583333333333357,-32.53298703475642,-31.451093249642728
8.958333333333353,16.625000000000032,-38.799766250840264,-40.151175108841464
18.916666666666703,11.500000000000025,-59.90435624467837,-61.92870247622069
16.7916666666667,3.041666666666676,-56.45680813414411,-55.86813386861882
18.500000000000036,7.625000000000017,-58.057614091553866,-55.813125132103416
2.9166666666666754,7.45833333333335,-33.80966519368526,-34.12354526684951
15.333333333333364,1.5000000000000062,-49.14255704552326,-49.634035689840395
7.416666666666684,3.291666666666676,-35.91448127158848,-39.29151230476149
14.916666666666696,15.583333333333364,-45.085079369956404,-43.42266321494641
13.000000000000027,3.6250000000000098,-48.857488077936736,-48.71176735896516
22.500000000000043,10.458333333333355,-66.28090779340846,-66.82427639203584
18.208333333333368,8.666666666666686,-60.51721842455664,-57.90046105095994
15.166666666666696,16.125000000000032,-45.65803007336686,-48.79288716457975
4.9166666666666785,3.458333333333343,-35.44316619155674,-36.45239317608882
16.9166666666667,4.208333333333345,-56.22024078491719,-56.21054039697676
18.083333333333368,6.416666666666682,-58.007557527517335,-58.598653420169235
1.70833333333334,11.458333333333357,-35.98049667398251,-40.85363233358052
2.9166666666666754,13.666666666666694,-35.69775469822045,-34.99908283514587
8.041666666666684,14.833333333333364,-36.64241063229071,-36.703410623080195
7.375000000000017,16.7916666666667,-37.66655835928808,-35.645027935819996
12.95833333333336,10.208333333333355,-44.927993096779645,-40.84825979949375
3.4166666666666763,14.041666666666694,-35.516198254469664,-35.89198547005312
22.125000000000043,14.208333333333362,-60.493489316145315,-59.72454399258055
8.208333333333352,7.958333333333351,-33.420373542534215,-32.91425369937809
8.958333333333353,8.416666666666686,-35.754243856370294,-35.41466964750383
13.416666666666694,9.541666666666687,-44.6290880388547,-44.90570496588145
2.166666666666674,14.75000000000003,-36.37742059754847,-35.60426712354749
4.9583333333333455,2.208333333333341,-36.941349012081766,-34.68502154116769
21.875000000000043,15.083333333333364,-58.83450816973911,-60.53263761383947
21.291666666666707,2.166666666666674,-59.8521996509196,-56.05034245216169
14.75000000000003,8.208333333333352,-45.45084132940784,-44.43824656588226
5.54166666666668,7.58333333333335,-30.238661540329225,-29.632704490740945
17.2916666666667,12.750000000000027,-56.79775599134145,-61.29601437670792
13.791666666666694,9.958333333333355,-45.55193434642355,-45.573186955378624
13.70833333333336,9.25000000000002,-44.54724097473121,-46.499034409572864
18.83333333333337,1.1666666666666723,-60.51395732816629,-59.365201769495364
8.833333333333353,16.7916666666667,-38.28651370093115,-36.37537405257945
11.541666666666691,2.833333333333342,-48.89673111028236,-46.59697007804581
4.166666666666678,11.16666666666669,-32.427691745170144,-32.76049805699169
20.833333333333375,1.8750000000000069,-61.292630514397345,-61.44182256053474
17.6666666666667,14.62500000000003,-56.76860825151483,-55.8943642860391
2.2500000000000075,9.37500000000002,-32.27366443632158,-36.46979791403774
15.00000000000003,16.083333333333364,-45.24962270808406,-46.11714717330403
15.291666666666698,4.125000000000011,-53.08800524823475,-54.17356593059471
8.166666666666686,7.916666666666684,-33.33628366818397,-32.294652291282546
22.41666666666671,16.708333333333368,-56.1687189575379,-57.083469711917964
11.625000000000025,12.666666666666693,-45.39354273749288,-43.90575466615255
18.208333333333368,16.500000000000032,-57.30121518874779,-57.68688457212708
12.333333333333359,1.6666666666666732,-49.8850995109089,-48.17453262642808
20.12500000000004,15.625000000000032,-56.2676491744933,-51.83097787436514
19.541666666666703,5.500000000000013,-60.12043726544293,-57.00440405157385
21.166666666666707,12.750000000000027,-57.99470786532293,-56.10048450258283
7.916666666666684,12.375000000000025,-34.38703659161368,-32.09758390243271
8.708333333333352,6.625000000000015,-35.46142753234704,-36.19330468970606
18.70833333333337,5.208333333333346,-61.46968677692559,-63.010942005830714
13.541666666666694,2.125000000000007,-48.872757601929024,-50.5646305092933
14.250000000000028,8.125000000000018,-45.533096021772366,-45.14159041247093
7.916666666666684,14.87500000000003,-36.52656629349,-33.57976386061235
4.166666666666678,10.833333333333357,-32.010922929518955,-33.46968352218514
19.166666666666703,16.2916666666667,-56.60023274335644,-55.66289898795044
17.500000000000036,3.333333333333343,-57.97308570103028,-60.467499415685936
4.875000000000012,11.291666666666691,-31.950441443973162,-34.38313731182859
8.541666666666686,10.041666666666687,-34.145600558074285,-32.43035501588065
7.33333333333335,1.1250000000000056,-37.16272657980791,-38.53617693635601
6.083333333333348,6.458333333333348,-32.785887354388976,-34.21673906131063
13.166666666666693,15.166666666666696,-43.67188744001786,-39.72098355920982
19.08333333333337,12.458333333333359,-57.92070000545672,-57.78282145418569
6.000000000000014,2.041666666666674,-36.72465183893891,-36.81361088835719
14.375000000000028,4.4166666666666785,-54.45737402911199,-54.9165854939106
21.625000000000043,5.54166666666668,-61.94161580244169,-61.11093512072723
10.250000000000021,2.958333333333342,-49.57691216007234,-50.99256648654346
10.16666666666669,6.416666666666682,-46.213925648402785,-46.0992922123638
18.500000000000036,6.458333333333348,-57.944715001281,-55.771310322926645
11.375000000000023,14.500000000000028,-41.952535952873276,-42.593814848175256
14.208333333333362,1.0833333333333388,-49.17772190659926,-53.9353986135942
15.625000000000032,10.458333333333355,-48.24057997900688,-49.55039988938159
12.875000000000027,8.166666666666686,-44.71854483400401,-43.182389714481104
12.541666666666693,6.666666666666682,-47.371525264367335,-45.1297319777142
17.0416666666667,1.208333333333339,-61.03845823345704,-60.31130972649056
4.458333333333345,4.458333333333345,-35.18918080537257,-32.33434900802124
4.041666666666678,1.9583333333333404,-36.60148330103415,-38.68072149829202
17.791666666666703,3.3750000000000098,-58.427266377448134,-55.86953778591845
15.00000000000003,3.9583333333333437,-53.702566061496206,-53.283026547065454
6.708333333333349,7.33333333333335,-31.942064843984177,-30.590131128378275
3.916666666666677,5.375000000000013,-34.674402746267305,-40.39523018097884
14.291666666666696,5.66666666666668,-51.42444695525947,-49.63947973100612
21.000000000000043,5.583333333333346,-61.01427519272282,-60.548358564361415
18.500000000000036,10.500000000000021,-60.58935808689931,-56.77271594046889
22.250000000000043,8.375000000000018,-62.81149440954771,-62.43509962451678
21.208333333333375,5.833333333333347,-61.71210691545337,-63.658718998602765
20.08333333333337,6.583333333333348,-58.96980001559686,-60.57629202017945
12.333333333333359,7.08333333333335,-46.09523532176395,-45.28401367537803
21.833333333333375,15.666666666666698,-57.015283391329234,-56.3996888150788
9.041666666666686,12.375000000000025,-36.616694781683655,-37.88496991786748
20.416666666666707,5.958333333333347,-60.350034638052996,-62.48606106103809
16.4166666666667,4.5000000000000115,-54.06618785210976,-51.03414548366977
22.29166666666671,5.79166666666668,-61.79259161409969,-62.26994075613232
19.000000000000036,3.8750000000000107,-60.74277010830759,-60.87980350359161
14.583333333333362,11.750000000000025,-46.06992655194701,-47.1366197123456
12.875000000000027,1.041666666666672,-50.26606238194289,-47.46931475512663
3.6666666666666767,8.75000000000002,-30.168036307927387,-27.93711775543884
18.375000000000036,5.500000000000013,-60.911956282858746,-62.95524376239164
10.29166666666669,6.125000000000014,-46.71206713792137,-46.8652283458546
14.958333333333364,10.708333333333355,-47.10265633312137,-48.94687838415991
2.2500000000000075,16.0416666666667,-37.53869067716455,-33.82999454582885
12.708333333333359,15.416666666666698,-43.124611394118936,-42.23805760489902
11.750000000000025,13.45833333333336,-44.11383394551352,-44.67426659565173
11.250000000000023,15.625000000000032,-45.88241263275247,-46.55740851185346
11.666666666666691,12.708333333333359,-45.385283000527856,-44.29694560455375
10.458333333333355,5.54166666666668,-47.59894173271731,-48.091002144707964
22.70833333333338,5.833333333333347,-61.4819138140815,-58.39659368838834
4.7083333333333455,6.125000000000014,-33.50777398534795,-35.360175019149565
12.208333333333359,12.208333333333359,-44.555634794939685,-47.02494408458118
21.083333333333375,3.5000000000000098,-61.26425318179279,-58.44328708699158
13.500000000000028,16.2916666666667,-44.08401768946553,-44.93540323432232
19.166666666666703,8.666666666666686,-62.161343713845625,-59.32160402556897
14.583333333333362,16.000000000000032,-45.07889815608736,-43.31915794119921
19.83333333333337,12.333333333333359,-58.40165938188227,-61.11784343952747
18.000000000000036,10.91666666666669,-59.780136651751135,-60.999145056574264
20.666666666666707,9.166666666666686,-67.08148610519446,-66.98285292587362
15.625000000000032,13.750000000000028,-47.330070859771745,-47.77095437478483
3.333333333333343,13.541666666666694,-35.48617945155524,-34.88042384937618
17.6666666666667,15.791666666666698,-56.55490013113939,-57.77988991183497
8.958333333333353,4.125000000000011,-38.09493736281313,-38.26479506264302
7.000000000000016,3.6666666666666767,-35.51447177183487,-33.51150165051956
19.166666666666703,16.708333333333368,-57.474975740400765,-54.80914026751731
19.62500000000004,4.3750000000000115,-61.57414530118794,-63.15423378888
2.958333333333342,10.125000000000021,-32.525929948000055,-32.98987540086289
14.333333333333362,10.250000000000021,-45.5210048143407,-45.77457913833781
2.5833333333333415,1.6666666666666732,-37.078110338008365,-39.77781748513786
7.125000000000016,15.666666666666698,-36.88277563277075,-35.00679235410564
2.333333333333341,2.5833333333333415,-36.6525636873711,-35.52315623454941
15.708333333333364,14.166666666666696,-47.10400673433922,-46.06123299528763
6.833333333333349,15.00000000000003,-36.584444335921795,-36.80500485529963
15.416666666666698,1.0000000000000053,-49.13773029089767,-47.39706409221169
13.916666666666694,12.333333333333359,-45.15617768594999,-43.22934835056155
21.583333333333375,6.583333333333348,-59.20193212952317,-56.881875481284155
8.416666666666686,3.75000000000001,-36.01205372229601,-36.35221938305064
21.250000000000043,2.4166666666666745,-59.745925147066565,-59.04717601771727
5.208333333333346,4.7083333333333455,-34.839447686525155,-35.61701855287698
14.208333333333362,3.208333333333343,-49.55090449824914,-50.19677921627859
11.416666666666691,7.708333333333351,-45.04255690737694,-43.07961083213124
12.750000000000027,16.000000000000032,-43.78849270525698,-43.681016644218104
18.750000000000036,4.6250000000000115,-62.07197944416372,-62.37936330855714
22.875000000000043,3.458333333333343,-62.96006997358231,-61.75365211038062
1.208333333333339,9.875000000000021,-33.69750188659402,-32.36649759264558
5.79166666666668,6.500000000000015,-32.67155296350523,-34.18013259863731
21.208333333333375,16.625000000000032,-56.411688052434826,-57.707086180610034
19.37500000000004,1.2916666666666725,-60.4644370273859,-59.03983767896541
9.208333333333353,13.958333333333362,-37.30968169527068,-36.25755353731095
20.583333333333375,6.083333333333348,-60.555237634338035,-60.97441248371584
1.9166666666666736,1.5833333333333397,-37.484831479212886,-35.093119962252054
15.916666666666698,13.125000000000027,-47.8302124609423,-48.0284480629596
5.250000000000012,11.250000000000023,-31.795859299085194,-35.658588023535614
12.791666666666693,5.375000000000013,-50.69932894002706,-52.29111559486422
15.25000000000003,5.083333333333346,-51.76749107845864,-54.71699506139496
15.916666666666698,3.125000000000009,-53.58361361353091,-51.29239706255082
5.375000000000013,14.87500000000003,-36.427614547319,-35.41718991584782
18.95833333333337,14.958333333333364,-56.645165296268715,-56.40775012730429
22.000000000000043,8.041666666666684,-60.684355446147734,-65.31953280904018
11.583333333333357,7.750000000000018,-45.103484363894076,-48.05798141667782
10.29166666666669,6.541666666666682,-46.24958527267651,-46.55106940307089
20.25000000000004,2.958333333333342,-60.000329876686855,-63.5607451262341
14.416666666666696,12.250000000000025,-45.333099848181455,-43.44951048528641
17.4166666666667,13.291666666666694,-57.72426895377755,-57.93017418018497
7.58333333333335,4.4166666666666785,-35.09223211331103,-35.37845640318317
21.250000000000043,2.041666666666674,-60.09333778303358,-60.22015805600243
12.708333333333359,7.833333333333351,-45.526929993098555,-47.427228702360196
22.16666666666671,10.208333333333355,-66.21807207992782,-68.30438192994454
6.000000000000014,11.708333333333357,-32.597619551997326,-36.39492512819609
10.083333333333355,14.62500000000003,-42.25685501433243,-42.20990451272508
1.5833333333333397,7.916666666666684,-34.260126886541,-33.44760964335588
21.083333333333375,14.041666666666694,-60.04534127142338,-60.52054606162024
19.166666666666703,15.833333333333364,-56.11337230068558,-56.67843322381648
15.833333333333364,3.166666666666676,-53.37365416974482,-55.25383189861024
6.750000000000016,5.041666666666679,-34.60005744599553,-34.0986860312253
3.5833333333333433,8.333333333333352,-31.19236131456434,-36.09517986645396
11.791666666666691,6.708333333333349,-46.58642508505305,-48.79531825931636
8.333333333333352,14.666666666666696,-36.958624220023516,-38.275454062734475
17.916666666666703,3.7083333333333437,-58.698971504203364,-59.71594648275118
19.12500000000004,14.87500000000003,-56.847743113660044,-56.411921111887374
10.54166666666669,6.583333333333348,-46.46655994333799,-46.85137169225944
8.833333333333353,8.583333333333352,-35.26672312991029,-34.95578687613149
5.333333333333346,11.625000000000025,-32.54359842002724,-30.052051811424363
18.916666666666703,1.6250000000000064,-60.22816161248271,-57.48395663068952
15.37500000000003,6.166666666666681,-49.65516842834836,-48.35995267347636
6.625000000000015,10.625000000000023,-31.475546942487384,-28.978343736120685
8.62500000000002,9.416666666666687,-34.29774255319798,-30.838458985088682
3.000000000000009,15.25000000000003,-36.69111468358815,-35.95027398554856
14.75000000000003,10.29166666666669,-46.0243495720086,-48.82095465191832
20.08333333333337,12.666666666666693,-57.95180979460301,-55.94125102893147
2.041666666666674,5.041666666666679,-35.42080034976447,-37.410633590509725
8.333333333333352,11.875000000000025,-34.49716132773662,-30.77345270497625
12.291666666666693,15.208333333333364,-42.849765275962284,-39.39967424091528
4.291666666666678,15.500000000000032,-36.593763320205895,-37.63021583955098
15.25000000000003,10.083333333333355,-46.072575809984414,-48.27214071135365
6.416666666666682,13.375000000000027,-34.95316719849128,-36.33048016869169
21.041666666666707,4.458333333333345,-61.32070110835731,-61.45086333801099
19.45833333333337,13.500000000000028,-58.73622600781576,-56.17369680891527
18.041666666666703,15.916666666666698,-56.43760160977422,-58.90845785260527
3.9583333333333437,1.2500000000000058,-37.26214077681368,-35.49833834531506
19.666666666666707,3.208333333333343,-60.101620446822096,-64.24093412972304
21.333333333333375,3.0833333333333424,-60.76368024087516,-58.336284015088566
12.83333333333336,8.500000000000018,-44.72811867483209,-44.85204520559561
11.375000000000023,10.583333333333355,-44.334108174582774,-43.93462085225559
3.5416666666666767,5.208333333333346,-34.80390390257302,-35.016156069207774
2.625000000000008,7.416666666666684,-34.362939240718184,-32.491455996889314
8.87500000000002,2.7500000000000084,-38.17422479149607,-37.431599323491575
7.958333333333351,3.8750000000000107,-35.476663177544346,-32.100793385293386
10.91666666666669,9.916666666666687,-44.356676324994176,-47.90917917472369
7.45833333333335,3.3750000000000098,-35.87035174281558,-37.680495273210084
14.500000000000028,4.166666666666678,-53.90757057964011,-56.5996211499114
3.333333333333343,10.16666666666669,-32.09765477795157,-30.66209104881396
11.666666666666691,13.416666666666694,-43.9436001413641,-47.31875642581788
13.791666666666694,15.166666666666696,-44.30436302267789,-39.44231554214477
3.7083333333333437,2.708333333333342,-36.70287219716058,-36.519232802340944
3.0833333333333424,6.625000000000015,-33.719434218964665,-31.27563005787332
17.0416666666667,15.666666666666698,-55.821928364058245,-57.75458928793343
3.5000000000000098,4.6250000000000115,-35.31442147986874,-34.92177144317719
19.70833333333337,4.8333333333333455,-60.899903673290304,-59.65140690704568
22.083333333333375,6.500000000000015,-59.61791172911528,-61.03058981732488
2.791666666666675,9.500000000000021,-31.674125660992857,-32.12964742464049
6.875000000000016,2.291666666666674,-35.938719801598886,-32.82396257857097
5.041666666666679,1.5000000000000062,-36.67103344991141,-34.13824434881896
19.87500000000004,14.291666666666696,-58.804540249018004,-57.64661378818027
4.291666666666678,4.166666666666678,-35.51099126040668,-31.568264365534407
2.5833333333333415,8.208333333333352,-32.8746954402907,-36.76629743673921
15.500000000000032,9.750000000000021,-46.12676603230141,-45.54429909991764
21.708333333333375,7.45833333333335,-58.65040223359958,-59.41314138090932
7.791666666666684,16.125000000000032,-36.756435649291326,-33.90896467658509
6.250000000000014,10.458333333333355,-30.610514117862415,-28.390767955634523
1.2916666666666725,14.166666666666696,-36.97608070379437,-34.63719908038127
4.041666666666678,13.666666666666694,-34.850024050561835,-36.04378081350822
18.416666666666703,14.000000000000028,-58.106852755914105,-56.98372121037742
6.541666666666682,10.458333333333355,-31.12822089524274,-28.967732682671702
12.125000000000025,6.166666666666681,-47.66182289532483,-45.067185521112435
11.750000000000025,12.375000000000025,-44.559150663514345,-46.41195425425097
4.9583333333333455,16.7916666666667,-37.548709978476374,-38.91518664967311
14.666666666666696,13.20833333333336,-45.96397153226816,-45.47355794769643
5.583333333333346,6.416666666666682,-32.871557659076025,-30.081830972972668
22.625000000000043,5.500000000000013,-62.319742747844884,-61.07917304541622
15.416666666666698,11.416666666666691,-47.537063245959175,-44.785455226701366
3.3750000000000098,15.708333333333364,-37.0317176240594,-40.93664886956198
2.500000000000008,4.875000000000012,-35.398871420228545,-35.94214305064119
18.208333333333368,11.125000000000023,-59.85828710758243,-58.86060351993564
17.000000000000036,7.500000000000017,-55.5976598965887,-55.05849138649495
18.70833333333337,11.16666666666669,-60.19526198462206,-63.97789602189788
8.708333333333352,9.416666666666687,-34.66320567090936,-32.46144754579121
22.375000000000043,16.083333333333364,-56.493293937393204,-55.80262581799589
5.708333333333347,3.2500000000000093,-35.71184063820533,-36.64486475325211
17.6666666666667,2.208333333333341,-60.38120816024381,-57.98569954315396
1.0000000000000053,16.708333333333368,-37.8420093566514,-41.300542409716925
3.166666666666676,15.958333333333366,-37.18722394481458,-38.20987027544813
13.166666666666693,11.375000000000023,-46.3936628361995,-44.625587183070664
21.416666666666707,16.750000000000032,-56.49904565673896,-55.747061689681956
17.916666666666703,13.666666666666694,-58.140994401098176,-58.59036962043479
12.000000000000025,10.041666666666687,-44.15828047557905,-44.46583293196143
1.541666666666673,1.9166666666666736,-37.23566116899601,-37.70274760944287
17.750000000000036,16.375000000000032,-57.35131665265209,-55.61683482807149
3.2500000000000093,13.250000000000027,-35.160256053682374,-35.76886642179854
15.541666666666698,2.500000000000008,-51.430245856352926,-50.07439693548248
2.2500000000000075,3.5416666666666767,-36.04453797411601,-40.21868583184209
19.25000000000004,4.5416666666666785,-61.80519944429336,-59.34636037595529
22.000000000000043,5.708333333333347,-62.09388659929553,-57.21077637395777
12.666666666666693,4.4166666666666785,-49.35905247333244,-48.359762222493686
19.25000000000004,14.75000000000003,-57.14257411833745,-57.3156224722112
14.250000000000028,8.75000000000002,-44.89204327237899,-45.96219222429977
21.250000000000043,1.5000000000000062,-61.69423368691697,-60.294697421371765
8.500000000000018,4.6666666666666785,-35.72335904569955,-37.02370693648568
22.250000000000043,13.45833333333336,-58.51252071783147,-60.1499884911017
18.208333333333368,6.083333333333348,-58.75636449089582,-63.01417306778533
1.1666666666666723,11.291666666666691,-36.38772603588909,-35.90250973184737
17.625000000000036,5.208333333333346,-62.576703592254,-63.15835520272639
13.70833333333336,5.250000000000012,-54.915562811634246,-55.38749782781137
2.541666666666675,3.4166666666666763,-36.06372954131142,-36.06834897075495
19.791666666666707,1.375000000000006,-61.123378146424486,-62.53961368518659
9.291666666666687,13.45833333333336,-36.70207581515895,-36.327372619961096
6.250000000000014,7.166666666666683,-31.748190896187086,-33.90803523643383
16.375000000000032,3.458333333333343,-54.47090198533084,-54.70168176240806
1.5833333333333397,6.000000000000014,-35.33927910851667,-35.90211380516828
17.208333333333368,15.958333333333366,-56.58157535463337,-59.998167041267415
12.083333333333359,12.500000000000025,-45.249228451675336,-47.67316985125374
22.083333333333375,2.833333333333342,-61.3512250722391,-62.53620798014495
8.75000000000002,12.208333333333359,-35.570927656654504,-36.69576825287131
8.333333333333352,1.4583333333333395,-37.18317390660307,-36.66477621080508
22.000000000000043,6.416666666666682,-59.88213779197764,-60.692124568677364
2.666666666666675,5.79166666666668,-34.45468486116038,-34.5570090628671
3.8333333333333437,10.083333333333355,-30.956480933831703,-31.77410526026342
3.916666666666677,11.958333333333359,-33.17843967593822,-38.35871001370248
7.541666666666684,9.041666666666686,-31.8850671031519,-32.13185914861094
11.000000000000023,6.833333333333349,-45.99424195798661,-47.678582020216716
21.375000000000043,8.208333333333352,-61.21854818551842,-61.53823911457289
14.458333333333362,14.291666666666696,-45.31114182649213,-46.84329861789809
8.000000000000018,13.58333333333336,-35.82211104015633,-34.51075772547545
2.958333333333342,12.083333333333359,-34.189563596668016,-34.281390891552974
15.500000000000032,16.583333333333368,-46.19934969113355,-44.782807261335265
6.916666666666682,4.9166666666666785,-34.52695483371988,-32.964171178812194
4.166666666666678,10.91666666666669,-32.15222490759074,-33.28550784294935
12.000000000000025,15.458333333333364,-43.47143790668926,-41.840891492784316
22.250000000000043,2.791666666666675,-61.61506873774122,-61.1575976202981
3.125000000000009,7.291666666666683,-33.46202348680173,-35.57792065568073
18.916666666666703,6.250000000000014,-58.391016347305715,-58.622963648533535
11.250000000000023,3.8750000000000107,-48.197053945458265,-48.00891530511298
19.791666666666707,13.125000000000027,-58.193126832450744,-55.65329143771347
14.958333333333364,8.333333333333352,-45.28772082604762,-45.9848540738903
21.000000000000043,8.333333333333352,-61.95398036262829,-58.81225136471172
12.83333333333336,4.083333333333345,-49.115242096295034,-47.57548380437379
22.000000000000043,6.541666666666682,-59.46756706130411,-63.69608247611575
21.041666666666707,14.708333333333362,-58.83325802840392,-60.90440994151783
8.125000000000018,11.541666666666691,-33.88722165121523,-32.71412589661918
8.62500000000002,14.416666666666696,-37.14275315129833,-40.05342154851591
22.375000000000043,6.041666666666681,-60.95180345342334,-59.999438351321864
14.250000000000028,9.291666666666687,-45.04794716638369,-42.282716046031815
10.41666666666669,7.958333333333351,-44.8531581881187,-45.389480733698754
5.291666666666679,5.125000000000012,-34.53418669804649,-31.718801330263616
8.916666666666686,2.625000000000008,-38.30995369339474,-35.662084581257226
17.875000000000036,14.666666666666696,-56.7039237330411,-56.81660809238671
18.83333333333337,16.833333333333368,-57.708318356892306,-57.775037284874976
21.291666666666707,9.041666666666686,-66.86601683637916,-66.50353979567903
21.833333333333375,5.750000000000014,-62.02562151431892,-61.13583220574511
15.333333333333364,10.833333333333357,-48.145594463170454,-51.26051097852509
14.708333333333362,10.41666666666669,-46.22409560187231,-46.513929253512444
19.166666666666703,1.3333333333333393,-60.34397696690937,-63.69048542606981
21.875000000000043,7.375000000000017,-58.55878272164049,-59.24904917169896
2.208333333333341,7.708333333333351,-34.356048600703424,-34.79485927380772
17.6666666666667,12.291666666666693,-57.7506359101656,-61.38549473251865
19.58333333333337,2.4166666666666745,-60.728686123075654,-63.25576008950732
13.375000000000027,15.791666666666698,-43.64775733316124,-44.44393704812353
18.041666666666703,10.875000000000023,-59.84620854942608,-55.52551833591511
8.500000000000018,5.083333333333346,-35.5390925558929,-38.31256618216403
17.4166666666667,2.208333333333341,-60.65173404130683,-60.40262933277822
17.5416666666667,10.875000000000023,-59.4884636728106,-61.27556276506625
13.250000000000027,16.6666666666667,-44.75494886300669,-45.50503423450676
5.458333333333346,2.625000000000008,-36.093184671664325,-34.122833532232434
19.95833333333337,11.625000000000025,-60.22131431203825,-59.60036482477127
13.541666666666694,3.7916666666666767,-49.575164966318184,-48.72360776780428
20.12500000000004,4.5000000000000115,-61.311999611138724,-60.334482145273974
18.33333333333337,15.37500000000003,-56.15069867248465,-54.999699472792805
15.666666666666698,11.750000000000025,-47.82291808424287,-52.14605209197091
1.9583333333333404,11.833333333333357,-35.1432778124977,-34.371185361843864
13.541666666666694,1.8750000000000069,-49.077419389164554,-49.24758934732168
5.625000000000013,13.916666666666694,-35.40924488772719,-34.614342573817574
1.1250000000000056,9.625000000000021,-33.553885266485416,-31.881131431961183
17.083333333333368,13.000000000000027,-56.46988306365756,-55.63855745164532
7.958333333333351,13.041666666666693,-35.13858565578293,-33.75778229172693
13.416666666666694,7.833333333333351,-44.90461867332451,-47.24753514263785
22.04166666666671,11.416666666666691,-63.735348194353385,-62.83973450138723
8.87500000000002,13.666666666666694,-36.21419467220822,-36.43273352385632
10.583333333333355,3.7083333333333437,-48.39418679535168,-48.56717310858051
11.750000000000025,16.4166666666667,-47.626312690943344,-45.02604323757434
7.416666666666684,10.750000000000023,-32.61507329292799,-33.59241515570397
16.875000000000032,3.041666666666676,-56.78777286351958,-58.120983952225075
11.04166666666669,4.083333333333345,-47.96408247527924,-50.59121831967122
10.79166666666669,6.000000000000014,-47.13010656661435,-47.721308764404974
7.625000000000017,7.791666666666684,-32.717096501577764,-30.57572399284111
10.91666666666669,15.458333333333364,-46.260094417598026,-49.59567367105507
14.75000000000003,12.291666666666693,-45.6175618939508,-45.11512586321484
17.625000000000036,16.375000000000032,-57.404290016569334,-62.469813516313046
15.833333333333364,12.208333333333359,-47.82937498772025,-49.20989252594099
11.958333333333359,6.500000000000015,-47.00473333209573,-46.129749463886505
5.000000000000012,5.500000000000013,-33.96576603966355,-35.04288569470527
14.666666666666696,5.500000000000013,-51.420512392006195,-53.824583199551284
4.9166666666666785,1.4166666666666727,-36.879745738108895,-37.61621359282927
1.9166666666666736,11.208333333333357,-35.57618823158801,-33.59797102895236
5.54166666666668,14.708333333333362,-36.336052258789465,-33.35218223583793
20.166666666666707,16.250000000000032,-56.29440769131266,-53.269986544092234
6.166666666666681,2.208333333333341,-36.75525653709713,-35.39067944500661
21.666666666666707,2.708333333333342,-60.33959443711439,-59.61843587703578
17.1666666666667,15.958333333333366,-56.519209484998676,-54.54753287229028
7.000000000000016,1.4583333333333395,-36.87279960037321,-39.185543674279614
19.791666666666707,8.208333333333352,-60.2817853758274,-62.22019065706371
3.125000000000009,5.91666666666668,-34.09332652528333,-31.51021452074281
10.375000000000021,15.041666666666696,-45.53825996007467,-43.82571339191722
15.750000000000032,7.416666666666684,-47.12649019299377,-45.37632586426286
11.958333333333359,9.291666666666687,-45.00159778399799,-44.5579461759347
22.750000000000043,10.875000000000023,-66.21071637510789,-67.86070614279723
16.1666666666667,4.125000000000011,-53.761229114928504,-55.921433478883806
4.9166666666666785,12.83333333333336,-33.983290448323864,-32.10719663366772
3.7916666666666767,10.708333333333355,-32.206870883535,-30.041217656291387
5.583333333333346,16.000000000000032,-36.88161380551326,-39.12256010588644
7.45833333333335,5.208333333333346,-34.72073722467586,-36.199765438459295
8.291666666666686,7.625000000000017,-33.73628920766629,-33.94207551160615
22.91666666666671,12.916666666666693,-58.26635705468949,-56.51708137239694
7.916666666666684,13.041666666666693,-35.109980384329226,-35.79105724933329
11.958333333333359,12.625000000000027,-45.27462295620718,-46.97907594622303
20.166666666666707,10.375000000000021,-63.16144596706405,-61.18460809317664
18.166666666666703,1.0833333333333388,-61.340066612067545,-60.1455193424967
12.875000000000027,8.958333333333353,-45.2457352565341,-46.634246545436255
13.125000000000027,16.0416666666667,-43.70056119486212,-45.01926961898923
9.333333333333353,13.958333333333362,-37.53510257177502,-35.31515033646855
20.00000000000004,14.666666666666696,-57.882901478109154,-60.44465111081077
10.333333333333355,5.166666666666679,-47.880703712433046,-48.466455391560444
11.16666666666669,15.208333333333364,-44.25275108427933,-43.35413588425121
1.9166666666666736,5.875000000000014,-34.795005439607316,-34.4662330627765
11.625000000000025,13.750000000000028,-43.00703521357235,-41.148205710914624
14.166666666666696,7.500000000000017,-45.177170146222494,-48.5991973556509
1.7500000000000067,8.291666666666686,-33.440663933137,-33.4054460711382
19.83333333333337,14.75000000000003,-57.51127338013493,-56.9089494197916
10.708333333333355,16.333333333333364,-49.771933370647645,-49.1047400982005
6.833333333333349,12.916666666666693,-34.59561135520548,-33.44178360931132
6.291666666666681,1.9166666666666736,-36.73419310225002,-39.067927436109905
21.000000000000043,16.583333333333368,-56.44411120593867,-53.55382134744006
3.2500000000000093,2.333333333333341,-36.861024822468885,-35.9529389238627
15.833333333333364,10.91666666666669,-49.612384975548466,-48.49112487683203
21.125000000000043,12.000000000000025,-59.800000917769786,-60.95373215377783
22.875000000000043,5.166666666666679,-62.36819531236069,-62.006695181581534
13.541666666666694,13.791666666666694,-46.138285494086766,-43.477363618213346
2.875000000000009,13.70833333333336,-35.74304947855254,-35.77340845205714
4.5416666666666785,6.458333333333348,-32.795126870883074,-32.4044120712751
13.70833333333336,10.16666666666669,-45.23334502393097,-44.599912779937256
13.625000000000028,10.083333333333355,-45.21283044677968,-48.478950720204836
3.75000000000001,3.2500000000000093,-36.34316475238884,-36.688284115655684
1.041666666666672,10.250000000000021,-34.34406662026794,-32.95803359612957
18.875000000000036,12.625000000000027,-57.69804423031811,-58.67513522380777
12.583333333333359,9.208333333333353,-44.962364454862225,-45.04670297938684
10.333333333333355,10.750000000000023,-44.90773363831256,-44.973228692080404
14.541666666666696,10.000000000000021,-45.501563392638424,-48.6614514393426
22.79166666666671,7.166666666666683,-58.745740581966345,-57.137125010014884
14.583333333333362,2.958333333333342,-50.034985873779206,-52.74307408763594
22.375000000000043,7.250000000000016,-58.5509101050048,-57.7055742220349
14.416666666666696,9.166666666666686,-44.871629958562394,-45.138823175294235
7.08333333333335,11.16666666666669,-32.70014255965756,-33.382390266529406
15.458333333333364,6.708333333333349,-47.284705406072845,-47.15114381661168
17.5416666666667,2.000000000000007,-61.05384023106272,-59.546481133753396
15.500000000000032,16.958333333333368,-45.90988392736563,-44.28296572182641
21.875000000000043,4.250000000000011,-61.647488204851456,-62.508170893973634
2.0833333333333406,16.9166666666667,-38.080022294832034,-38.40894964824385
4.166666666666678,7.250000000000016,-32.0874841031041,-33.80634227632284
12.041666666666691,8.833333333333353,-44.83912187570864,-47.762119536476604
11.208333333333357,4.6666666666666785,-48.01281980006632,-46.110941034272244
14.416666666666696,13.791666666666694,-45.99995822870005,-48.19446408299557
2.666666666666675,7.666666666666684,-33.96664153988377,-35.43724223092632
13.250000000000027,15.333333333333364,-43.58087123348872,-42.82206285074668
12.041666666666691,8.62500000000002,-44.79229467205175,-47.48767704478415
18.70833333333337,12.375000000000025,-57.90655746730394,-56.946365990111744
1.2916666666666725,10.375000000000021,-34.43032410566825,-36.11781714017581
4.000000000000011,3.0833333333333424,-36.48629316075434,-38.75915216863507
3.7083333333333437,9.958333333333355,-30.982451940150174,-32.14378661676923
7.166666666666683,1.375000000000006,-37.229143884972714,-38.93125385083805
11.791666666666691,1.4166666666666727,-50.09046662067691,-49.61835426521381
18.416666666666703,8.708333333333352,-61.242346840539746,-58.40607682595754
8.291666666666686,13.000000000000027,-35.31264269233404,-33.964527297066404
18.125000000000036,1.7500000000000067,-60.6636785904103,-59.73379967676027
11.250000000000023,15.708333333333364,-46.28511421746638,-47.51574141726913
8.62500000000002,2.791666666666675,-37.42822905571662,-37.910493442772726
15.916666666666698,11.04166666666669,-49.785100134388344,-49.60036505408854
8.541666666666686,13.70833333333336,-35.883101374595476,-36.034855675561246
3.75000000000001,11.833333333333357,-33.31474953570237,-33.06555242344035
3.8750000000000107,8.416666666666686,-30.335701021328056,-32.77927998760363
22.54166666666671,15.083333333333364,-59.569265498129134,-56.090435598011595
22.45833333333338,6.625000000000015,-59.38459192385302,-62.12615311554641
6.083333333333348,1.70833333333334,-36.99497933105721,-37.364909827659346
2.125000000000007,6.541666666666682,-35.04995059573865,-33.47694068578146
20.33333333333337,5.458333333333346,-60.22629671297642,-61.80195937184225
18.95833333333337,5.250000000000012,-61.00185259332009,-58.9880152566939
7.750000000000018,13.08333333333336,-35.123560786310634,-38.034884906359494
21.666666666666707,5.875000000000014,-61.839111516232215,-63.41755611469347
10.875000000000023,7.58333333333335,-45.07915864195732,-49.87558554294044
6.666666666666682,13.500000000000028,-35.057090943481,-33.08684001421879
6.666666666666682,14.833333333333364,-36.527695665326604,-39.01551195508278
11.500000000000025,8.708333333333352,-44.85244677932017,-46.34051275947506
17.125000000000036,6.125000000000014,-60.2745810415605,-58.85050131494107
13.250000000000027,3.7083333333333437,-49.07552366471719,-48.499044028385
6.416666666666682,15.916666666666698,-37.13395460789088,-35.12007548513479
10.750000000000023,8.375000000000018,-44.79318996289892,-43.61507705329181
20.583333333333375,11.708333333333357,-60.51499619946398,-58.851177124351565
19.291666666666703,11.791666666666691,-59.646352233079085,-60.72752450340704
21.666666666666707,2.541666666666675,-60.05904540071033,-60.351829030298504
7.875000000000018,9.916666666666687,-32.67950836548242,-31.324526006907515
11.416666666666691,1.375000000000006,-50.465033085739755,-49.08346244229754
15.208333333333364,4.041666666666678,-53.34746847150403,-51.579946090206136
14.958333333333364,5.291666666666679,-51.47996692400838,-53.13595929864014
22.58333333333338,8.583333333333352,-64.31424279604748,-66.63133633534852
4.7916666666666785,11.541666666666691,-32.48872185947724,-35.123396439899075
10.54166666666669,9.625000000000021,-44.72552384824447,-45.79746320717408
3.5416666666666767,9.083333333333353,-30.16902800168053,-30.496857991135006
5.083333333333346,11.083333333333357,-31.471575532466204,-33.98378868889026
18.666666666666703,1.1666666666666723,-60.705006888046924,-61.19899676394155
2.666666666666675,16.125000000000032,-37.493624924023614,-36.3570549809984
15.166666666666696,8.416666666666686,-45.23717421379391,-43.3856946050557
21.291666666666707,11.875000000000025,-60.50702542546763,-61.807959592873694
15.458333333333364,2.541666666666675,-51.23868159255949,-50.2294835766009
8.666666666666686,15.791666666666698,-38.01897201758854,-40.69821648433405
11.291666666666691,14.125000000000028,-41.72949462210222,-43.17630479304539
3.000000000000009,11.708333333333357,-33.924473566440355,-33.838178445569724
11.916666666666691,8.291666666666686,-45.081471334701,-46.49966474338279
10.875000000000023,12.000000000000025,-44.196322876928804,-45.8805962329922
11.04166666666669,3.125000000000009,-48.75276843585473,-48.34328300882315
4.083333333333345,12.666666666666693,-34.39070054564968,-36.50020956838607
10.041666666666687,15.666666666666698,-49.04537869543411,-48.95121582873211
6.958333333333349,10.91666666666669,-32.34058582570143,-32.68269763996288
1.0000000000000053,11.750000000000025,-37.00242203345731,-36.1134675949502
12.375000000000025,2.666666666666675,-49.27374165030524,-47.893107630404
8.833333333333353,16.875000000000032,-38.26813836244152,-38.130940793067936
22.29166666666671,2.791666666666675,-61.71969199228914,-62.843325686221604
8.958333333333353,7.45833333333335,-35.98109453168255,-34.09605547767295
22.45833333333338,10.91666666666669,-65.91667276973533,-65.65430316716787
1.208333333333339,9.166666666666686,-33.29939992749055,-35.19132680774945
3.5000000000000098,2.4166666666666745,-36.82696074545669,-36.61418798093686
2.7500000000000084,15.25000000000003,-36.690660004871766,-38.048224838127254
2.166666666666674,7.750000000000018,-34.290280281673866,-39.4731012614329
1.375000000000006,5.250000000000012,-35.15961411597139,-37.210457148530004
12.458333333333359,16.4166666666667,-45.34435058240448,-46.235343314020284
15.875000000000032,9.916666666666687,-47.60903166490587,-48.65817023835223
19.666666666666707,5.250000000000012,-60.41904361916225,-63.62886350973173
2.4166666666666745,10.583333333333355,-34.15178813207075,-34.98472590435912
14.583333333333362,2.4166666666666745,-49.14026526733779,-48.4204027748891
21.500000000000043,13.791666666666694,-59.72887653313034,-62.142371742749184
5.54166666666668,4.291666666666678,-34.98512700642307,-34.605725446670604
21.125000000000043,2.958333333333342,-60.303471792770566,-64.49072713071571
11.958333333333359,7.08333333333335,-46.07589453775638,-45.199805649927846
3.7083333333333437,8.250000000000018,-31.10294643568902,-32.37015832619902
11.416666666666691,7.166666666666683,-45.79309079319763,-48.60792700566337
4.9583333333333455,12.875000000000027,-34.059246603873895,-31.97802472930407
12.250000000000025,7.291666666666683,-45.77139693924876,-44.97817755324165
15.37500000000003,2.833333333333342,-51.637779820203875,-49.87688973139938
11.208333333333357,7.33333333333335,-45.651441792702826,-45.169689488077786
