track,arm,split,seed,rmse_in,nrmse_in,mape_in,rmse_out,nrmse_out,mape_out,seconds,n_free,expression,interpretable,param_GM,err_GM_pct,sigma_GM,variant,w_phys_final,correction_rms_frac,correction_rms_frac_out,data_mse_std_units,rms_gap_to_physics_out,wall_seconds,dev_GM_from_physics_ppm,param_R,err_R_pct,sigma_R,dev_R_from_physics_ppm,param_T,err_T_pct,sigma_T,dev_T_from_physics_ppm,param_L,err_L_pct,sigma_L,dev_L_from_physics_ppm
gravity/kepler,physics,interp,3,0.9466550494911555,4.6655026505232714e-05,0.010484492973637072,0.01444414547053723,7.1186647146242e-07,0.0029533578043380343,0.003100872039794922,1,P = 2*pi*sqrt(a**3/(G*M)),True,1.3272031176700903e+20,0.005931432658433158,3996206061212595.5,physics,,,,,,,,,,,,,,,,,,,
gravity/kepler,pinn,interp,3,0.946920939439192,4.666813064763367e-05,0.01034403947076379,0.03523109726344257,1.7363323393435317e-06,0.016083748145609287,47.57113480567932,2210,,True,1.327203117710434e+20,0.005931435698361737,,balanced,9895774.37117875,1.715166045347327e-07,1.1350209918971734e-06,1.896306289177761e-09,1.2163824174301796e-06,47.57332181930542,3.0397482783813368e-05,,,,,,,,,,,,
gravity/kepler,pinn,interp,3,0.47240379557389045,2.328198810698713e-05,0.02986900024080888,0.8081435255398788,3.982861299304517e-05,0.5283002635648805,50.55823993682861,2210,,True,1.3272034167855445e+20,0.0059539712730570585,,unbalanced,1.0,2.4417591595121588e-05,3.67746180004113e-05,4.719628353198491e-10,3.941229167467448e-05,50.61366391181946,0.22537277840442252,,,,,,,,,,,,
gravity/kepler,physics,extrap,3,0.00023230709764302567,1.144904239798312e-08,6.203242454957974e-05,1.5335700983652607,7.558059678160736e-05,0.016640401479992854,0.005675077438354492,1,P = 2*pi*sqrt(a**3/(G*M)),True,1.327125756801686e+20,0.00010222264663830452,87397239434432.39,physics,,,,,,,,,,,,,,,,,,,
gravity/kepler,pinn,extrap,3,0.0002323069924042706,1.1449037211387527e-08,6.203239817373731e-05,1.8438873706536476,9.087429914069615e-05,0.019206031367638536,49.65039777755737,2210,,True,1.3271257568076564e+20,0.00010222309650793237,,balanced,2257674.258173816,4.739788187692188e-13,0.0015451337604709676,1.091218811929926e-12,1.6934759760559005e-05,49.65245723724365,4.498691679670379e-06,,,,,,,,,,,,
gravity/kepler,pinn,extrap,3,0.00011615354883583753,5.724521199697539e-09,3.101621227044912e-05,8.354597286957416,0.00041174867030293623,0.08363004229310313,37.345532178878784,2210,,True,1.3271257568076505e+20,0.00010222309606349475,,unbalanced,1.0,5.223073330593227e-07,0.03092040713278199,2.728049502195468e-13,0.0003388896027875388,37.34978890419006,4.494247308087828e-06,,,,,,,,,,,,
gravity/kepler,physics,interp,7,0.9466520524326527,4.665487879795121e-05,0.010503516090191064,0.015021988808837986,7.40344950797406e-07,0.002896339308971431,0.009802818298339844,1,P = 2*pi*sqrt(a**3/(G*M)),True,1.327203118345146e+20,0.005931483524478408,3996211560733373.0,physics,,,,,,,,,,,,,,,,,,,
gravity/kepler,pinn,interp,7,0.9553192007658295,4.708203126011417e-05,0.01121163445151554,0.039925043469503645,1.9676691761096067e-06,0.008268631651859112,50.05578589439392,2210,,True,1.3272030986388927e+20,0.005929998640822488,,balanced,213941.29414430074,1.2087171351739865e-06,1.1460548103337972e-06,1.9268118910134863e-09,1.2290655497875478e-06,50.06094002723694,-0.014847955855145365,,,,,,,,,,,,
gravity/kepler,pinn,interp,7,1.002773096896709,4.9420753039449514e-05,0.10695912142301454,0.29845279659095586,1.4708972548127698e-05,0.06838789544941978,55.45345187187195,2210,,True,1.3272015987651807e+20,0.005816981827037537,,unbalanced,1.0,3.67758362007467e-05,1.4214608653920025e-05,2.1229885522704154e-09,1.5257240440077399e-05,55.47148084640503,-1.144949061943739,,,,,,,,,,,,
gravity/kepler,physics,extrap,7,0.00023230709764302567,1.144904239798312e-08,6.203242454957974e-05,1.5335700983652607,7.558059678160736e-05,0.016640401479992854,0.008941888809204102,1,P = 2*pi*sqrt(a**3/(G*M)),True,1.327125756801686e+20,0.00010222264663830452,87397239434432.39,physics,,,,,,,,,,,,,,,,,,,
gravity/kepler,pinn,extrap,7,0.00023230679517480913,1.1449027491114278e-08,6.203235265854568e-05,1.4799959037092991,7.294024169871427e-05,0.016214584859194327,44.630062103271484,2210,,True,1.3271257567964419e+20,0.000102222251483885,,balanced,796347.0224275407,1.3699318342507294e-12,0.00028895320121780663,1.0912169590334207e-12,3.1669422503678095e-06,44.656367778778076,-3.951540155951962e-06,,,,,,,,,,,,
gravity/kepler,pinn,extrap,7,0.00011615354883583753,5.724521199697539e-09,3.101621227044912e-05,6.494876602677829,0.00032009404081141066,0.057668662845321926,37.13489580154419,2210,,True,1.3271257568076505e+20,0.00010222309606349475,,unbalanced,1.0,5.223073330648005e-07,0.035642878485515776,2.728049502195468e-13,0.0003906481914104288,37.13737487792969,4.494247308087828e-06,,,,,,,,,,,,
gravity/kepler,physics,interp,19,0.9403088858715861,4.634226164749842e-05,0.010911380578700154,0.21223044167185576,1.0459582808690427e-05,0.0020595723106488317,0.011573076248168945,1,P = 2*pi*sqrt(a**3/(G*M)),True,1.3272082532163535e+20,0.006318400621831755,4432937378613727.5,physics,,,,,,,,,,,,,,,,,,,
gravity/kepler,pinn,interp,19,0.9355391982818848,4.610719196605658e-05,0.010331932634913357,0.09947123843549585,4.9023488209468855e-06,0.0019022581552910272,48.11616492271423,2210,,True,1.3272082406708678e+20,0.006317455308363069,,balanced,103364.4927728301,6.063480579619024e-07,1.4257226447430376e-05,1.8547481336173024e-09,1.5268800431060686e-05,48.12199282646179,-0.009452537437675887,,,,,,,,,,,,
gravity/kepler,pinn,interp,19,0.5217725881736897,2.5715083803791404e-05,0.07636980665662106,21.31911040231387,0.0010506928172226784,0.09325601559880053,52.596627950668335,2210,,True,1.3272083359766469e+20,0.006324636683304647,,unbalanced,1.0,2.1961552682877103e-05,0.00099116788990375,5.76930479769957e-10,0.0010611085116587436,52.60016918182373,0.062356674784382095,,,,,,,,,,,,
gravity/kepler,physics,extrap,19,0.00023230709764302567,1.144904239798312e-08,6.203242454957974e-05,1.5335700983652607,7.558059678160736e-05,0.016640401479992854,0.00787496566772461,1,P = 2*pi*sqrt(a**3/(G*M)),True,1.327125756801686e+20,0.00010222264663830452,87397239434432.39,physics,,,,,,,,,,,,,,,,,,,
gravity/kepler,pinn,extrap,19,0.0002206598128689123,1.0875016642622342e-08,7.536118013208133e-05,1.5823657066891814,7.79854436166981e-05,0.016819673895307138,48.321016788482666,2210,,True,1.3271257655350244e+20,0.0001028807114237983,,balanced,22460.075619991567,3.1583342152126483e-07,0.0003542863148519384,9.845409195710853e-13,3.877625969046261e-06,48.323440074920654,0.006580641128032174,,,,,,,,,,,,
gravity/kepler,pinn,extrap,19,0.00011615354883641337,5.724521199725918e-09,3.1016212274487724e-05,5.352309039280074,0.0002637836456120245,0.0402031748316828,37.224159955978394,2210,,True,1.3271257568076508e+20,0.00010222309608818575,,unbalanced,1.0,5.223073330715741e-07,0.030218408618639427,2.7280495022225167e-13,0.0003311956608976663,37.22849798202515,4.494494217620193e-06,,,,,,,,,,,,
quantum/hydrogen,physics,interp,3,0.017158986362519942,9.813076142460418e-07,7.866753108553168e-06,0.02168240770919663,1.239998175340761e-06,1.1468568936423163e-05,0.005567073822021484,1,R*(1 - 1/n**2),True,,,,physics,,,,,,,,109678.77564802869,0.0010870455190190966,0.00019600459222166944,,,,,,,,,
quantum/hydrogen,pinn,interp,3,0.3142983781645719,1.797445286813444e-05,0.00021918189128706102,0.2538306202304892,1.4516354002416378e-05,0.00019578437736876661,31.032304286956787,2210,,True,,,,balanced,340.3173444740312,1.45485110399903e-05,1.2211234904553686e-05,2.1510911358497726e-10,1.438908475916701e-05,31.06064796447754,,109678.80517365343,0.0011139659013047118,,0.2692008965198704,,,,,,,,
quantum/hydrogen,pinn,interp,3,0.3328889125639253,1.90376294785452e-05,0.0002463798597231674,0.37910103216753965,2.1680460697091362e-05,0.0002894418697129679,40.17148804664612,2210,,True,,,,unbalanced,1.0,1.5443230400717854e-05,1.745855092078868e-05,2.4130881759343835e-10,2.1868225868464565e-05,40.20152306556702,,109678.83495688047,0.0011411211559341074,,0.5407504909461265,,,,,,,,
quantum/hydrogen,physics,extrap,3,0.02991865589197027,1.7110220973732362e-06,2.3793689084301658e-05,0.014202607188426815,8.122348419479725e-07,1.2830236771961759e-05,0.0053730010986328125,1,R*(1 - 1/n**2),True,,,,physics,,,,,,,,109678.78840712112,0.001098678791770095,0.00037149099511970407,,,,,,,,,
quantum/hydrogen,pinn,extrap,3,0.4073245921145271,2.3294541720991715e-05,0.00038910547168890045,212.46744321678173,0.012150829623795857,0.17447639856504546,36.9101779460907,2210,,True,,,,balanced,648.5911350739166,1.2655169691080349e-05,0.006675063887388602,1.6383127347022938e-10,0.012150056445105513,36.94423484802246,,109678.82495586244,0.0011320025943083723,,0.33323436420748553,,,,,,,,
quantum/hydrogen,pinn,extrap,3,0.44626684669245176,2.5521615635841146e-05,0.00040528216425501326,33.07830569513081,0.0018917197414348341,0.022530014403591123,56.170259952545166,2210,,True,,,,unbalanced,1.0,1.3954088882855271e-05,0.001040117630343522,1.9665490938232448e-10,0.0018920821607227888,56.1730010509491,,109678.82345037692,0.0011306299478013588,,0.31950804994545484,,,,,,,,
quantum/hydrogen,physics,interp,7,0.012480829628769095,7.13767869969917e-07,5.950078847913849e-06,0.026104719698610484,1.4929063795959022e-06,1.4974771776827365e-05,0.0033371448516845703,1,R*(1 - 1/n**2),True,,,,physics,,,,,,,,109678.77637280647,0.0010877063448328573,0.00019600931813390667,,,,,,,,,
quantum/hydrogen,pinn,interp,7,0.26283047935264775,1.5031048174736875e-05,0.00020475982918821776,0.25402941060386847,1.4527722652225554e-05,0.0002148184151169705,31.02097511291504,2210,,True,,,,balanced,1125.9719644163224,1.2448214358438262e-05,1.2074896759896323e-05,1.5095942591489687e-10,1.4526857069189568e-05,31.0256929397583,,109678.76199990179,0.0010746016572228724,,-0.1310454507101669,,,,,,,,
quantum/hydrogen,pinn,interp,7,0.12571970375263225,7.189801305669714e-06,0.00010413398653640719,0.13772206623622474,7.876206052736641e-06,0.0001155989857011103,38.74356198310852,2210,,True,,,,unbalanced,1.0,6.0343251510336546e-06,6.800665165706276e-06,3.4539454899742356e-11,8.260792785432017e-06,38.74969983100891,,109678.77255628016,0.0010842265760487599,,-0.03479730934843134,,,,,,,,
quantum/hydrogen,physics,extrap,7,0.02991865589197027,1.7110220973732362e-06,2.3793689084301658e-05,0.014202607188426815,8.122348419479725e-07,1.2830236771961759e-05,0.004351139068603516,1,R*(1 - 1/n**2),True,,,,physics,,,,,,,,109678.78840712112,0.001098678791770095,0.00037149099511970407,,,,,,,,,
quantum/hydrogen,pinn,extrap,7,0.04929080963960015,2.8188988434272734e-06,4.437448424280749e-05,8.759472254856785,0.0005009466549401436,0.0061869755303515924,39.5261070728302,2210,,True,,,,balanced,1252.5870822698096,1.2518662509993329e-06,0.00027603071022998244,2.399095014006774e-12,0.0005015545837867678,39.52897620201111,,109678.80935798245,0.001117781019119931,,0.19102017480021194,,,,,,,,
quantum/hydrogen,pinn,extrap,7,0.15568146408232736,8.903288508618159e-06,0.00014679475886329634,179.30937886382964,0.010254548553587371,0.14809720621650396,54.65247702598572,2210,,True,,,,unbalanced,1.0,4.814736022247042e-06,0.005635956804345814,2.3932571158940476e-11,0.01025532485347114,54.66397285461426,,109678.82223815755,0.0011295246906144621,,0.3084555995074167,,,,,,,,
quantum/hydrogen,physics,interp,19,0.013253833139550123,7.579752733061211e-07,6.956420751905994e-06,0.024982126068167652,1.428706219167785e-06,1.4706459903885169e-05,0.007843971252441406,1,R*(1 - 1/n**2),True,,,,physics,,,,,,,,109678.77743547979,0.0010886752514041684,0.00018464965372519821,,,,,,,,,
quantum/hydrogen,pinn,interp,19,0.024737723366100545,1.4147290396646515e-06,1.9426998849298608e-05,0.029306230966133835,1.6759980446593728e-06,2.461978914479591e-05,33.268641233444214,2210,,True,,,,balanced,402.7873720855885,1.5137911882978047e-05,1.9825649583350716e-05,2.491123917949852e-10,1.7988206688662308e-06,33.27530789375305,,109678.77990828299,0.0010909298627145591,,0.02254586765262691,,,,,,,,
quantum/hydrogen,pinn,interp,19,0.21509907095991065,1.230133014216181e-05,0.00015006318005424753,1.2032722614300067,6.881410167278154e-05,0.00045304203608456233,39.044135332107544,2210,,True,,,,unbalanced,1.0,0.00013939838137117853,0.0007763223927445332,1.8834450041132783e-08,6.959899233052603e-05,39.04952597618103,,109678.77931670386,0.0010903904825533264,,0.017152124760642866,,,,,,,,
quantum/hydrogen,physics,extrap,19,0.02991865589197027,1.7110220973732362e-06,2.3793689084301658e-05,0.014202607188426815,8.122348419479725e-07,1.2830236771961759e-05,0.03394794464111328,1,R*(1 - 1/n**2),True,,,,physics,,,,,,,,109678.78840712112,0.001098678791770095,0.00037149099511970407,,,,,,,,,
quantum/hydrogen,pinn,extrap,19,0.03008569601117554,1.720574977560771e-06,2.4767354213842412e-05,11.095683447513226,0.0006345525558602672,0.007704133546640524,42.5118191242218,2210,,True,,,,balanced,2341.7791113538465,4.520277710094033e-07,0.0003494743164312183,8.937903688533928e-13,0.0006351942954969242,42.51903796195984,,109678.80856000734,0.0011170534546668016,,0.18374461020400157,,,,,,,,
quantum/hydrogen,pinn,extrap,19,0.20987192134559707,1.2002393969070994e-05,0.00019254268889305266,215.71500460610295,0.01233655485556324,0.16726978323902345,51.147098779678345,2210,,True,,,,unbalanced,1.0,6.525319398514764e-06,0.00677726079685491,4.3493486362771e-11,0.012335815477047023,51.1567108631134,,109678.82230481805,0.0011295854692189896,,0.3090633788751492,,,,,,,,
quantum/cmb,physics,interp,3,0.08409864655141393,0.0006162673347787545,0.4178534696748863,0.02520780728699003,0.00018472054960923305,0.09515691535057473,0.0038251876831054688,1,2*h*nu**3/c**2 / (exp(h*nu/(k*T)) - 1),True,,,,physics,,,,,,,,,,,,2.725017492597637,-0.016969759541914712,9.312497741361279e-06,,,,,
quantum/cmb,pinn,interp,3,0.08440265181911238,0.0006184950580985191,0.419509443608507,0.025216003131638066,0.00018478060802330535,0.09444930208600219,33.034550189971924,2210,,True,,,,balanced,520457.16117217764,5.404241658294287e-06,5.243653700301115e-06,4.266261195608342e-07,9.692091827567824e-06,33.03919267654419,,,,,,2.7250215926173946,-0.01681932659955299,,1.5045847480310834,,,,
quantum/cmb,pinn,interp,3,0.06391655072596049,0.0004683747477441001,0.3100535734363814,0.03975086986385035,0.0002912908070542581,0.17446572718762834,32.31912899017334,2210,,True,,,,unbalanced,1.0,0.0002513147478157498,0.0001741562584574003,2.446594063537548e-07,0.00016257540712998577,32.32183504104614,,,,,,2.725022276937524,-0.016794218356988324,,1.755709788993367,,,,
quantum/cmb,physics,extrap,3,0.018344030066933317,0.0001344234061072445,0.005472375401848424,0.07810700552609388,0.0005723611270448686,0.38276656974680556,0.003255128860473633,1,2*h*nu**3/c**2 / (exp(h*nu/(k*T)) - 1),True,,,,physics,,,,,,,,,,,,2.7249913544816624,-0.01792878752871846,2.7022960174236015e-05,,,,,
quantum/cmb,pinn,extrap,3,0.018211002737514605,0.00013344859377535418,0.0052981709323551545,0.13529024526392588,0.0009913947761262974,0.7280600860735771,63.07841491699219,2210,,True,,,,balanced,774721.1059567828,1.4891190691005569e-06,0.0015737193199909553,8.565689690323698e-08,0.0007258370233133752,63.08185577392578,,,,,,2.724997997434194,-0.017685052387326473,,2.437788479836806,,,,
quantum/cmb,pinn,extrap,3,0.010347760921239176,7.582746340586146e-05,0.0028351256994447026,0.8424328316058314,0.0061732721887082075,3.113157993745435,35.09555196762085,2210,,True,,,,unbalanced,1.0,0.0001339401906202505,0.013369724114346603,2.76558741293168e-08,0.00610713548127801,35.09887194633484,,,,,,2.724998017378439,-0.017684320617329177,,2.4451074920198876,,,,
quantum/cmb,physics,interp,7,0.0817097837685776,0.0005987619626865808,0.3797357709756219,0.03934360574810097,0.0002883064121625941,0.18319141150025023,0.016078948974609375,1,2*h*nu**3/c**2 / (exp(h*nu/(k*T)) - 1),True,,,,physics,,,,,,,,,,,,2.7250168882032844,-0.016991935245012434,8.573914745033408e-06,,,,,
quantum/cmb,pinn,interp,7,0.08170787459885914,0.000598747972462216,0.3800189859191274,0.03936654140819628,0.00028847448262148893,0.18333226905985242,31.79800510406494,2210,,True,,,,balanced,4278754.205849846,3.973706205374344e-07,4.485563599018069e-07,3.5131782176991333e-07,9.556109721882551e-06,31.817718029022217,,,,,,2.725011751355145,-0.01718041023434634,,-1.885070203247308,,,,
quantum/cmb,pinn,interp,7,0.06157945483907131,0.00045124871881978127,0.32386374110112315,0.022751490679424242,0.00016672088194285832,0.043062968146193786,33.10427188873291,2210,,True,,,,unbalanced,1.0,0.00022252806155295554,0.00021537398828879118,1.9954646270006112e-07,0.00021764614634869726,33.10766816139221,,,,,,2.725012005809002,-0.017171074122648736,,-1.791693219714683,,,,
quantum/cmb,physics,extrap,7,0.018344030066933317,0.0001344234061072445,0.005472375401848424,0.07810700552609388,0.0005723611270448686,0.38276656974680556,0.0074460506439208984,1,2*h*nu**3/c**2 / (exp(h*nu/(k*T)) - 1),True,,,,physics,,,,,,,,,,,,2.7249913544816624,-0.01792878752871846,2.7022960174236015e-05,,,,,
quantum/cmb,pinn,extrap,7,0.018654004480943134,0.00013669487079549786,0.005393860384908266,0.3162396910084808,0.00231737607584336,1.155375579702757,62.56480574607849,2210,,True,,,,balanced,17935.95614431815,1.659367571751831e-05,0.005122067312005546,8.98749726704757e-08,0.0023264468470661475,62.56695199012756,,,,,,2.724997997777626,-0.017685039786538737,,2.4379145103098865,,,,
quantum/cmb,pinn,extrap,7,0.014332739238219318,0.00010502902689422404,0.0038934484317546007,1.5919738543962736,0.011665841538680005,6.6970412839304,34.12491273880005,2210,,True,,,,unbalanced,1.0,0.00016247859932430863,0.02575670972129105,5.3058261652971636e-08,0.011735792386556386,34.12814521789551,,,,,,2.7249980222627475,-0.017684141408216905,,2.4468999045004503,,,,
quantum/cmb,physics,interp,19,0.031183302157248047,0.00022850843976780677,0.12766937474481357,0.12128242970968879,0.0008887467608291125,0.7649768161392618,0.020087003707885742,1,2*h*nu**3/c**2 / (exp(h*nu/(k*T)) - 1),True,,,,physics,,,,,,,,,,,,2.725016085600988,-0.017021383353095394,8.47903541140972e-06,,,,,
quantum/cmb,pinn,interp,19,0.031171331114901453,0.0002284207170437918,0.12774971381582725,0.12134773490149918,0.0008892253114141044,0.7657994251126319,32.39996027946472,2210,,True,,,,balanced,490761.45387399365,4.865406631638359e-07,7.953656498542677e-07,5.1457351247327094e-08,7.782948893405937e-06,32.40381622314453,,,,,,2.7250120322837814,-0.017170102742221884,,-1.487447075333788,,,,
quantum/cmb,pinn,interp,19,0.03253454335745117,0.00023841021402030125,0.1288695849590425,0.11982290694796253,0.0008780515090111409,0.7584397626547044,43.68226099014282,2210,,True,,,,unbalanced,1.0,6.533083376854647e-05,0.0001023344086676357,5.6056523649602406e-08,0.00010274629162693531,43.68661284446716,,,,,,2.725010987360211,-0.017208441808013487,,-1.8709030027531914,,,,
quantum/cmb,physics,extrap,19,0.018344030066933317,0.0001344234061072445,0.005472375401848424,0.07810700552609388,0.0005723611270448686,0.38276656974680556,0.008921146392822266,1,2*h*nu**3/c**2 / (exp(h*nu/(k*T)) - 1),True,,,,physics,,,,,,,,,,,,2.7249913544816624,-0.01792878752871846,2.7022960174236015e-05,,,,,
quantum/cmb,pinn,extrap,19,0.018235648707268286,0.00013362919722993954,0.005290841899248297,0.10924392980322384,0.0008005297138691967,0.5854885430761149,54.55337405204773,2210,,True,,,,balanced,34401.471405115764,3.82614540562801e-06,0.001009900883685445,8.588890234014878e-08,0.0004678853672722289,54.617905139923096,,,,,,2.7249979969868923,-0.017685068799178742,,2.4376243318843884,,,,
quantum/cmb,pinn,extrap,19,0.02105488941675784,0.00015428834014580948,0.005424908469476563,3.4612100874196767,0.02536343690596055,16.53274583560752,32.420006275177,2210,,True,,,,unbalanced,1.0,0.00022895083431234033,0.055867161402086814,1.144986977875385e-07,0.025465835384339445,32.425158977508545,,,,,,2.724998250024016,-0.017675784668541254,,2.5304822865646703,,,,
quantum/helium,physics,interp,3,92.94954924819406,0.02691620959057645,0.01621957351338511,608.6785026707822,0.17626032921814666,0.050065436178571274,0.007415771484375,2,L - R/n**2,True,,,,physics,,,,,,,,114352.50903033398,4.219957578019792,562.6120620845393,,,,,,198329.7939446567,0.009645257618682098,9.439872341691268,
quantum/helium,pinn,interp,3,92.94933926802875,0.02691614878479326,0.016219590024574477,608.6782156714928,0.17626024610926566,0.0500653719825912,53.31690692901611,2275,,True,,,,balanced,11172405.931264896,1.6681473104213695e-06,2.144120084787116e-06,0.003040693885546393,1.0419234736818628e-06,53.35698103904724,,114352.52514254568,4.219972262560026,,0.14089950308399957,,,,,198329.79407385943,0.009645322770361725,,0.0006514539618713284
quantum/helium,pinn,interp,3,48.20215984131755,0.013958318760029688,0.008339748272908232,571.5200924253562,0.1655000451037195,0.0410660938509652,56.60463309288025,2275,,True,,,,unbalanced,1.0,0.027120929639970048,0.035253006925613645,0.0008177359368542778,0.01713186550327152,56.61180901527405,,114253.31224350857,4.1295504238393965,,-867.4648913833671,,,,,198329.00132668376,0.009245572625711839,,-3.996464460409736
quantum/helium,physics,extrap,3,928.6267310966844,0.26891052111364455,0.19921629569195637,296.2184292506282,0.08577854751088168,0.1487776019669453,0.0035011768341064453,2,L - R/n**2,True,,,,physics,,,,,,,,125606.07122509096,14.476363707491439,1863.4997834563612,,,,,,198646.54802336736,0.16937145112542398,115.87111950655631,
quantum/helium,pinn,extrap,3,928.6176793336222,0.26890789991586883,0.19921406363631078,295.83247902518815,0.08566678454652629,0.14859766473335714,68.90987706184387,2275,,True,,,,balanced,7732026.348538535,4.740524266850272e-06,9.73696658585589e-05,0.02153641767893344,0.00017848306827595954,68.9389078617096,,125606.06092041719,14.476354315894596,,-0.08203961531105759,,,,,198646.5476287548,0.16937125213837098,,-0.0019865059557393075
quantum/helium,pinn,extrap,3,467.1632356130275,0.13528052222390313,0.1006570678525866,3286.902592897464,0.9518169782405507,1.330155737373209,45.597512006759644,2275,,True,,,,unbalanced,1.0,0.07312310984574508,0.556612541205368,0.005450506796670328,1.0199947009824946,45.60487508773804,,125597.02650969886,14.468120426583456,,-72.00858448863697,,,,,198646.23777508124,0.1692150055384099,,-1.5618106088487322
quantum/helium,physics,interp,7,364.35824707175544,0.1055103873398176,0.05465764511019747,505.11025359839863,0.14626917034208073,0.04831205065443328,0.00477910041809082,2,L - R/n**2,True,,,,physics,,,,,,,,118938.43638263523,8.399534905754106,960.7912650281634,,,,,,198349.17626126308,0.019418971237403174,34.2444140957986,
quantum/helium,pinn,interp,7,364.3571065509532,0.10551005706928693,0.05465727817247504,505.1093249982343,0.14626890143925278,0.048311555705876065,56.885066986083984,2275,,True,,,,balanced,871394.6381075956,3.0022964688162297e-06,2.9949441155044907e-06,0.008155024500199136,3.4966354837932457e-06,56.900458097457886,,118938.45123926889,8.399548445970604,,0.12491028223776261,,,,,198349.176422268,0.01941905242563428,,0.000811724682475247
quantum/helium,pinn,interp,7,182.7224488616384,0.052912529111149006,0.027591922195168112,420.88271828999757,0.12187867020522668,0.03470967478332219,62.68168616294861,2275,,True,,,,unbalanced,1.0,0.04507688590384316,0.03955344143363626,0.0020509477437523787,0.046212449494488404,62.691526889801025,,118945.26911705239,8.405762204981173,,57.447656325111225,,,,,198349.25756122085,0.01945996749809315,,0.4098830118355926
quantum/helium,physics,extrap,7,928.6267310966844,0.26891052111364455,0.19921629569195637,296.2184292506282,0.08577854751088168,0.1487776019669453,0.007021903991699219,2,L - R/n**2,True,,,,physics,,,,,,,,125606.07122509096,14.476363707491439,1863.4997834563612,,,,,,198646.54802336736,0.16937145112542398,115.87111950655631,
quantum/helium,pinn,extrap,7,928.628085185604,0.26891091322895294,0.19921661294934287,295.8027861424953,0.08565818612017163,0.14857957273055497,60.52183794975281,2275,,True,,,,balanced,11020382.159185126,9.586758219427965e-07,7.931757363401918e-05,0.02153690034480382,0.00014546203764040128,60.530988931655884,,125606.05626665271,14.476350074491057,,-0.11909008935104938,,,,,198646.54746401715,0.16937116906787056,,-0.0028158063621051958
quantum/helium,pinn,extrap,7,464.4731540375082,0.13450153189971034,0.09979913865945701,341.31441252664627,0.09883738370070877,0.12366084183914774,44.769710063934326,2275,,True,,,,unbalanced,1.0,0.07336434137663554,0.044992601833225586,0.00538791585813267,0.08244366476651328,44.80933976173401,,125606.27243067819,14.476547084646374,,1.6018778811437104,,,,,198646.54977611397,0.1693723349642228,,0.008823443593867844
quantum/helium,physics,interp,19,136.3141000948868,0.03947365982924417,0.017337760374657375,630.7238134540896,0.1826441816448912,0.04580654956112008,0.004453897476196289,2,L - R/n**2,True,,,,physics,,,,,,,,112862.40669439115,2.861890286311527,388.74574246810204,,,,,,198318.13414569915,0.0037656954292239592,12.66537556191163,
quantum/helium,pinn,interp,19,136.31433753917474,0.03947372858805227,0.01733709448776736,630.7241071691566,0.18264426669851835,0.04580656718049854,57.766448974609375,2275,,True,,,,balanced,814850.284815178,2.4170848985288588e-06,2.7014133939914727e-06,0.0014926432428605607,2.7604878160237473e-06,57.77196025848389,,112862.40738014219,2.861890911299518,,0.006075991690448661,,,,,198318.134157728,0.003765701494881535,,6.0654291702716485e-05
quantum/helium,pinn,interp,19,69.98452815155525,0.020266028647378923,0.009855437115143754,606.6249739450128,0.17566567104034864,0.04423150418640973,63.22101879119873,2275,,True,,,,unbalanced,1.0,0.01905568285501382,0.020877879770863243,0.0003934386510180679,0.02127542561741378,63.23103618621826,,112805.92313430748,2.8104116236595886,,-500.4638988127643,,,,,198317.62032238068,0.0035065952366447393,,-2.590904360225128
quantum/helium,physics,extrap,19,928.6267310966844,0.26891052111364455,0.19921629569195637,296.2184292506282,0.08577854751088168,0.1487776019669453,0.0054759979248046875,2,L - R/n**2,True,,,,physics,,,,,,,,125606.07122509096,14.476363707491439,1863.4997834563612,,,,,,198646.54802336736,0.16937145112542398,115.87111950655631,
quantum/helium,pinn,extrap,19,928.6269580653905,0.2689105868389473,0.19921633219818743,296.1760730923391,0.08576628206964843,0.14875767433117001,57.45044779777527,2275,,True,,,,balanced,38997084.24158425,1.3129539069251767e-07,9.745063209965796e-06,0.02153684806410851,1.7851548956192477e-05,57.468157052993774,,125606.07198351885,14.476364398716523,,0.0060381467738433335,,,,,198646.54805211173,0.1693714656200397,,0.00014470107501380445
quantum/helium,pinn,extrap,19,464.4293069054169,0.13448883470422246,0.09965676948875436,1123.5572167202247,0.3253582376337761,0.4427340231454168,44.60227823257446,2275,,True,,,,unbalanced,1.0,0.07336835483226929,0.2068405369006877,0.005386898647534786,0.3790292815528717,44.60948395729065,,125603.32761129284,14.473863199928688,,-21.84300305991111,,,,,198646.45145039688,0.16932275330586416,,-0.4861547881785484
