track,split,variant,nrmse_in,nrmse_out,w_phys_final,correction_rms_frac,correction_rms_frac_out,rms_gap_to_physics_out,nrmse_in_vs_physics,nrmse_out_vs_physics
gravity/kepler,extrap,balanced,1.1449027491114278e-08,7.79854436166981e-05,796347.0224275407,1.3699318342507294e-12,0.0003542863148519384,3.877625969046261e-06,0.9999986979811653,1.031818309691833
gravity/kepler,extrap,physics,1.144904239798312e-08,7.558059678160736e-05,,,,,1.0,1.0
gravity/kepler,extrap,unbalanced,5.724521199697539e-09,0.00032009404081141066,1.0,5.223073330648005e-07,0.03092040713278199,0.0003388896027875388,0.5000000000616628,4.235135133112709
gravity/kepler,interp,balanced,4.666813064763367e-05,1.9676691761096067e-06,213941.29414430074,6.063480579619024e-07,1.1460548103337972e-06,1.2290655497875478e-06,1.000284039955175,2.6577734797681574
gravity/kepler,interp,physics,4.665487879795121e-05,7.40344950797406e-07,,,,,1.0,1.0
gravity/kepler,interp,unbalanced,2.5715083803791404e-05,3.982861299304517e-05,1.0,2.4417591595121588e-05,3.67746180004113e-05,3.941229167467448e-05,0.5511767357741084,53.797372360204285
quantum/cmb,extrap,balanced,0.00013362919722993954,0.0009913947761262974,34401.471405115764,3.82614540562801e-06,0.0015737193199909553,0.0007258370233133752,0.9940917366974666,1.732114095946596
quantum/cmb,extrap,physics,0.0001344234061072445,0.0005723611270448686,,,,,1.0,1.0
quantum/cmb,extrap,unbalanced,0.00010502902689422404,0.011665841538680005,1.0,0.00016247859932430863,0.02575670972129105,0.011735792386556386,0.7813299032940045,20.381959898135246
quantum/cmb,interp,balanced,0.000598747972462216,0.00028847448262148893,520457.16117217764,4.865406631638359e-07,7.953656498542677e-07,9.556109721882551e-06,0.9999766347476349,1.000582957755376
quantum/cmb,interp,physics,0.0005987619626865808,0.0002883064121625941,,,,,1.0,1.0
quantum/cmb,interp,unbalanced,0.00045124871881978127,0.0002912908070542581,1.0,0.00022252806155295554,0.0001741562584574003,0.00016257540712998577,0.7536362476919486,1.0103514690127007
quantum/helium,extrap,balanced,0.2689105868389473,0.08566678454652629,11020382.159185126,9.586758219427965e-07,7.931757363401918e-05,0.00014546203764040128,1.000000244413281,0.9986970755789353
quantum/helium,extrap,physics,0.26891052111364455,0.08577854751088168,,,,,1.0,1.0
quantum/helium,extrap,unbalanced,0.13450153189971034,0.3253582376337761,1.0,0.07336434137663554,0.2068405369006877,0.3790292815528717,0.5001720696635313,3.7930024123164574
quantum/helium,interp,balanced,0.03947372858805227,0.17626024610926566,871394.6381075956,2.4170848985288588e-06,2.7014133939914727e-06,2.7604878160237473e-06,1.0000017418908813,0.9999995284878829
quantum/helium,interp,physics,0.03947365982924417,0.17626032921814666,,,,,1.0,1.0
quantum/helium,interp,unbalanced,0.020266028647378923,0.1655000451037195,1.0,0.027120929639970048,0.035253006925613645,0.02127542561741378,0.5134063761770775,0.9389523203425438
quantum/hydrogen,extrap,balanced,2.8188988434272734e-06,0.0006345525558602672,1252.5870822698096,1.2518662509993329e-06,0.0003494743164312183,0.0006351942954969242,1.6474941193073143,781.2427183478462
quantum/hydrogen,extrap,physics,1.7110220973732362e-06,8.122348419479725e-07,,,,,1.0,1.0
quantum/hydrogen,extrap,unbalanced,1.2002393969070994e-05,0.010254548553587371,1.0,6.525319398514764e-06,0.005635956804345814,0.01025532485347114,7.014751000292216,12625.103016996929
quantum/hydrogen,interp,balanced,1.5031048174736875e-05,1.4516354002416378e-05,402.7873720855885,1.45485110399903e-05,1.2211234904553686e-05,1.438908475916701e-05,19.830525749441346,10.16048912481958
quantum/hydrogen,interp,physics,7.579752733061211e-07,1.428706219167785e-06,,,,,1.0,1.0
quantum/hydrogen,interp,unbalanced,1.230133014216181e-05,2.1680460697091362e-05,1.0,1.5443230400717854e-05,1.745855092078868e-05,2.1868225868464565e-05,16.229197145846353,15.174890685168386
