model,noise,loss,seed,realisation,robust_scale,nrmse_in,nrmse_out,seconds,theta_gamma,err_gamma_pct,theta_omega0,err_omega0_pct
physics,gaussian,mse,11,0,0.03941394221529968,0.020112750616621662,0.019486106279821804,4.30191707611084,0.19999038180126685,-0.004809099366578917,1.9935233843478246,-0.3238307826087694
physics,gaussian,l1,11,0,0.03941394221529968,0.035588590932314326,0.03958858934320709,4.180679082870483,0.193086845052026,-3.4565774739870045,1.9888051583289441,-0.5597420835527944
physics,gaussian,huber,11,0,0.03941394221529968,0.027204664382533567,0.028384052414156546,5.711755990982056,0.19678695000985966,-1.6065249950701772,1.9909585811313477,-0.4520709434326142
physics,gaussian,cauchy,11,0,0.03941394221529968,0.029404194327895736,0.030779345079271134,4.24055027961731,0.19640963408540132,-1.7951829572993434,1.9902441000738806,-0.487794996305968
physics,gaussian,gauss_nll,11,0,0.03941394221529968,0.020510863342568356,0.019896685406263343,4.955344915390015,0.19993271571226945,-0.03364214386528119,1.993381002163238,-0.33094989183809487
physics,gaussian,mse,11,1,0.050718719045458716,0.027197357257838325,0.03112663755472165,4.38942289352417,0.2096878944425354,4.8439472212677,2.001404097622137,0.07020488110685008
physics,gaussian,l1,11,1,0.050718719045458716,0.0439575942482779,0.05119713136951153,5.217473030090332,0.21404464746069723,7.022323730348612,2.010695986792387,0.5347993396193518
physics,gaussian,huber,11,1,0.050718719045458716,0.03198639840095459,0.03665528265273283,4.557892799377441,0.2114781390982375,5.73906954911875,2.0020315082066147,0.10157541033073425
physics,gaussian,cauchy,11,1,0.050718719045458716,0.031375995563215776,0.03601598351928537,4.143493175506592,0.21126483250367747,5.632416251838731,2.0020897637225703,0.10448818612851518
physics,gaussian,gauss_nll,11,1,0.050718719045458716,0.02879308284731292,0.033042036168101356,5.279296875,0.2103025416496021,5.151270824801046,2.00175690320224,0.08784516011199894
physics,gaussian,mse,11,2,0.04046817370589555,0.039522231066792264,0.040392974889252614,4.413415193557739,0.19644215552159325,-1.7789222392033817,1.9868569571968047,-0.6571521401597669
physics,gaussian,l1,11,2,0.04046817370589555,0.021169724751959433,0.020452289932776754,5.225380897521973,0.20012266665866985,0.0613333293349172,1.993217471597294,-0.33912642013530503
physics,gaussian,huber,11,2,0.04046817370589555,0.0371115356558705,0.03661630487033227,4.3934478759765625,0.1986215042538448,-0.6892478730776003,1.9877912897957322,-0.6104355102133918
physics,gaussian,cauchy,11,2,0.04046817370589555,0.03760111739518824,0.03672179660384588,3.948309898376465,0.1992896359855574,-0.35518200722130244,1.9877453081016692,-0.6127345949165419
physics,gaussian,gauss_nll,11,2,0.04046817370589555,0.035145179924913436,0.036351901477431545,5.138320207595825,0.19626846026129047,-1.865769869354772,1.988316725933311,-0.5841637033344504
physics,gaussian,mse,11,3,0.06476634624870983,0.03266756758130687,0.033531680324894834,4.610184192657471,0.2091777343555696,4.588867177784797,1.9957921603564612,-0.21039198217693844
physics,gaussian,l1,11,3,0.06476634624870983,0.04843836980672086,0.05177905547531451,4.299816846847534,0.21593567289851373,7.967836449256859,1.9974537144821614,-0.12731427589193212
physics,gaussian,huber,11,3,0.06476634624870983,0.03474859989646364,0.03538094977168135,6.103363037109375,0.20950694415727533,4.75347207863766,1.995161381823021,-0.24193090884895296
physics,gaussian,cauchy,11,3,0.06476634624870983,0.03306743562853406,0.03416390575399683,6.038441896438599,0.20951876273359127,4.759381366795629,1.9960623140639169,-0.1968842968041562
physics,gaussian,gauss_nll,11,3,0.06476634624870983,0.034786287472227444,0.03583865727252142,6.371672868728638,0.20995340537390034,4.976702686950163,1.995753930240734,-0.21230348796329457
physics,gaussian,mse,23,0,0.0584947837612678,0.017859963749150734,0.019139101488554182,4.338047981262207,0.19725937114212086,-1.370314428939576,1.994130925492254,-0.29345372538730485
physics,gaussian,l1,23,0,0.0584947837612678,0.04524851544938521,0.04662347586162107,5.65115213394165,0.18901230708471384,-5.4938464576430865,2.0072423658545384,0.36211829272692064
physics,gaussian,huber,23,0,0.0584947837612678,0.014116932032624365,0.01644401575283982,6.718691110610962,0.19632431988766855,-1.837840056165732,1.9960049466091887,-0.19975266954056492
physics,gaussian,cauchy,23,0,0.0584947837612678,0.015082095540845384,0.0181018263580291,5.474854946136475,0.19541437236807913,-2.292813815960443,1.9964026165492914,-0.17986917253542956
physics,gaussian,gauss_nll,23,0,0.0584947837612678,0.018340003491334442,0.01970142351502474,4.979281187057495,0.19713125065041545,-1.4343746747922799,1.9939850201032876,-0.3007489948356201
physics,gaussian,mse,23,1,0.03963885145216644,0.04662100287162751,0.04618817106976054,4.490962028503418,0.1907704675724213,-4.614766213789354,2.0096585698493,0.4829284924650068
physics,gaussian,l1,23,1,0.03963885145216644,0.05515539272928466,0.06685997434695386,5.601988077163696,0.18137037119489155,-9.31481440255423,1.9974074351454392,-0.12962824272804152
physics,gaussian,huber,23,1,0.03963885145216644,0.04081915625551734,0.04041387132095487,6.5849058628082275,0.19185235078531887,-4.073824607340571,2.0084283114728865,0.4214155736443237
physics,gaussian,cauchy,23,1,0.03963885145216644,0.04187227072714093,0.04208006819978096,5.298851013183594,0.19086477843627567,-4.567610781862172,2.007875742801189,0.3937871400594428
physics,gaussian,gauss_nll,23,1,0.03963885145216644,0.04877787668160064,0.04880405208528944,5.092615365982056,0.18976229288541052,-5.118853557294745,2.0095302837702262,0.4765141885113122
physics,gaussian,mse,23,2,0.047712696359494586,0.02866519698079872,0.029283451090793236,3.975616931915283,0.2026420596145426,1.3210298072712927,2.009676105871128,0.4838052935564052
physics,gaussian,l1,23,2,0.047712696359494586,0.027332116506991674,0.03147720049010507,3.9160640239715576,0.20748596681398376,3.742983406991876,2.0077761611686866,0.3888080584343312
physics,gaussian,huber,23,2,0.047712696359494586,0.034794660783276615,0.035808546591439894,4.495038270950317,0.20362491642745012,1.8124582137250544,2.0117744379035303,0.5887218951765139
physics,gaussian,cauchy,23,2,0.047712696359494586,0.03296791242941342,0.03396884231079679,4.553569793701172,0.20349021460964326,1.7451073048216221,2.011151598081297,0.5575799040648421
physics,gaussian,gauss_nll,23,2,0.047712696359494586,0.029268102526764202,0.030115678051278714,4.91078782081604,0.20302755548412532,1.5137777420626553,2.009890045940132,0.49450229700660486
physics,gaussian,mse,23,3,0.045194657636297465,0.050272366974735645,0.04805696843192469,4.055300951004028,0.194542068223312,-2.7289658883440095,2.013775935285824,0.6887967642912107
physics,gaussian,l1,23,3,0.045194657636297465,0.03566649373076905,0.03444635312859856,3.814445972442627,0.19935614236834737,-0.32192881582632227,2.0112908516692105,0.5645425834605255
physics,gaussian,huber,23,3,0.045194657636297465,0.050270707492919994,0.048005782330588206,4.622666120529175,0.19525489518103384,-2.3725524094830863,2.0141863817484267,0.709319087421334
physics,gaussian,cauchy,23,3,0.045194657636297465,0.04890593580996307,0.046690085923168784,4.0966057777404785,0.19564885385176772,-2.175573074116144,2.0139499146302904,0.6974957315145192
physics,gaussian,gauss_nll,23,3,0.045194657636297465,0.04446887057315474,0.04243083596373922,5.032130002975464,0.1958428820242696,-2.0785589878652004,2.0125858206786007,0.629291033930035
physics,gaussian,mse,42,0,0.0468414096018816,0.09444498614077797,0.1144251176276092,4.015992879867554,0.1696995142539399,-15.15024287303006,1.9998863596806102,-0.005682015969488141
physics,gaussian,l1,42,0,0.0468414096018816,0.11561126008447678,0.14522405155792625,3.8540091514587402,0.1625008155303731,-18.749592234813456,1.9958892131618045,-0.2055393419097773
physics,gaussian,huber,42,0,0.0468414096018816,0.095007675440849,0.11569221896576111,4.603187322616577,0.16935958594990844,-15.320207025045788,1.999237379793169,-0.038131010341546645
physics,gaussian,cauchy,42,0,0.0468414096018816,0.0956312524652528,0.11630857686625205,4.223222970962524,0.16922761348716125,-15.386193256419379,1.9994614000758884,-0.02692999620558245
physics,gaussian,gauss_nll,42,0,0.0468414096018816,0.10084146832859324,0.1240078176518469,4.8943328857421875,0.16737175096960893,-16.314124515195537,1.9982794270111972,-0.08602864944013966
physics,gaussian,mse,42,1,0.0420496591794987,0.029672049830046055,0.03523495733441078,4.829648017883301,0.19181834146183233,-4.090829269083843,1.9921266765088514,-0.3936661745574277
physics,gaussian,l1,42,1,0.0420496591794987,0.006569493948100884,0.007371135581226978,5.266734838485718,0.19858797934221104,-0.706010328894488,1.997953969306851,-0.10230153465744518
physics,gaussian,huber,42,1,0.0420496591794987,0.02838421242967907,0.03319172136845752,4.465733051300049,0.1927113733480091,-3.644313325995449,1.9920000599105436,-0.3999970044728185
physics,gaussian,cauchy,42,1,0.0420496591794987,0.028836237926400134,0.03413426460069744,5.985497236251831,0.1921524514692378,-3.9237742653811107,1.9922444231761385,-0.38777884119307604
physics,gaussian,gauss_nll,42,1,0.0420496591794987,0.03368236480463615,0.03852675210602834,8.48475193977356,0.19234075787384847,-3.829621063075772,1.9899068165606328,-0.504659171968358
physics,gaussian,mse,42,2,0.04088972752682729,0.01958270477027526,0.021454433748368293,4.943614959716797,0.203773905076294,1.8869525381469965,2.0063548140873433,0.3177407043671643
physics,gaussian,l1,42,2,0.04088972752682729,0.017789971367657677,0.021018459515534157,4.067736864089966,0.20557933677764217,2.789668388821082,2.0042615844235208,0.21307922117603795
physics,gaussian,huber,42,2,0.04088972752682729,0.023366202504081054,0.026981385170753443,6.294790029525757,0.20642613181894043,3.2130659094702088,2.006598610589048,0.32993052945240464
physics,gaussian,cauchy,42,2,0.04088972752682729,0.02167778928101477,0.0248313834166456,7.0230162143707275,0.20564077978029208,2.820389890146033,2.0063498676252993,0.31749338126496607
physics,gaussian,gauss_nll,42,2,0.04088972752682729,0.02087051373506659,0.021668801514968895,5.624651908874512,0.20242493464468952,1.2124673223447568,2.0070336231724197,0.3516811586209867
physics,gaussian,mse,42,3,0.05404718261918305,0.04256915300609519,0.05147648690110339,4.929355144500732,0.1854406385335394,-7.279680733230307,1.9973976423924844,-0.13011788037577965
physics,gaussian,l1,42,3,0.05404718261918305,0.06805577636481107,0.08543014749110606,4.049008131027222,0.17717905382135987,-11.41047308932007,1.9914495309311082,-0.4275234534445893
physics,gaussian,huber,42,3,0.05404718261918305,0.042744761521780576,0.05151986717644117,6.229102849960327,0.18541731838504955,-7.291340807475233,1.9977128476687764,-0.11435761656117815
physics,gaussian,cauchy,42,3,0.05404718261918305,0.04540592205115584,0.05473235574076543,7.15015983581543,0.18455660556243964,-7.7216972187801876,1.9977459620896674,-0.11270189551663146
physics,gaussian,gauss_nll,42,3,0.05404718261918305,0.03738641778820631,0.0449794098973909,5.810778856277466,0.1871843182166801,-6.407840891659952,1.997832316271443,-0.10838418642784564
physics,student_t,mse,11,0,0.05152479616723498,0.03225715998791957,0.034971452963913824,4.034203052520752,0.20586872845314105,2.934364226570521,2.0106310719041707,0.5315535952085337
physics,student_t,l1,11,0,0.05152479616723498,0.04388856893226992,0.04499028148275348,4.489185094833374,0.20433040468561633,2.1652023428081617,2.014879505265698,0.7439752632848906
physics,student_t,huber,11,0,0.05152479616723498,0.03752164313174798,0.04131963229602113,5.353027820587158,0.2077941856604542,3.8970928302271,2.0121139548480724,0.6056977424036214
physics,student_t,cauchy,11,0,0.05152479616723498,0.035523646276707184,0.03899662040947173,5.622184991836548,0.20717512408702116,3.5875620435105726,2.01152445104876,0.5762225524380105
physics,student_t,gauss_nll,11,0,0.05152479616723498,0.04043528920001408,0.04282179626535709,5.629673004150391,0.2060255812660949,3.012790633047449,2.0136145461381663,0.6807273069083131
physics,student_t,mse,11,1,0.07790008046675288,0.005677178497892723,0.006246464219383001,4.385756254196167,0.20183026149867278,0.9151307493363847,1.9997281403425928,-0.013592982870358483
physics,student_t,l1,11,1,0.07790008046675288,0.04246046900622278,0.050471255404240224,4.596451759338379,0.1856989982285233,-7.150500885738362,1.9988783210455203,-0.05608394772398384
physics,student_t,huber,11,1,0.07790008046675288,0.004359662581660283,0.004235379891753693,5.836140871047974,0.19918736935272377,-0.4063153236381206,2.000973040568835,0.048652028441753536
physics,student_t,cauchy,11,1,0.07790008046675288,0.0038910953232422626,0.0039626936521100845,5.063942909240723,0.19902222632764258,-0.4888868361787174,2.000616251664667,0.030812583233341684
physics,student_t,gauss_nll,11,1,0.07790008046675288,0.018111994544244805,0.01844237321806357,6.1789891719818115,0.19558393450495215,-2.20803274752393,2.0029754544599014,0.14877272299507194
physics,student_t,mse,11,2,0.07543658826320834,0.06894746297352729,0.07343691199863775,4.523687362670898,0.19044931814224314,-4.775340928878435,1.977564574307055,-1.121771284647255
physics,student_t,l1,11,2,0.07543658826320834,0.018164449182487878,0.021379878222372917,4.6802098751068115,0.19374315541618461,-3.128422291907698,1.9992641103045168,-0.03679448477416081
physics,student_t,huber,11,2,0.07543658826320834,0.006164392398892315,0.0073895825989877305,5.888766050338745,0.20207170090904775,1.0358504545238678,2.0011870443726814,0.05935221863406781
physics,student_t,cauchy,11,2,0.07543658826320834,0.0161380410382507,0.0169667073006537,4.95179009437561,0.2021579911858186,1.0789955929092905,2.005413194343703,0.2706597171851399
physics,student_t,gauss_nll,11,2,0.07543658826320834,0.021899901915909886,0.026049609635439574,6.277302026748657,0.19378388890580822,-3.108055547095895,1.994309895139536,-0.2845052430232031
physics,student_t,mse,11,3,0.04179125706735266,0.040900256128548466,0.04539980095717896,4.763175964355469,0.20908077402638092,4.540387013190456,2.013009815171221,0.6504907585610509
physics,student_t,l1,11,3,0.04179125706735266,0.04642324677564346,0.047411459260399864,4.433348894119263,0.21321427785029173,6.607138925145861,1.9940889028763367,-0.2955548561831667
physics,student_t,huber,11,3,0.04179125706735266,0.035010333840029856,0.039896894055423425,5.3078978061676025,0.212552429056793,6.276214528396496,2.0019358492011614,0.09679246005807052
physics,student_t,cauchy,11,3,0.04179125706735266,0.037705286595926986,0.042575663609840386,5.008181810379028,0.21343951336982844,6.719756684914216,2.0014554645247413,0.07277322623706617
physics,student_t,gauss_nll,11,3,0.04179125706735266,0.04123688682040134,0.04548272460221099,6.6839518547058105,0.20874219413502557,4.371097067512777,2.013280196579033,0.6640098289516505
physics,student_t,mse,23,0,0.06162781038725474,0.04138052791616223,0.03960265818829397,4.5689170360565186,0.19776118583404195,-1.1194070829790292,2.0125186302732363,0.6259315136618149
physics,student_t,l1,23,0,0.06162781038725474,0.04781842110681521,0.05170233886975203,3.9131569862365723,0.18656167183742017,-6.719164081289919,2.0051109572074823,0.2555478603741168
physics,student_t,huber,23,0,0.06162781038725474,0.040819597372710216,0.039133432131652574,5.464632272720337,0.19814488897697569,-0.9275555115121625,2.012499630242097,0.6249815121048607
physics,student_t,cauchy,23,0,0.06162781038725474,0.04081203275659397,0.03899183651620197,5.585955858230591,0.1973766033316719,-1.3116983341640576,2.0121604295737714,0.6080214786885696
physics,student_t,gauss_nll,23,0,0.06162781038725474,0.043298755718649336,0.041481015129039206,5.464529991149902,0.19783936091905013,-1.0803195404749388,2.0131752493031234,0.6587624651561708
physics,student_t,mse,23,1,0.10050027583861901,0.048583815949932545,0.046339058107679874,4.48976469039917,0.20165704228477244,0.8285211423862127,1.9848243288389558,-0.7587835580522118
physics,student_t,l1,23,1,0.10050027583861901,0.05016929308597321,0.050147657045874754,4.492738962173462,0.19707040125071615,-1.4647993746419314,1.9834025605222254,-0.8298719738887295
physics,student_t,huber,23,1,0.10050027583861901,0.04651506539765128,0.04555571187241044,5.314065933227539,0.19884199204857733,-0.5790039757113397,1.9847971898142684,-0.7601405092865776
physics,student_t,cauchy,23,1,0.10050027583861901,0.044841878684076915,0.04362109048713299,5.873872995376587,0.1994598353718047,-0.2700823140976555,1.9854502870358484,-0.727485648207582
physics,student_t,gauss_nll,23,1,0.10050027583861901,0.031965938955476364,0.030242171782616005,5.071856737136841,0.20408922400032922,2.0446120001646055,1.9914099404743926,-0.4295029762803715
physics,student_t,mse,23,2,0.05094524800248705,0.01834884149833192,0.021855026899494708,2.8935182094573975,0.19470224601290034,-2.648876993549834,1.9953052480086364,-0.23473759956817997
physics,student_t,l1,23,2,0.05094524800248705,0.05357892126850624,0.05432756072847664,3.2117888927459717,0.188047946122016,-5.976026938992004,2.0096952528282297,0.48476264141148473
physics,student_t,huber,23,2,0.05094524800248705,0.022185824560610752,0.025856819776419373,6.98836088180542,0.19248681652893462,-3.7565917355326937,1.999640676535325,-0.01796617323375216
physics,student_t,cauchy,23,2,0.05094524800248705,0.023291738698973177,0.026665681126202025,5.028543949127197,0.19232501901155385,-3.8374904942230783,2.000343619467837,0.01718097339185043
physics,student_t,gauss_nll,23,2,0.05094524800248705,0.014841641292715396,0.018015849749662978,5.473245143890381,0.19489338930926056,-2.5533053453697248,1.9978045990001272,-0.10977004999364048
physics,student_t,mse,23,3,0.04002463537640899,0.030995204553537527,0.03439496031475805,3.1398637294769287,0.19402557433705575,-2.9872128314721302,1.9902086711819333,-0.4895664409033329
physics,student_t,l1,23,3,0.04002463537640899,0.052896873886666855,0.05609327515518848,5.634602069854736,0.19283793570608532,-3.581032146957347,1.9826665516490163,-0.8666724175491858
physics,student_t,huber,23,3,0.04002463537640899,0.04385016456135671,0.0471020701437238,6.143265962600708,0.1933442732465872,-3.3278633767064028,1.9857184274786166,-0.71407862606917
physics,student_t,cauchy,23,3,0.04002463537640899,0.040646918146931534,0.04321587960026564,4.330132246017456,0.19430578288840844,-2.8471085557957854,1.9866569612577836,-0.6671519371108214
physics,student_t,gauss_nll,23,3,0.04002463537640899,0.030563075543229092,0.03395534482208311,4.56925630569458,0.19406254201064768,-2.9687289946761646,1.9903599791714612,-0.4820010414269382
physics,student_t,mse,42,0,0.09983128821350554,0.12377823815689505,0.1239314173584878,3.3380329608917236,0.17747272644316156,-11.263636778419226,2.0262127872216733,1.3106393610836653
physics,student_t,l1,42,0,0.09983128821350554,0.029181942793899712,0.03535879347136199,6.473948001861572,0.19109362939970043,-4.4531853001497925,1.9932604997925656,-0.3369750103717206
physics,student_t,huber,42,0,0.09983128821350554,0.06383715963468059,0.07368690593365777,5.340273141860962,0.18001292241042516,-9.993538794787426,2.002457326460845,0.12286632304225886
physics,student_t,cauchy,42,0,0.09983128821350554,0.062006721944083826,0.07363381054603248,4.659818887710571,0.17970459566838837,-10.147702165805821,1.99983009634906,-0.008495182546996993
physics,student_t,gauss_nll,42,0,0.09983128821350554,0.13283784666970605,0.1409658358051343,4.260394096374512,0.1690541516103818,-15.472924194809112,2.020629762582528,1.03148812912639
physics,student_t,mse,42,1,0.08690242149452698,0.10423311161507724,0.12824442662790578,3.0046041011810303,0.16640085775807179,-16.799571120964114,1.9984952906002396,-0.075235469988022
physics,student_t,l1,42,1,0.08690242149452698,0.0368859970520779,0.04245314801022476,2.8764488697052,0.1913955879558912,-4.302206022054403,1.9890971808168114,-0.5451409591594292
physics,student_t,huber,42,1,0.08690242149452698,0.05063154541929947,0.06263672250757682,3.1123158931732178,0.1827481719289345,-8.625914035532755,1.994327715939235,-0.2836142030382516
physics,student_t,cauchy,42,1,0.08690242149452698,0.041259168680795724,0.05089419425164673,4.047609090805054,0.1859452156170966,-7.027392191451709,1.9945822143091794,-0.27088928454103156
physics,student_t,gauss_nll,42,1,0.08690242149452698,0.03417669828684451,0.03490587081174005,3.9779090881347656,0.1918234428641517,-4.088278567924153,2.0056885239746403,0.2844261987320129
physics,student_t,mse,42,2,0.05138135701803606,0.06211337959661538,0.05940353579948224,2.5967352390289307,0.19467567007622927,-2.6621649618853716,2.0177843824792947,0.8892191239647351
physics,student_t,l1,42,2,0.05138135701803606,0.04878901847936382,0.047431185386238375,2.993224859237671,0.19985314843225407,-0.0734257838729685,2.0156834047982133,0.7841702399106643
physics,student_t,huber,42,2,0.05138135701803606,0.04680351762003159,0.045362512164029256,4.092703104019165,0.19950010158672485,-0.24994920663758136,2.014930683438482,0.7465341719240959
physics,student_t,cauchy,42,2,0.05138135701803606,0.04850607775582252,0.04760131919381772,3.3263208866119385,0.20092844601361817,0.4642230068090808,2.015893100125214,0.7946550062607027
physics,student_t,gauss_nll,42,2,0.05138135701803606,0.05651733024109454,0.054241701211282314,3.5031328201293945,0.19728741814220246,-1.3562909288987735,2.0172256227671967,0.8612811383598373
physics,student_t,mse,42,3,0.039130961845706774,0.05486022889092064,0.053327268841819375,2.9826061725616455,0.19975226708824292,-0.1238664558785435,2.0176116770513137,0.8805838525656862
physics,student_t,l1,42,3,0.039130961845706774,0.05330641716587833,0.051233546530519064,2.7365520000457764,0.19287477092871838,-3.562614535640815,2.0137405830691257,0.6870291534562867
physics,student_t,huber,42,3,0.039130961845706774,0.049851626636366324,0.04907081983746447,4.345900774002075,0.1906710436922325,-4.664478153883753,2.0107960667335947,0.5398033366797339
physics,student_t,cauchy,42,3,0.039130961845706774,0.0481782362336715,0.047773438934754324,3.3082103729248047,0.1904354525901267,-4.782273704936654,2.00994552338439,0.4972761692195071
physics,student_t,gauss_nll,42,3,0.039130961845706774,0.056361908888305216,0.054726276966832924,3.3117902278900146,0.19956043409197705,-0.21978295401148262,2.0180348206988303,0.9017410349415167
physics,outliers,mse,11,0,0.07231019329225662,0.1354802024577297,0.14932618906448866,2.7779200077056885,0.2476030210611538,23.8015105305769,2.0331797529070714,1.6589876453535712
physics,outliers,l1,11,0,0.07231019329225662,0.05141134252570236,0.05329061591885382,3.6345129013061523,0.1944542412864917,-2.77287935675416,1.9829840997853982,-0.8507950107300877
physics,outliers,huber,11,0,0.07231019329225662,0.02256771187067412,0.026649047831272286,4.159838914871216,0.20801127108125453,4.005635540627258,2.0031726078889953,0.1586303944497658
physics,outliers,cauchy,11,0,0.07231019329225662,0.014951439647777443,0.016770741986389327,4.353400945663452,0.20508265250780225,2.541326253901119,1.9999000166583425,-0.004999167082875289
physics,outliers,gauss_nll,11,0,0.07231019329225662,0.11644156287565473,0.12100957184001736,5.4894421100616455,0.24172700369888805,20.86350184944402,1.9977639270351795,-0.11180364824102673
physics,outliers,mse,11,1,0.10483319941846944,0.11540474827396438,0.11145460058532144,3.62907075881958,0.19430160179748848,-2.8491991012557643,2.03495758854033,1.7478794270165077
physics,outliers,l1,11,1,0.10483319941846944,0.04822111055618261,0.04589452473854511,3.5650641918182373,0.2019793114664294,0.9896557332146894,1.9850488505709623,-0.7475574714518873
physics,outliers,huber,11,1,0.10483319941846944,0.01775902287225488,0.01708041545473751,4.17347526550293,0.2031534047694068,1.5767023847033934,1.9958589466962393,-0.20705266518803445
physics,outliers,cauchy,11,1,0.10483319941846944,0.03182708442358236,0.030077772435361822,5.173611879348755,0.20279040887644328,1.3952044382216366,1.9907600434541315,-0.46199782729342553
physics,outliers,gauss_nll,11,1,0.10483319941846944,0.1058286154047642,0.11407581911664562,5.27728009223938,0.22189668603249021,10.948343016245103,2.0355778934358515,1.7788946717925747
physics,outliers,mse,11,2,0.09457765615599455,0.18213210551599876,0.18755238712083527,3.487299680709839,0.22515026932768317,12.575134663841581,2.0646809472033025,3.2340473601651265
physics,outliers,l1,11,2,0.09457765615599455,0.05441481287941303,0.061225198869954936,3.87044095993042,0.21979455954886484,9.897279774432416,2.0032657446280617,0.16328723140308643
physics,outliers,huber,11,2,0.09457765615599455,0.04307591916225759,0.050350990116454365,4.5893638134002686,0.21425689686928268,7.128448434641332,2.0097068251519437,0.4853412575971827
physics,outliers,cauchy,11,2,0.09457765615599455,0.03501596369665739,0.04094601611824998,4.656682014465332,0.21256249890590262,6.281249452951304,2.004804775505254,0.2402387752626911
physics,outliers,gauss_nll,11,2,0.09457765615599455,0.15353052215653487,0.1553779004590737,5.21576189994812,0.21286256876137252,6.431284380686256,2.0531940523689576,2.659702618447879
physics,outliers,mse,11,3,0.08556104785483283,0.11062339812859462,0.1185687196615343,4.377793073654175,0.22186150533495105,10.930752667475522,2.03753540252641,1.8767701263205039
physics,outliers,l1,11,3,0.08556104785483283,0.016150541067218173,0.015287818723286556,4.086727857589722,0.2015205273640118,0.7602636820058933,1.9953776544539261,-0.23111727730369402
physics,outliers,huber,11,3,0.08556104785483283,0.013696465871544524,0.014181984288634066,4.544560194015503,0.20152701967142903,0.763509835714507,2.0046085839121974,0.2304291956098714
physics,outliers,cauchy,11,3,0.08556104785483283,0.005129740990531911,0.005436374817392243,4.345503807067871,0.19852302684213735,-0.73848657893133,2.000554580172404,0.02772900862020311
physics,outliers,gauss_nll,11,3,0.08556104785483283,0.06989283507897986,0.07868545109058192,5.718764066696167,0.21892027655076207,9.46013827538103,2.0209304171202525,1.0465208560126227
physics,outliers,mse,23,0,0.060659965964873365,0.08218789422120593,0.10030281358731592,4.158215045928955,0.1774297755819675,-11.28511220901625,1.979464815111757,-1.0267592444121454
physics,outliers,l1,23,0,0.060659965964873365,0.0314004195936694,0.02968254215661562,3.944549083709717,0.2037508833956468,1.8754416978233879,1.9914079429121614,-0.4296028543919306
physics,outliers,huber,23,0,0.060659965964873365,0.02657897131622942,0.026317020087230976,4.767977952957153,0.1988707592504032,-0.5646203747984024,1.9912275901709104,-0.4386204914544778
physics,outliers,cauchy,23,0,0.060659965964873365,0.024589176250040687,0.023504574139742836,4.5005481243133545,0.20082542188273997,0.41271094136997866,1.992327183575955,-0.38364082120224685
physics,outliers,gauss_nll,23,0,0.060659965964873365,0.030387988812374773,0.029502125800494737,5.99846076965332,0.19980757766245474,-0.09621116877263358,1.9901737383831481,-0.4913130808425925
physics,outliers,mse,23,1,0.0678701385340663,0.1313389278200979,0.17161956338177442,4.3569159507751465,0.15749793527607805,-21.251032361960977,1.985326622712103,-0.7336688643948541
physics,outliers,l1,23,1,0.0678701385340663,0.008224561308203008,0.009924484436623126,4.126904726028442,0.19733193419436426,-1.3340329028178748,1.9982808761817055,-0.08595619091472662
physics,outliers,huber,23,1,0.0678701385340663,0.014549530925909555,0.01730831915944313,4.598571062088013,0.1957785310424467,-2.11073447877666,1.9962803917192415,-0.18598041403792287
physics,outliers,cauchy,23,1,0.0678701385340663,0.007756746829264581,0.008049851105455863,4.965906143188477,0.19912562832067168,-0.43718583966416424,1.9974054831354295,-0.1297258432285231
physics,outliers,gauss_nll,23,1,0.0678701385340663,0.08827706021071816,0.11217932501036984,6.362461090087891,0.17068812306299638,-14.655938468501814,1.9897201707296122,-0.5139914635193921
physics,outliers,mse,23,2,0.08198041513738562,0.19038346599653785,0.1767941078774092,5.099630832672119,0.21594288412746457,7.971442063732279,1.9425380943888733,-2.873095280556337
physics,outliers,l1,23,2,0.08198041513738562,0.045976604775442784,0.044131826861963805,4.793910980224609,0.20877003327415405,4.385016637077022,1.989590608016306,-0.520469599184703
physics,outliers,huber,23,2,0.08198041513738562,0.04656369898032409,0.04389351056172475,5.458847999572754,0.20481199774534703,2.4059988726735093,1.9867997290193504,-0.6600135490324788
physics,outliers,cauchy,23,2,0.08198041513738562,0.031164992922486423,0.029450386981603703,4.976755142211914,0.20279634537793587,1.3981726889679273,1.9909842512439897,-0.450787437800515
physics,outliers,gauss_nll,23,2,0.08198041513738562,0.18421326847654582,0.17486419108064263,5.906859636306763,0.25601573899034497,28.00786949517248,1.974158033931541,-1.2920983034229505
physics,outliers,mse,23,3,0.08124314218920266,0.0885980264423436,0.1024281363451167,5.043995141983032,0.1806343225869175,-9.682838706541256,1.9740239453878425,-1.298802730607873
physics,outliers,l1,23,3,0.08124314218920266,0.03721990158370713,0.040382435037084205,4.633899211883545,0.18925231197044448,-5.373844014777765,2.0036210560459167,0.18105280229583354
physics,outliers,huber,23,3,0.08124314218920266,0.032737741423432574,0.040198198259846,5.260127067565918,0.18883447904725278,-5.582760476373613,1.9953879925023463,-0.23060037488268348
physics,outliers,cauchy,23,3,0.08124314218920266,0.03330848538770662,0.03982844952663368,5.1062281131744385,0.18858162840924425,-5.709185795377881,1.998304462714835,-0.08477686425825137
physics,outliers,gauss_nll,23,3,0.08124314218920266,0.11744334474903005,0.12723926797857416,5.332198858261108,0.1823498237580887,-8.825088120955657,1.9627522330481055,-1.8623883475947234
physics,outliers,mse,42,0,0.07553017942885827,0.25353353801438877,0.3567773733013328,5.17930006980896,0.1242759460090608,-37.8620269954696,1.9686034906219814,-1.5698254689009317
physics,outliers,l1,42,0,0.07553017942885827,0.06389396700493655,0.07731566715843122,4.965467929840088,0.18234820255145542,-8.825898724272294,1.9837746820749362,-0.8112658962531882
physics,outliers,huber,42,0,0.07553017942885827,0.10170654393454362,0.13017210730032208,5.449783086776733,0.1679540264569312,-16.02298677153441,1.9821754586957228,-0.8912270652138621
physics,outliers,cauchy,42,0,0.07553017942885827,0.08379675771893579,0.10594319957206388,4.953267812728882,0.17357906493621494,-13.210467531892533,1.9844529615106368,-0.7773519244681615
physics,outliers,gauss_nll,42,0,0.07553017942885827,0.23817306832493496,0.3317993803139995,5.233736991882324,0.1286207791649391,-35.689610417530446,1.968547151180965,-1.5726424409517548
physics,outliers,mse,42,1,0.0816731551089257,0.15529752040244568,0.1529973926663445,4.103569030761719,0.17729443991202895,-11.35278004398553,2.0371923664360865,1.8596183218043238
physics,outliers,l1,42,1,0.0816731551089257,0.0589151003557283,0.05660073045722215,4.113760948181152,0.19738514734916252,-1.307426325418748,2.0180442034325567,0.9022101716278375
physics,outliers,huber,42,1,0.0816731551089257,0.05153564866937873,0.05430163299035759,4.3963141441345215,0.20740181949111983,3.700909745559908,2.0174525945542503,0.872629727712515
physics,outliers,cauchy,42,1,0.0816731551089257,0.049044939684288,0.05338454583693675,4.103140830993652,0.20953919959407918,4.769599797039587,2.0161402656074143,0.8070132803707164
physics,outliers,gauss_nll,42,1,0.0816731551089257,0.11404040614863346,0.11159128537145402,5.830290794372559,0.18290653071961638,-8.546734640191817,2.0274139484672076,1.3706974233603786
physics,outliers,mse,42,2,0.08349321564401417,0.1551616882065104,0.1516534226357153,4.222575664520264,0.25014730841550215,25.073654207751066,1.983747215739136,-0.8126392130431981
physics,outliers,l1,42,2,0.08349321564401417,0.056932477718973314,0.05379380037542282,3.944489002227783,0.20384463276249223,1.9223163812461115,1.9828918845122683,-0.8554057743865862
physics,outliers,huber,42,2,0.08349321564401417,0.05935655695077533,0.0582097435982962,4.105798006057739,0.2142703401987935,7.135170099396751,1.9891287928762946,-0.5435603561852687
physics,outliers,cauchy,42,2,0.08349321564401417,0.05116984703808849,0.0494461439802797,4.874952077865601,0.21067838136532518,5.339190682662586,1.98915083823443,-0.5424580882784968
physics,outliers,gauss_nll,42,2,0.08349321564401417,0.13772443325457925,0.1373759659720568,7.611691951751709,0.2459778126748757,22.988906337437847,1.9888463379633636,-0.5576831018318185
physics,outliers,mse,42,3,0.08376227358566617,0.13295778742717707,0.13634513353149127,4.19087290763855,0.18785900041004477,-6.070499794977619,1.9566163137693828,-2.1691843115308584
physics,outliers,l1,42,3,0.08376227358566617,0.02062161996567863,0.02483153733296205,3.6784310340881348,0.19373585412082706,-3.132072939586478,1.9951210066545035,-0.24394966727482315
physics,outliers,huber,42,3,0.08376227358566617,0.02459493452523172,0.023666629760636874,4.8767290115356445,0.2003669706500949,0.18348532504744441,1.9921820724472115,-0.390896377639427
physics,outliers,cauchy,42,3,0.08376227358566617,0.014627515313475614,0.013995485425234624,5.192270755767822,0.20048730947715768,0.2436547385788329,1.995437138241043,-0.22814308794785187
physics,outliers,gauss_nll,42,3,0.08376227358566617,0.0707499343193845,0.07826165717796706,7.995717763900757,0.21662927063692042,8.314635318460203,2.02257562230118,1.1287811150590077
nn,gaussian,mse,11,0,0.02987990675207408,0.1276569403971358,2.86274876417606,10.744553089141846,,,,
nn,gaussian,l1,11,0,0.02987990675207408,0.19236101281932877,1.5838398943123368,10.606467962265015,,,,
nn,gaussian,huber,11,0,0.02987990675207408,0.13529652590370975,3.505502433706982,12.127941131591797,,,,
nn,gaussian,cauchy,11,0,0.02987990675207408,0.08823951488906688,3.4308279190600808,13.087265014648438,,,,
nn,gaussian,gauss_nll,11,0,0.02987990675207408,0.1329478129592347,1.5767190519376841,14.57887887954712,,,,
nn,gaussian,mse,23,0,0.04044241642109021,0.09451015256074706,3.7764279918470516,10.607813119888306,,,,
nn,gaussian,l1,23,0,0.04044241642109021,0.1232125754727987,3.250587107209953,10.647795915603638,,,,
nn,gaussian,huber,23,0,0.04044241642109021,0.08341278169700521,3.9964426300806983,12.69153618812561,,,,
nn,gaussian,cauchy,23,0,0.04044241642109021,0.08557369503067166,3.5780468847675744,12.178605079650879,,,,
nn,gaussian,gauss_nll,23,0,0.04044241642109021,0.17659907427583874,0.42989288939018017,16.160308361053467,,,,
nn,gaussian,mse,42,0,0.03563381053420964,0.10895370180222963,1.2112908735031525,10.478425025939941,,,,
nn,gaussian,l1,42,0,0.03563381053420964,0.17119406116156657,0.6025789786788213,10.778353214263916,,,,
nn,gaussian,huber,42,0,0.03563381053420964,0.11173787692399426,2.595024383523823,13.653095245361328,,,,
nn,gaussian,cauchy,42,0,0.03563381053420964,0.11676259917885867,4.7102035594664216,11.613768815994263,,,,
nn,gaussian,gauss_nll,42,0,0.03563381053420964,0.1455272968235642,1.1115268887528744,17.390395879745483,,,,
nn,student_t,mse,11,0,0.044055196074960355,0.1402743330878424,1.411351949667842,14.496140956878662,,,,
nn,student_t,l1,11,0,0.044055196074960355,0.15346564902933543,1.1309936914153635,13.152470111846924,,,,
nn,student_t,huber,11,0,0.044055196074960355,0.08484683180147347,1.992577487979888,15.890434980392456,,,,
nn,student_t,cauchy,11,0,0.044055196074960355,0.09003825903451125,3.049130594487131,12.664952993392944,,,,
nn,student_t,gauss_nll,11,0,0.044055196074960355,0.3154077980433388,0.9684750674207889,11.303584098815918,,,,
nn,student_t,mse,23,0,0.04760618660257464,0.12748290338779383,1.9099054319519484,14.172315835952759,,,,
nn,student_t,l1,23,0,0.04760618660257464,0.13161418092929544,0.8077757420176873,13.276749849319458,,,,
nn,student_t,huber,23,0,0.04760618660257464,0.11953985039011712,1.7602436874535048,15.403226137161255,,,,
nn,student_t,cauchy,23,0,0.04760618660257464,0.11957854307952756,1.723985690945452,12.08561372756958,,,,
nn,student_t,gauss_nll,23,0,0.04760618660257464,0.15808959143486545,0.43623571111181086,11.232659816741943,,,,
nn,student_t,mse,42,0,0.09531002925790481,0.33661437977288433,0.6359034710818736,13.522227764129639,,,,
nn,student_t,l1,42,0,0.09531002925790481,0.16242464249056604,2.1163954805679195,15.241574764251709,,,,
nn,student_t,huber,42,0,0.09531002925790481,0.17475484491833293,3.0044371673413317,13.83491826057434,,,,
nn,student_t,cauchy,42,0,0.09531002925790481,0.17916426946075334,3.8443538818322565,11.694251775741577,,,,
nn,student_t,gauss_nll,42,0,0.09531002925790481,0.32024875264877695,0.908918084150738,11.73014497756958,,,,
nn,outliers,mse,11,0,0.06112414192200081,0.9507607472634205,1.4925128904149643,10.526713132858276,,,,
nn,outliers,l1,11,0,0.06112414192200081,0.163616439898905,1.281030872801102,12.75744104385376,,,,
nn,outliers,huber,11,0,0.06112414192200081,0.1325106024330648,1.6685666710636722,14.498528003692627,,,,
nn,outliers,cauchy,11,0,0.06112414192200081,0.10359489776591466,1.6349352915410957,14.161112070083618,,,,
nn,outliers,gauss_nll,11,0,0.06112414192200081,0.6977907837962751,0.5510701293716529,16.46262812614441,,,,
nn,outliers,mse,23,0,0.03108314211621472,0.6185257260398871,1.0353665812157105,11.316909074783325,,,,
nn,outliers,l1,23,0,0.03108314211621472,0.07059062756202936,1.4863454105381064,13.014774084091187,,,,
nn,outliers,huber,23,0,0.03108314211621472,0.07366425980933632,2.010331202112798,14.459293365478516,,,,
nn,outliers,cauchy,23,0,0.03108314211621472,0.07131802076137114,2.5826248668230516,14.192487716674805,,,,
nn,outliers,gauss_nll,23,0,0.03108314211621472,0.672055220171654,1.0223707026573918,21.111330032348633,,,,
nn,outliers,mse,42,0,0.046105537831596995,0.6239904681745477,3.3499678648157514,12.199455976486206,,,,
nn,outliers,l1,42,0,0.046105537831596995,0.3051740911331742,2.512714225767451,12.874092102050781,,,,
nn,outliers,huber,42,0,0.046105537831596995,0.14279344254184223,3.3487457245644396,15.0072660446167,,,,
nn,outliers,cauchy,42,0,0.046105537831596995,0.12523355435449401,3.9052813081963755,15.434419393539429,,,,
nn,outliers,gauss_nll,42,0,0.046105537831596995,0.30026599859087766,2.1117068680308164,32.00253415107727,,,,
