noise,w_phys,seed,data_loss,phys_loss,nrmse_in,nrmse_out,err_gamma_pct,err_omega0_pct,seconds,adam_lr
gaussian,0.0,11,0.00505004182627271,9.800310923772205,0.12060043688666396,1.4179051833593448,152.57765551790143,12.776995270711966,28.636462688446045,0.01
gaussian,0.0,23,0.01028284790653389,5.559165531408917,0.127401156130226,3.5049080844213,195.1368344910065,-19.94064506181902,28.657824993133545,0.01
gaussian,0.0,42,0.007261958373692451,6.062850227240944,0.1725535839391766,1.1358698680797887,173.93094300351626,-45.101123618639136,28.89123296737671,0.01
gaussian,0.001,11,0.006309037068333958,0.7340848822993575,0.09316191701250577,0.5296697999780301,-2.933791231121363,-5.2890772650961875,70.59052801132202,0.01
gaussian,0.001,23,0.010372335368275757,0.6874629469189527,0.1215024935351451,0.7460534514410895,-18.089773167218397,-9.880678460103665,72.228022813797,0.01
gaussian,0.001,42,0.007766432846195087,0.9062346251719653,0.10692345373574984,0.4523662310208715,24.83038602897661,-3.8824107565595956,74.59157299995422,0.01
gaussian,0.01,11,0.007783921145253281,0.07367770033259562,0.07916962486012188,0.3157424130369351,1.565516635921929,-0.8778919143300312,96.23297214508057,0.01
gaussian,0.01,23,0.011217424507040422,0.15181253824503962,0.1094839661771699,0.37346022272771856,-5.411842403001549,-0.9168489785768896,96.95309495925903,0.01
gaussian,0.01,42,0.009490041439194649,0.11587776866554399,0.07105228723477089,0.32546599058029574,19.356570136144516,0.38879986342827966,97.91919898986816,0.01
gaussian,0.1,11,0.008872872935597622,0.011614242353556367,0.05752524224294972,0.153051587533074,1.879642031540174,-0.6761760982124221,86.5815601348877,0.01
gaussian,0.1,23,0.013618714567047874,0.022623001246495744,0.07660424787940044,0.129692157351027,-0.9518902944713747,0.08074364642527421,86.62146830558777,0.01
gaussian,0.1,42,0.011593949581691413,0.013730532955795502,0.03659574077866756,0.14232402728126242,5.701421814821556,-0.06530595043880982,85.4704258441925,0.01
gaussian,1.0,11,0.010634407584390044,0.0035664168516035782,0.03901629060740313,0.13830491062509087,8.176677959634656,-0.29223197100038956,83.66392207145691,0.01
gaussian,1.0,23,0.017701540545561483,0.006689531271998264,0.04125897658337343,0.15485580002572097,5.938217452607073,0.42425946294990524,83.54779481887817,0.01
gaussian,1.0,42,0.013503002466773084,0.00401673213793789,0.01268148636262294,0.12080182364519418,5.3717702650813575,-0.10339297477990339,84.277822971344,0.01
gaussian,10.0,11,0.027770036028429635,0.0018975300572421565,0.19313799047669886,0.2629956047643551,40.1016619776369,0.21817374930126476,82.30585885047913,0.01
gaussian,10.0,23,0.030006510240480296,0.0016995910775398173,0.09829529512282963,0.18198199264782097,21.60653599241988,1.015490620911197,83.20189595222473,0.01
gaussian,10.0,42,0.028473548037902495,0.002958332016947144,0.12290148052845344,0.2187773777702295,23.520617614153263,-0.57083229490964,83.85444021224976,0.01
gaussian,100.0,11,0.24360072840138475,0.00035568301460532154,0.7019916016335074,0.451571021775568,241.21355186424657,4.095238502146081,86.91559886932373,0.01
gaussian,100.0,23,0.5693834377147555,0.00021203871953759965,0.8027622364682273,0.4514269526884438,333.8277613693257,6.451447030657276,86.56323528289795,0.01
gaussian,100.0,42,0.22048037166824494,0.0003654853871007457,0.5035490630634406,0.410175769106078,131.17456231844554,1.1254478622191089,84.49256110191345,0.01
outliers,0.0,11,0.0035065766173362294,8601.621964200252,0.9973306002566517,1.2779892151542769,152.57765551790143,12.776995270711966,57.22868084907532,0.01
outliers,0.0,23,0.044436415423384966,4281.791785089411,0.74755785013441,7.204276008466875,195.1368344910065,-19.94064506181902,57.12502408027649,0.01
outliers,0.0,42,0.06271877901209374,7650.938045252625,0.7329020194071282,1.2152779779478666,173.93094300351626,-45.101123618639136,56.65863299369812,0.01
outliers,0.001,11,0.054954865533167016,10.267876964223312,0.649669696443026,0.37432709800175323,5.442596373543399,24.19678357738091,51.43092203140259,0.01
outliers,0.001,23,0.10090522512229654,12.343596151268777,0.47255609709504326,9.289136992008869,-98.03522335489802,-73.56262219500177,51.41944980621338,0.01
outliers,0.001,42,0.0867862981663078,4.170836259017665,0.5386665612745293,0.48709638415183765,27.12733819717264,-1.948861319165851,51.37722992897034,0.01
outliers,0.01,11,0.13682859332363834,1.0478153185190802,0.3630625095498802,0.339982094342456,33.03906627695072,2.9550192288258836,47.799567222595215,0.01
outliers,0.01,23,0.14114359279368854,1.369797597570593,0.3889566291630223,1.3673821673891686,-62.99086788083533,-6.288725117423821,48.776865005493164,0.01
outliers,0.01,42,0.15572461344919727,1.1347528052692155,0.40736854587130045,0.2367723274687914,-12.273315228500294,0.6894238124795837,48.9074490070343,0.01
outliers,0.1,11,0.1612992404158583,0.12235225673725332,0.23408699103577826,0.15534473565880969,10.576845711477546,-0.28355638874082434,51.86099982261658,0.01
outliers,0.1,23,0.17479017219190368,0.177214702724136,0.25346795807697603,0.3742783076053199,-18.58131350052232,-1.446694395900927,52.28539705276489,0.01
outliers,0.1,42,0.18167640686000391,0.07668231539796944,0.2712802223114549,0.15554947935055022,-4.625648674432742,-3.166800867086783,52.37558031082153,0.01
outliers,1.0,11,0.18701796405842872,0.005380417824747248,0.14740148016325513,0.104516807584205,-8.676082850278807,-1.4513441186893128,49.46456789970398,0.01
outliers,1.0,23,0.2125109865855404,0.010499090608831427,0.11885943635877964,0.11508117069237016,-1.6016949815561843,0.918129625601849,49.882904052734375,0.01
outliers,1.0,42,0.19808667856916554,0.009731404375617557,0.20301533678286998,0.195820393545903,-2.199724608336326,-3.1293971911378837,49.18751001358032,0.01
outliers,10.0,11,0.2270878404143987,0.0023819303711706905,0.24103941755491334,0.31333002448756325,46.82199899309053,-0.7961018262572339,45.112821102142334,0.01
outliers,10.0,23,0.25021520936961217,0.0027383935209825687,0.15363163923527923,0.23665181375215832,32.47336344439722,1.2047094388841106,45.46568822860718,0.01
outliers,10.0,42,0.22295297519081614,0.0021730835187719305,0.26398063836641056,0.28645060845812476,13.962589765254178,-4.162899516159701,45.090492963790894,0.01
outliers,100.0,11,0.43859453152716793,0.000292508493191087,0.7823927439391196,0.45530865773480855,228.93900727506374,-4.227731416444969,45.47710299491882,0.01
outliers,100.0,23,0.5982031612603962,0.00036562823109366054,0.7458321358852213,0.45180705616664535,273.66636255832464,4.581835291050029,45.88670611381531,0.01
outliers,100.0,42,0.5127105087442084,0.000342614676181251,0.7327417908182932,0.45590918579778555,212.62761258621086,-2.6883898119499983,45.830379009246826,0.01
