stage,arm,label,seed,n_obs,noise,state,deriv,seconds,ms_per_step,vpt,wall,err_sigma,err_rho,err_beta,err_theta,theta_sigma,theta_rho,theta_beta,cost,nfev
budget,nn,chosen,11,10,0.05,1.0966541104348246,0.8522308501851076,8.360928125010105,1.3934876598359551,0.02716799999999982,10.882894958980614,,,,,,,,,
budget,nn_regress,chosen,11,10,0.05,,,,,0.054336000000000044,10.882895749993622,0.5364664680607478,0.05212010626979702,0.1983386303276261,0.26230840155272367,4.635335319392522,26.540637024445683,2.1377636524596637,,
budget,pinn,chosen,11,10,0.05,0.13639113798868588,0.1635013480282804,141.99157983300393,15.742185062500843,0.8512639999999999,180.8649731670157,0.0214794355706992,0.00030251830661964796,0.00493632892970397,0.008906094269007606,9.785205644293008,28.008470512585347,2.6798302104792104,,
budget,pinn_polish,chosen,11,10,0.05,0.08563274105548781,0.09801714176905325,30.166778917016927,,0.8874879999999999,180.86497404199326,0.03629485996202164,0.00288387419346281,0.011454040879769867,0.016877591678418107,9.637051400379784,27.919251522583043,2.697210775679386,0.041944558335423446,7.0
budget,ms,chosen,11,10,0.05,1.5199872372107137,1.419323095301702,95.40270129201235,,0.0,97.56170212500729,0.09886168473339985,0.0752433342934904,0.26065513548736885,0.14492005150475304,10.988616847333999,30.106813360217732,1.9715863053670164,40.07946277306483,90.0
budget,fd_regress,default,11,10,0.05,,,,,,0.9430049580114428,0.8286687556487509,0.04112353806244462,0.10096021417893919,0.3235841692967116,1.7133124435124913,29.15145906574845,2.397439428856162,,
budget,nn,chosen,11,20,0.05,0.9223760254959427,0.6794165004036351,8.779960875021061,1.4633265000011306,0.07244800000000007,11.440951458993368,,,,,,,,,
budget,nn_regress,chosen,11,20,0.05,,,,,0.14489600000000014,11.440952083998127,0.4631187949447857,0.08796530821896309,0.31362117247871124,0.28823509188082,5.368812050552143,30.463028630130967,3.502989793276563,,
budget,pinn,chosen,11,20,0.05,0.018988304931608094,0.01899918017175574,143.15918779198546,16.41736452083084,0.8693759999999999,173.96304183301982,0.002305726303441391,0.0035466616394734807,0.0004556701323269463,0.002102686025080606,9.976942736965587,28.099306525905256,2.6654515463137947,,
budget,pinn_polish,chosen,11,20,0.05,0.015487688916152528,0.014867748596339256,24.236404042021604,,2.1734400000000003,173.96304295799928,0.014086811348822614,0.0016126642270268832,0.0048301084705950625,0.006843194682148186,9.859131886511774,28.045154598356753,2.6795469559215865,0.07313104818658414,6.0
budget,ms,chosen,11,20,0.05,0.013699311872383666,0.014453333673144308,20.219135375024052,,2.182496,22.907487333985046,0.010890840638535737,0.002149834853282462,0.0034758390355151825,0.00550550484244446,9.891091593614643,28.060195375891908,2.6759355707613737,0.08170095424353141,19.0
budget,fd_regress,default,11,20,0.05,,,,,,0.8845145840023179,0.4160567788123931,0.023717543034121213,0.07803693704366887,0.1726037529633944,5.839432211876069,28.664091204955394,2.8747651654497837,,
budget,nn,chosen,11,40,0.05,0.10363919307297248,0.18755279779147818,14.798436999990372,2.466405875001025,0.036224000000000034,18.50406095798826,,,,,,,,,
budget,nn_regress,chosen,11,40,0.05,,,,,0.1177279999999999,18.504062124993652,0.059870770024448405,0.002868997814449159,0.0072842826205024025,0.023341350153133322,9.401292299755516,27.919668061195424,2.6860914203213393,,
budget,pinn,chosen,11,40,0.05,0.012542342059971368,0.013212673129418763,145.67792887499672,14.740813319498557,2.2368320000000006,174.59671316598542,0.004611288124224844,0.0022001598366954145,0.003106139874711644,0.0033058626118773007,9.953887118757752,28.06160447542747,2.6749497063325642,,
budget,pinn_polish,chosen,11,40,0.05,0.010843402788154701,0.01049191756656454,16.236799374979455,,2.155328,174.59671570797218,0.006934961913860227,0.0023290530575981183,0.0024576423706108574,0.003907219114023068,9.930650380861398,28.065213485612748,2.673220379654962,0.1484057937125291,4.0
budget,ms,chosen,11,40,0.05,0.010490390831384118,0.010048073799941012,22.95529566699406,,2.1915519999999997,27.215169333008816,0.006992673670904059,0.002223123249996295,0.002743563469599586,0.00398645346349998,9.930073263290959,28.062247450999898,2.673982835918932,0.14975929600727203,11.0
budget,fd_regress,default,11,40,0.05,,,,,,1.6538022919849027,0.039427885591325706,0.011296991799838452,0.07590110578158127,0.04220866105758181,9.605721144086743,28.316315770395477,2.464263717915783,,
budget,nn,chosen,11,80,0.05,0.04280391841142373,0.0871429366548313,9.895829041983234,1.649304479166555,0.07244800000000007,12.172102125012316,,,,,,,,,
budget,nn_regress,chosen,11,80,0.05,,,,,2.146272,12.172103459015489,0.013596975593313743,0.0006815690567509858,0.004331360609300949,0.006203301753121893,9.864030244066862,28.01908393358903,2.6782169616248024,,
budget,pinn,chosen,11,80,0.05,0.011579264007267942,0.011082897542399217,150.9591729999811,18.909729395832983,2.2006079999999995,178.25457820898737,0.0146473678218344,0.0005590639975494582,0.0067927325203258615,0.00733305477990324,9.853526321781656,27.984346208068615,2.684780620054202,,
budget,pinn_polish,chosen,11,80,0.05,0.009057449688034987,0.009195516639467174,19.01242824998917,,2.2458880000000003,178.25457966700196,0.01045885902922028,0.0002643021176091942,0.0044204867227861655,0.005047882623205213,9.895411409707798,28.007400459293056,2.678454631260763,0.3148297815276514,4.0
budget,ms,chosen,11,80,0.05,0.023248563684362945,0.02450634775414333,12.488505040993914,,0.8150399999999999,15.209689540992258,0.01382655918986786,0.0002916982930083467,0.006042123148066736,0.006720126876980981,9.861734408101322,27.991832447795765,2.6827789950615113,0.3606705265547023,10.0
budget,fd_regress,default,11,80,0.05,,,,,,0.986910750012612,2.2171879478014063,0.10232744598957899,0.25213343026520874,0.8572162746853978,-12.171879478014064,25.13483151229179,3.3390224807072233,,
budget,nn,chosen,11,160,0.05,0.0271292703044362,0.06892388185788605,10.927654375002021,1.8212754721656286,0.06339199999999985,13.132065750018228,,,,,,,,,
budget,nn_regress,chosen,11,160,0.05,,,,,0.7788159999999998,13.13206662502489,0.002531196632724164,0.001359012801811721,0.005888659679038177,0.0032596230378580207,10.02531196632724,28.03805235845073,2.6823697591441014,,
budget,pinn,chosen,11,160,0.05,0.004975122106074417,0.004076122073783893,167.55350691700005,19.446059250001174,2.2730559999999995,196.43296654199366,0.0007916211257601447,0.0009196669513567013,0.0012213706758761322,0.000977552917664326,10.007916211257601,28.025750674637987,2.6634096781976635,,
budget,pinn_polish,chosen,11,160,0.05,0.0034833131627559993,0.002847484554342121,21.248613167001167,,2.3545599999999998,196.43296791700413,0.0008904783270631267,0.000867983438023634,0.0014405569934514695,0.00106633958617941,9.991095216729368,28.02430353626466,2.662825181350796,0.6306923705106519,4.0
budget,ms,chosen,11,160,0.05,0.0030961129804942915,0.0018075442251307848,9.949600042018574,,2.4632320000000005,12.37074358400423,0.00046031832452930743,0.0009057868848258988,0.0013813215903828446,0.000915808933246017,10.004603183245294,28.025362032775124,2.6629831424256456,0.632447698508122,9.0
budget,fd_regress,default,11,160,0.05,,,,,,0.8959558749920689,0.8954077817784873,0.11280262141185715,0.35075389196542295,0.45298809838525583,1.0459221822151266,31.158473399532,1.731322954758872,,
budget,nn,chosen,23,10,0.05,0.8071962075508887,0.8786639676806779,7.0855664999980945,1.1809273333298431,0.054336000000000044,9.442357083025854,,,,,,,,,
budget,nn_regress,chosen,23,10,0.05,,,,,0.14489600000000014,9.442358208005317,0.5534094233121343,0.04932164950479723,0.05704554280669594,0.21992553854120914,4.465905766878658,29.38100618613432,2.514545219182144,,
budget,pinn,chosen,23,10,0.05,0.7014946324493484,0.6851301174989478,141.32738366600825,15.548307527666717,2.073824,405.7933357080037,0.05811888341115612,0.004932163648624366,0.029560291652920845,0.03087044623756711,10.581188834111561,28.13810058216148,2.5878392222588777,,
budget,pinn_polish,chosen,23,10,0.05,0.14964640750490718,0.3416208627300101,254.66269620900857,,2.4179519999999997,405.79333699998097,0.009567646373866978,0.004624036207960369,0.008091755841950765,0.0074278128079260375,10.09567646373867,28.129473013822892,2.6450886510881313,0.017039312719273354,61.0
budget,ms,chosen,23,10,0.05,1.1694135404105948,1.2612157690650823,45.71377687502536,,0.0,48.19147166699986,0.5470444538972654,0.08660093753953824,0.4381371280288723,0.357260839821892,4.529555461027346,25.57517374889293,1.4983009919230073,23.42800954699128,48.0
budget,fd_regress,default,23,10,0.05,,,,,,0.9618113749893382,0.37195934989239654,1.1106238180777783,0.16141828191658247,0.5480004832955858,6.280406501076035,-3.0974669061777904,2.2362179148891133,,
budget,nn,chosen,23,20,0.05,0.7070145962661408,0.7949883336261915,7.292991041991627,1.2154982291685883,0.0,9.672786500013899,,,,,,,,,
budget,nn_regress,chosen,23,20,0.05,,,,,0.0,9.672787874995265,0.557569238632017,0.04959519510540544,0.3457540071988715,0.317639480312098,4.424307613679829,29.38866546295135,1.744655980803009,,
budget,pinn,chosen,23,20,0.05,0.12589462317150857,0.28774686401095056,147.8311231250118,16.170148388836726,2.1372159999999996,184.30845962499734,0.014009805288757837,0.004822463828314305,0.014481165786338623,0.011104478301136922,9.859901947112421,28.1350289871928,2.7052831087635694,,
budget,pinn_polish,chosen,23,20,0.05,0.11979285168747215,0.2649579656121768,29.09140108397696,,2.0828800000000007,184.30846204099362,0.03627217246463643,0.0037317322039682743,0.011901622050257465,0.017301842239620724,9.637278275353635,28.10448850171111,2.698404325467353,0.06810103534979359,6.0
budget,ms,chosen,23,20,0.05,1.2115347493231123,1.3856052819269495,50.39030058297794,,0.0,52.938523584016366,0.4901006505763912,0.0706433553201593,0.31422779144561075,0.29165726578072043,5.098993494236089,26.02198605103554,1.8287258894783713,25.54679454609264,56.0
budget,fd_regress,default,23,20,0.05,,,,,,0.9596952080028132,0.14084318828635722,0.05720612499277744,0.6658797996505395,0.28797637097655804,8.591568117136427,26.398228500202233,0.8909872009318947,,
budget,nn,chosen,23,40,0.05,0.18059724336582084,0.3744275722462957,15.137172542017652,2.5228617013344774,0.045279999999999834,19.137042541027768,,,,,,,,,
budget,nn_regress,chosen,23,40,0.05,,,,,0.09961599999999989,19.137044208007865,0.10793889219814223,0.007436684095431412,0.15117907683826548,0.08885155104394638,8.920611078018577,28.208227154672077,3.069810871568708,,
budget,pinn,chosen,23,40,0.05,0.01273573816115294,0.022264898441711575,143.50163616699865,14.779019368167306,2.3183360000000004,173.92069762499887,0.014284551871982076,0.0005006114443613097,0.0008375689748620907,0.005207577430401826,10.14284551871982,28.014017120442116,2.6689001839329656,,
budget,pinn_polish,chosen,23,40,0.05,0.009744527304058531,0.017776822785897987,19.406898999994155,,2.254944,173.9207039589819,0.0010359727899182936,0.0002598710978938268,0.0009175431349628393,0.0007377956742583199,10.010359727899182,28.00727639074103,2.6691134483599006,0.1566904079265538,5.0
budget,ms,chosen,23,40,0.05,0.012153985773241767,0.021557569492210313,53.413797083019745,,2.1191039999999997,58.561934875004226,0.008763454466027332,0.00026003479744329816,0.0009297366951399599,0.00331774198620353,10.087634544660274,28.007280974328413,2.6691459645203732,0.16063301893772253,30.0
budget,fd_regress,default,23,40,0.05,,,,,,1.5697777089953888,0.2689259857969034,0.054442009830937055,0.8118440047475501,0.37840400012513015,7.310740142030966,29.524376275266235,4.831584012660134,,
budget,nn,chosen,23,80,0.05,0.09607970424035019,0.23827593642516298,8.940227667015279,1.4900376598331302,0.07244800000000007,11.385819249990163,,,,,,,,,
budget,nn_regress,chosen,23,80,0.05,,,,,0.6520319999999997,11.385820625000633,0.1556444819257381,0.0195295183575519,0.059733887256386176,0.07830262917989206,8.443555180742619,27.453173485988547,2.8259570326836965,,
budget,pinn,chosen,23,80,0.05,0.0062163889680317405,0.010763556594925727,163.11026754099294,18.425613367997965,2.2096639999999996,216.52593941701343,0.004168950271255412,0.00016538757621331612,0.0009268433995556213,0.0017537270823414497,10.041689502712554,28.004630852133975,2.6641950842678517,,
budget,pinn_polish,chosen,23,80,0.05,0.01446017012862328,0.0366995436803387,44.35965324999415,,2.336448,216.52594083402073,0.0021846246920820267,0.0005293988092478497,0.0019478503917575996,0.001553957964362492,9.97815375307918,28.01482316665894,2.661472398955313,0.2955858712862025,13.0
budget,ms,chosen,23,80,0.05,0.019090799343666462,0.037654817397540855,11.312338791991351,,2.073824,13.960169250000035,0.0011274647859587095,0.0003718712219991094,0.0016060108048256971,0.001035115604261172,10.011274647859587,28.010412394215972,2.6623839711871313,0.32116819126087937,10.0
budget,fd_regress,default,23,80,0.05,,,,,,0.9701310420059599,0.5953396331198105,0.006555298972194201,0.3037557501097099,0.3018835607339049,4.046603668801895,28.183548371221438,3.4766820002925596,,
budget,nn,chosen,23,160,0.05,0.026798331038838313,0.08890231029868101,11.054792999988422,1.8424651735015989,0.07244800000000007,13.445516625011805,,,,,,,,,
budget,nn_regress,chosen,23,160,0.05,,,,,0.7063680000000002,13.445517542015295,0.027307495915804614,0.0011026638212601192,0.009004188037355254,0.012471449258139996,9.726925040841953,28.030874586995285,2.6426554985670525,,
budget,pinn,chosen,23,160,0.05,0.00603963642922107,0.00769906003586848,175.43474291599705,20.768431826334563,2.264,199.9626986249932,0.004312135082117363,0.002366943261725485,0.00042381301336913424,0.002367630452403994,9.956878649178826,28.066274411328315,2.6655364986310155,,
budget,pinn_polish,chosen,23,160,0.05,0.005391597368191034,0.0070593282803752475,17.318366417021025,,2.327392,199.9626997919986,0.004628780278000955,0.0017760253534961912,0.0009057992674121884,0.0024368682996364446,9.953712197219991,28.04972870989789,2.6642512019535673,0.5386642788896733,4.0
budget,ms,chosen,23,160,0.05,0.02640046541841987,0.040187518642743884,9.878452166012721,,1.4580160000000002,12.517867582995677,0.0045491233996471925,0.0023144836137309888,0.0003400527846667556,0.0024012199326816455,9.954508766003528,28.064805541184466,2.6657598592408887,0.7257660398739292,9.0
budget,fd_regress,default,23,160,0.05,,,,,,0.9638763339899015,0.5813061153628909,0.1534049278226407,0.5264995150380369,0.42040351940785614,15.81306115362891,23.70466202096606,4.070665373434765,,
budget,nn,chosen,42,10,0.05,1.0687477046670695,0.8287751374845002,6.844054791989038,1.140675493166782,0.0,9.153791332995752,,,,,,,,,
budget,nn_regress,chosen,42,10,0.05,,,,,0.0,9.153792458004318,0.9226705200912386,0.3147087012874763,0.035544092566263896,0.424307771314993,0.7732947990876142,36.81184363604934,2.571882419823296,,
budget,pinn,chosen,42,10,0.05,0.25223277659266885,0.25874934823661766,149.11197679201723,16.63825117366893,0.0,174.81684895799845,0.03361334722915443,0.00287709471731179,0.00927322700840183,0.01525455631828935,10.336133472291545,27.91944134791527,2.6419380613109285,,
budget,pinn_polish,chosen,42,10,0.05,0.03177625108180646,0.04878399413310941,16.55006116599543,,1.276896,174.81684975000098,0.027462721901091003,0.005184282726282352,0.008305961941064144,0.013650988856145832,10.27462721901091,27.854840083664094,2.644517434823829,0.02308321732566178,5.0
budget,ms,chosen,42,10,0.05,0.9412419475261657,0.9999357924623521,32.160833083005855,,0.0,34.29727458299021,0.8251655815378717,0.3415729482269828,0.9999999992462746,0.722246176337043,1.7483441846212833,18.43595744964448,2.009934410492891e-09,7.360752076374331,38.0
budget,fd_regress,default,42,10,0.05,,,,,,0.869908624998061,0.7956579358811242,0.2175075972502185,0.4158978993151289,0.47635447748215726,2.043420641188758,34.09021272300612,1.557605601826323,,
budget,nn,chosen,42,20,0.05,0.36812146357231446,0.5803643856204472,7.165836875006789,1.1943058055039728,0.0,9.4564212920086,,,,,,,,,
budget,nn_regress,chosen,42,20,0.05,,,,,0.0,9.456422999995993,0.40828828384348526,0.08104005793565361,0.24498560596032037,0.24477131591315307,5.917117161565147,30.2691216221983,2.0133717174391457,,
budget,pinn,chosen,42,20,0.05,0.025037527169786317,0.03577202659273677,149.36342295797658,17.61696598616739,3.278272,179.7418126249977,0.022426604631791136,0.0006267658727594494,0.0014632765244545487,0.008172215676335045,9.775733953682089,28.017549444437265,2.662764595934788,,
budget,pinn_polish,chosen,42,20,0.05,0.021851216533506575,0.032051445546167075,21.5169370000076,,2.62624,179.74181487498572,0.009726418540733639,0.0012804359808717969,0.0017472442042825165,0.004251366241962651,9.902735814592663,28.035852207464412,2.6713259845447532,0.05397933993327861,7.0
budget,ms,chosen,42,20,0.05,0.01476977048382786,0.022242843153097432,20.23242637500516,,2.707744,22.596293957991293,0.010152174953285131,0.001082539513003633,0.0014934111873508016,0.004242708551213188,9.898478250467148,28.0303111063641,2.6706490964996017,0.056054261456743894,20.0
budget,fd_regress,default,42,20,0.05,,,,,,0.8860050000075717,0.19191607618563522,0.08759921850152508,0.17972716776439834,0.15308082081718621,8.080839238143648,30.452778118042705,3.1459391140383954,,
budget,nn,chosen,42,40,0.05,0.08513789000798484,0.2580594183882731,14.344282917008968,2.390713451502961,0.0,18.11991425001179,,,,,,,,,
budget,nn_regress,chosen,42,40,0.05,,,,,0.0,18.11991512501845,0.015214724050966688,0.013162352796756371,0.009764345431678256,0.012713807426467105,9.847852759490333,28.36854587830918,2.692704921151142,,
budget,pinn,chosen,42,40,0.05,0.014942915450316091,0.022877280233693537,144.48744033300318,14.954861263831845,3.993696,180.9034024589928,0.010582790240099449,0.0006750728229488745,0.004526877232580717,0.005261580098543013,10.105827902400994,27.98109796095743,2.6545949940464513,,
budget,pinn_polish,chosen,42,40,0.05,0.012554228431196177,0.01967233906165046,25.304032290994655,,4.0752,180.90340408400516,0.005091658885426398,0.0020336105067768617,0.0036346344702725686,0.003586634620825276,10.050916588854264,27.943058905810247,2.656974308079273,0.09999637221028673,6.0
budget,ms,chosen,42,40,0.05,0.0923814889032733,0.1141954555992365,18.18479041600949,,0.0,22.089934499992523,0.0050852428582426334,0.0017491658190869064,0.004185829860947399,0.003673412846092313,10.050852428582427,27.951023357065566,2.65550445370414,0.3544711728547966,10.0
budget,fd_regress,default,42,40,0.05,,,,,,1.521263333997922,0.09397719487704526,0.013318828212226075,0.08630298498505584,0.0645330026914424,9.060228051229547,28.37292718994233,2.8968079599601486,,
budget,nn,chosen,42,80,0.05,0.06788097759798224,0.1962941896041527,8.7254079169943,1.4542343403300038,0.018112000000000017,10.965379459026735,,,,,,,,,
budget,nn_regress,chosen,42,80,0.05,,,,,0.39846399999999993,10.965380459005246,0.006513836734879153,0.020666074891319663,0.011736355101903295,0.012972088909367371,10.065138367348792,28.578650096956952,2.6353697197282577,,
budget,pinn,chosen,42,80,0.05,0.012417199312044535,0.019142779772087254,151.74843416700605,17.88570067367012,3.957472,181.96492029097863,0.002199573590748516,0.001766799554843379,0.00450886212721191,0.002825078424267935,9.978004264092515,28.049470387535617,2.6546430343274348,,
budget,pinn_polish,chosen,42,80,0.05,0.007847891067718922,0.010475451767301526,22.345929333998356,,3.396,181.96492133298307,0.005032546458543008,0.0009103812683572965,0.004541405713507252,0.0034947778134691854,10.05032546458543,28.025490675514003,2.6545562514306473,0.24642650137383793,5.0
budget,ms,chosen,42,80,0.05,0.055636554794515125,0.06957419696860889,10.32794791701599,,1.2950079999999997,12.987673083000118,0.0016797237403564091,0.0016133759640628575,0.004638899665094565,0.002643999789837944,9.983202762596436,28.045174526993762,2.6542962675597477,0.5215180774282325,9.0
budget,fd_regress,default,42,80,0.05,,,,,,0.8555337919970043,0.15680442172613995,0.0359161349629149,0.09175830140586716,0.09482628603164067,11.568044217261399,26.994348221038383,2.4219778629176876,,
budget,nn,chosen,42,160,0.05,0.03188805560108966,0.1295230334006762,10.488337374990806,1.7480559166676055,0.009055999999999807,12.382870583009208,,,,,,,,,
budget,nn_regress,chosen,42,160,0.05,,,,,0.46185599999999977,12.382871832989622,0.022797895850570904,0.005831401241715328,0.023258733599416548,0.017296010230567593,9.772021041494291,28.16327923476803,2.728689956265111,,
budget,pinn,chosen,42,160,0.05,0.006807516737354402,0.011253146424605226,166.84334987500915,19.955484722168574,4.011807999999999,197.84779562498443,0.015311595371742426,0.0008211688077108814,0.002065757634183374,0.006066173937878894,9.846884046282575,28.022992726615907,2.672175353691155,,
budget,pinn_polish,chosen,42,160,0.05,0.006032162736969353,0.009595553764079313,24.07646129198838,,4.3016,197.84779691597214,0.01183100536020798,0.0010520572081691437,0.003988249536417188,0.0056237707015981036,9.88168994639792,28.02945760182874,2.677301998763779,0.5526040260113825,5.0
budget,ms,chosen,42,160,0.05,0.006779329831430563,0.008942979532082796,8.569582458003424,,2.725856,10.692475666990504,0.013907682806509336,0.0009846876161614393,0.002296682109495851,0.005729684177388876,9.860923171934907,28.027571253252518,2.6727911522919885,0.5653426514177018,9.0
budget,fd_regress,default,42,160,0.05,,,,,,0.9364984999992885,0.14427567415897502,0.052939212915742884,0.05389303948101942,0.08370264218524577,11.44275674158975,29.4822979616408,2.5229518947172815,,
