t,dist,mean_log_dist
0.0,1.000000082740371e-08,-18.42068073060093
0.1,3.827271928915074e-09,-18.71702804440901
0.2,2.7933817921351844e-09,-18.491570627473624
0.3,4.065156061830726e-09,-18.188545811493444
0.4,5.825929909693491e-09,-17.98175569944973
0.5,6.091028058434952e-09,-17.87530821059168
0.6,5.339793223828254e-09,-17.880987416534463
0.7000000000000001,4.728408781354872e-09,-17.956718393604657
0.8,3.73273504883861e-09,-18.004983670614454
0.9,4.483515240531485e-09,-17.92700534933314
1.0,7.257294042125923e-09,-17.71755045334238
1.1,1.0528458600609532e-08,-17.515211905775917
1.2,1.005407233471226e-08,-17.28490694256545
1.3,9.025585159543544e-09,-17.18682107163539
1.4000000000000001,7.064622459859205e-09,-17.193363250404108
1.5,5.815751525881882e-09,-17.225850688286183
1.6,7.769078639796991e-09,-17.189127707559667
1.7,1.3431743082774333e-08,-17.09454957363447
1.8,1.9012714263868158e-08,-17.009362703600896
1.9000000000000001,1.700942521519822e-08,-16.939947489476467
2.0,1.4824228220689282e-08,-16.922618093583697
2.1,1.073921986032917e-08,-16.920344195925782
2.2,9.290042307644702e-09,-16.933481808515612
2.3000000000000003,1.341250630953587e-08,-16.867856194750065
2.4,2.4599201331210475e-08,-16.673871189940623
2.5,3.5326429672168695e-08,-16.420602235788802
2.6,3.110335005817778e-08,-16.200071048621137
2.7,2.549602934752792e-08,-16.070378565466516
2.8000000000000003,1.7608613323989138e-08,-16.082572910648953
2.9,1.5112651008256906e-08,-16.150708122637678
3.0,2.167010882817062e-08,-16.20227653902923
3.1,4.261095645162072e-08,-16.145261219911866
3.2,7.162763056653221e-08,-15.96149915434084
3.3000000000000003,6.907481333173e-08,-15.691946480282693
3.4,5.439732128620551e-08,-15.458359674043772
3.5,3.539179652549991e-08,-15.337603698409536
3.6,2.689814028387124e-08,-15.293212913618447
3.7,3.0516335695807885e-08,-15.289329528950622
3.8000000000000003,5.7084486071650636e-08,-15.279213877513337
3.9,1.2823177667458934e-07,-15.229485208067954
4.0,2.4396838729567083e-07,-15.05772584966021
4.1,2.476719160440087e-07,-14.786432712101393
4.2,1.7418134041481655e-07,-14.481110147404394
4.3,9.884749224248644e-08,-14.252916261090713
4.4,6.845293878430352e-08,-14.156449137856361
4.5,5.646980616058232e-08,-14.08873966676373
4.6000000000000005,5.236624583539512e-08,-14.069718898189445
4.7,5.146057701287523e-08,-14.081271056797227
4.8,4.2810731500893644e-08,-14.07167833628653
4.9,4.170883105943206e-08,-13.958641707993648
5.0,3.658884541224087e-08,-13.832501976889754
5.1000000000000005,4.309683554630379e-08,-13.644932371541438
5.2,6.651613902157128e-08,-13.476344715779193
5.3,1.2806928898250853e-07,-13.462418385188597
5.4,2.8285736394903376e-07,-13.459383288334545
5.5,6.646989247525661e-07,-13.462185075184623
5.6000000000000005,1.3930417978425788e-06,-13.414134991069382
5.7,1.6067001331771309e-06,-13.404128612181408
5.8,1.1111148167522248e-06,-13.389634035761922
5.9,5.848560000544935e-07,-13.409543277530055
6.0,3.795307786617599e-07,-13.39889041457289
6.1000000000000005,2.93638641594419e-07,-13.320268191069216
6.2,2.2966773468313237e-07,-13.184582423066752
6.3,2.9703082865683847e-07,-12.984950513198322
6.4,3.77987122938709e-07,-12.76189488628603
6.5,3.237457380228399e-07,-12.581931901412704
6.6000000000000005,2.7977086499029203e-07,-12.502528817530823
6.7,2.841296492017065e-07,-12.476680476501386
6.8,3.968708295416679e-07,-12.44094122902429
6.9,6.921332239771197e-07,-12.366087481839841
7.0,1.2199814956707036e-06,-12.266082738254033
7.1000000000000005,1.4574076431875595e-06,-12.10696122098885
7.2,1.1647464530459413e-06,-11.939460196913174
7.3,7.614964402798903e-07,-11.826147587862094
7.4,5.771201185552136e-07,-11.797650633949337
7.5,6.813252326568172e-07,-11.822688338398926
7.6000000000000005,1.1880189626094161e-06,-11.820302423033842
7.7,2.6095620950593103e-06,-11.72481630876049
7.8,6.423762527286695e-06,-11.525994918546843
7.9,1.68240821663352e-05,-11.204495831771348
8.0,4.342267055531364e-05,-10.882074560000122
8.1,7.926666562150858e-05,-10.643071038050989
8.2,6.512384811181763e-05,-10.46557433776038
8.3,3.286095266390402e-05,-10.32917818974402
8.4,1.567063005104429e-05,-10.273389495124885
8.5,1.0282126801424464e-05,-10.264587868840174
8.6,1.1350266078094843e-05,-10.299765678675056
8.700000000000001,1.76841736327422e-05,-10.344858592604437
8.8,1.70011878444787e-05,-10.354160053429348
8.9,1.542305097983679e-05,-10.32005961346801
9.0,1.3054415320090123e-05,-10.218777838825787
9.1,1.0272932754852991e-05,-10.13524489077657
9.200000000000001,8.185169015642341e-06,-10.089857477788767
9.3,1.0498443654715928e-05,-10.02488269957746
9.4,1.4953159499521145e-05,-10.001888943924184
9.5,1.31919743973612e-05,-10.041055216401578
9.6,1.1914660459900307e-05,-9.985528393749862
9.700000000000001,9.996532850595679e-06,-9.919923770665875
9.8,8.524180542606805e-06,-9.815220416069385
9.9,7.031260091066607e-06,-9.675902345680717
10.0,6.292387640784397e-06,-9.575154149029322
10.1,8.56351874104835e-06,-9.495983715464053
10.200000000000001,7.688023869251539e-06,-9.399756227506186
10.3,7.407250496836083e-06,-9.211244133815518
10.4,7.959318427395416e-06,-9.008300880290058
10.5,1.034944011382604e-05,-8.835615096316383
10.6,1.5106303598932672e-05,-8.719941318805423
10.700000000000001,1.929696329603954e-05,-8.684877721569114
10.8,1.6742896541488117e-05,-8.737229964514258
10.9,1.4149660580834548e-05,-8.757405061924471
11.0,1.0483054578696457e-05,-8.763728819914428
11.1,1.164409273745649e-05,-8.722210962194108
11.200000000000001,1.906582964607812e-05,-8.66853327205456
11.3,3.7202360960041093e-05,-8.524427851034686
11.4,6.906147923027426e-05,-8.3183054162268
11.5,8.313538887079818e-05,-8.099929524754028
11.6,6.7073351217713e-05,-7.934258661228994
11.700000000000001,4.466392406342557e-05,-7.851540736510437
11.8,3.165407069462306e-05,-7.898852944253307
11.9,3.321711317818514e-05,-8.01125566206709
12.0,5.549572902665218e-05,-8.089639340023178
12.1,0.00012288085951507155,-8.081740651522807
12.200000000000001,0.00029783998726650584,-7.941681557640749
12.3,0.0006640061151720067,-7.6930184323723365
12.4,0.0008522887573092962,-7.454941050803458
12.5,0.0006061566705866205,-7.317390440761282
12.6,0.0003142830723896684,-7.290641980368556
12.700000000000001,0.00018898421343338195,-7.301244277350505
12.8,0.000138691575385344,-7.319541974950098
12.9,0.00012517981724925734,-7.257123560831541
13.0,0.0002091341955841995,-7.08683890982882
13.1,0.00023634600707646812,-6.957773714013726
13.200000000000001,0.00019999192288507235,-6.841274000976498
13.3,0.00015954521739793367,-6.744466684869368
13.4,0.00013627927997340205,-6.588889583058613
13.5,0.000145153047400066,-6.446050717483687
13.6,0.00019009127105833564,-6.310180144353908
13.700000000000001,0.0002446242705826228,-6.1866644634300245
13.8,0.00021637775167276938,-6.183103001286061
13.9,0.00017794617695398337,-6.20833611034059
14.0,0.00013267686538067695,-6.232197049749799
14.1,0.00015171426057564226,-6.051267092328385
14.200000000000001,0.0002459369557440471,-5.745259871502488
14.3,0.0004965746717520553,-5.361056756599672
14.4,0.001119846957922283,-5.009949384058242
14.5,0.0024901050354008405,-4.746576857405096
14.6,0.003811167905823027,-4.668812727718815
14.700000000000001,0.0030791836676996504,-4.704170421295457
14.8,0.0018100813308072473,-4.775332905853538
14.9,0.0010666384865207193,-4.80286466243223
15.0,0.0008241700107462853,-4.775552854527647
15.1,0.0006942870184409015,-4.808431323365194
15.200000000000001,0.0005609288834929431,-4.801606288202867
15.3,0.0005778381352471019,-4.745498482132281
15.4,0.0006583500641773103,-4.7152746068212945
15.5,0.000585979554609873,-4.645067280674096
15.6,0.0006065998584572043,-4.557163336257163
15.700000000000001,0.0008386690023058729,-4.439785630351573
15.8,0.0015182052096488355,-4.321819035212345
15.9,0.0031975400097432917,-4.161901429325362
16.0,0.006960339986580307,-4.005107549363989
16.1,0.011708467046339656,-3.8070619745719454
16.2,0.010358427147088605,-3.663077429162964
16.3,0.006670265750634486,-3.5344162566043664
16.4,0.0038779386652875924,-3.472222726815346
16.5,0.003062134132323431,-3.4407180451697705
16.6,0.0030203923355482504,-3.3786555987071445
16.7,0.0036204206536910102,-3.2898564551968295
16.8,0.0041956225109388,-3.2070882107369463
16.9,0.003529500305413638,-3.168270727874159
17.0,0.002846164831525126,-3.1832378230510794
17.1,0.002390043742937513,-3.2205204497729256
17.2,0.003060454746606763,-3.1820653290199146
17.3,0.005213800689027131,-3.0584432146053224
17.400000000000002,0.010813192658677195,-2.8354510719404424
17.5,0.0253503001650179,-2.5357319833855017
17.6,0.0641773705559412,-2.265034913161539
17.7,0.16494380842484707,-2.200824537985026
17.8,0.337629951656029,-2.184472500366897
17.900000000000002,0.3243979864530257,-2.2366248429754982
18.0,0.18466628912475871,-2.2648057408504583
18.1,0.08717470889819118,-2.276174555122428
18.2,0.054621320207964445,-2.2229306954319883
18.3,0.04801950700903135,-2.187448236847647
18.400000000000002,0.07670675538324337,-2.17945072972639
18.5,0.08960453413736534,-2.193314920098528
18.6,0.07776005833164824,-2.146598524031521
18.7,0.06729978500630908,-1.978934844096092
18.8,0.05345485986028199,-1.7651036521100478
18.900000000000002,0.042090006363149114,-1.5462607925651344
19.0,0.03644639644907955,-1.3599855572945068
19.1,0.05590349719154176,-1.2095397107061143
19.2,0.061309089843546466,-1.1594226342710197
19.3,0.05353739024628468,-1.1069187095825053
19.400000000000002,0.046706508683521455,-1.040433699302739
19.5,0.04287719269176663,-0.9790460200950489
19.6,0.04516251390737456,-0.9278956991489556
19.7,0.04967663681133362,-0.8875229129620892
19.8,0.04430989021305532,-0.8952170148444846
19.900000000000002,0.041750231776320826,-0.9132401083706335
20.0,0.03470515794341273,-0.8991914777706098
20.1,0.03587803545539934,-0.8007274971851356
20.2,0.05101270613953366,-0.6356631431845202
20.3,0.08902148205509872,-0.3630986219447436
20.400000000000002,0.16719672596364527,-0.053819721966453044
20.5,0.2643033460415913,0.1596372557804423
20.6,0.24727361517648255,0.27606422749394016
20.7,0.19183091064245383,0.27463292913762277
20.8,0.12501651350556675,0.2376683912207688
20.900000000000002,0.10913460487046306,0.1890962632170596
21.0,0.15168089784101574,0.2480309637696292
21.1,0.30337085398820063,0.4449583585105977
21.2,0.6988179037398075,0.6638240531464176
21.3,1.5475365004809185,0.9030661795439197
21.400000000000002,2.1868412233381305,0.9573752864638744
21.5,1.6860054563270848,0.8646680859836194
21.6,0.9530021007689655,0.6988515280858968
21.7,0.5723560445435623,0.6010298446185542
21.8,0.4354168504457134,0.6712908745552929
21.900000000000002,0.3418173624671592,0.8510458831556238
22.0,0.2966376697838196,1.066549478850319
22.1,0.457279178589869,1.2541819905429148
22.2,0.4382713751200375,1.3378351856165545
22.3,0.37465647172546274,1.3634205734842666
22.400000000000002,0.3485084644457152,1.3444681565272614
22.5,0.45507826022748205,1.3808077523374092
22.6,0.8061228697561755,1.5546342942234457
22.7,1.6656147423698957,1.8421780994491588
22.8,3.375627103053578,2.08987568042622
22.900000000000002,4.507892728246741,2.206606336528989
23.0,3.54020077128853,2.176349151820839
23.1,2.1325246579553814,2.033808525124243
23.2,1.404120566297478,1.9423982676415514
23.3,1.2942824168629798,1.9381597953850938
23.400000000000002,1.6090529289499733,2.075141316160717
23.5,2.5471270594615523,2.2848162357986843
23.6,3.689881473902105,2.4926239760512288
23.7,3.278379870545523,2.5451161361041685
23.8,2.409720701680647,2.4080451804773735
23.900000000000002,1.6492693284083315,2.1976462488984967
24.0,1.7690546471337318,2.0357106109601295
24.1,2.7584605556245,2.0330904667744827
24.2,5.524454563366578,2.2126646273763235
24.3,12.463552526216246,2.512987532564901
24.400000000000002,27.356274232182198,2.750093762155361
24.5,41.290026082382816,2.83746043111668
24.6,33.53254375849906,2.7241584020888703
24.7,26.670688191754525,2.5545627060750697
24.8,30.425692461353933,2.488048889016531
24.900000000000002,21.407885808637147,2.521097631835417
25.0,19.18341947188158,2.610016167327629
25.1,25.528488888739343,2.7622747851927536
25.2,36.67709648848604,2.875036038756393
25.3,31.926448670408178,2.81432165190407
25.400000000000002,18.77181163679264,2.64055806448135
25.5,13.622236219255509,2.47883805078565
25.6,11.26775392773691,2.354267864887613
25.7,10.7724509935537,2.338107678439553
25.8,12.168496616517995,2.465246641181556
25.900000000000002,15.196715164227921,2.6527662745387937
26.0,16.29538561244895,2.7588231703371697
26.1,13.852274704898123,2.729830227633863
26.2,12.036758977748445,2.5793899578835227
26.3,9.933398703165699,2.4372656093802303
26.400000000000002,12.381372473402308,2.451377191496694
26.5,19.28126648892898,2.4619292603764715
26.6,30.342999967422326,2.519941303782557
26.7,36.085347856303464,2.60445712668048
26.8,27.979469439092682,2.601367010878269
26.900000000000002,17.341294245197314,2.5944200405527
27.0,11.422003524282347,2.5310683963377953
27.1,12.75091860014082,2.385071109312157
27.2,20.634396424448045,2.316733720718663
27.3,31.791476736301348,2.3623718100911204
27.400000000000002,34.50686671863148,2.4782738178871138
27.5,28.071487353262576,2.6020323101933878
27.6,20.006316490421494,2.6751910827825642
27.7,12.715827196039958,2.6697240936201196
27.8,12.295995811986533,2.5235149265583456
27.900000000000002,19.556620798512945,2.434786588421428
28.0,29.270579847129472,2.443255924706584
28.1,29.66152015818381,2.5340183615818126
28.2,25.783677156711793,2.658165907743862
28.3,30.267459034527707,2.688079412072341
28.400000000000002,28.02556881213374,2.670614698563474
28.5,17.482362486571073,2.6766615072474753
28.6,15.95516959243759,2.7384572370627054
28.7,22.248509981782398,2.750326696619704
28.8,21.240884861585972,2.771746880983189
28.900000000000002,16.91600830974846,2.8465207482195005
29.0,20.24570979859209,2.884491227583389
29.1,24.15982167629354,2.8369962245457434
29.2,18.958281168162834,2.699777596871255
29.3,17.275380799120487,2.596335912406897
29.400000000000002,24.53229785708191,2.5807846032072286
29.5,26.687769231428295,2.6116151002872536
29.6,19.895288157060236,2.6134692742779237
29.7,15.08196667021504,2.6313670577183497
29.8,15.258054665121628,2.7615069750469208
29.900000000000002,27.242861492343707,2.8458353652212622
30.0,34.6813918534543,2.8057317570354
30.1,26.019328946466942,2.744510317861236
30.2,25.161703517156674,2.6794946637826587
30.3,34.6600354709368,2.6799015950058074
30.400000000000002,29.57235360745782,2.6923882113048463
30.5,17.492334255288302,2.745297233322788
30.6,18.10675260190174,2.810158205055363
30.7,18.33459055739131,2.741557081380515
30.8,14.373497567883435,2.5884248912004035
30.900000000000002,15.461827779159412,2.5516150464549257
31.0,21.112351687075222,2.6285567711930353
31.1,19.281540766617834,2.697467229535532
31.2,16.164486217536073,2.7902289442117016
31.3,20.54892864607514,2.875760854472041
31.400000000000002,21.42149833800759,2.8413046334567578
31.5,16.49595665139131,2.7271691809930534
31.6,16.711613865239563,2.591347003813822
31.7,24.195105247603404,2.5878729086628307
31.8,23.701641160507993,2.6243737493289507
31.900000000000002,18.182171588316102,2.6594119369379645
32.0,19.684525341724946,2.7256647383421044
32.1,27.76896468439922,2.7431301495948035
32.2,24.074387148313946,2.685988192166745
32.3,18.00244019335453,2.5448228356758613
32.4,19.17610670173156,2.4089953056384883
32.5,30.70678134809408,2.438532720103247
32.6,31.617817067191982,2.5428544976808483
32.7,21.339509800018497,2.626740055242322
32.8,17.679723681448184,2.7217195188079266
32.9,25.966652559370516,2.8151566355251734
33.0,26.38917077731578,2.7936233756074547
33.1,21.11133853991682,2.737196939008406
33.2,25.413059325192684,2.6882082089312314
33.3,28.69005013940113,2.689138194141537
33.4,21.3352666797667,2.7395152749513065
33.5,18.28920406408195,2.8058828656570065
33.6,25.3117537184757,2.8670982796465854
33.7,26.961054407803505,2.891555661404188
33.8,20.109535459631495,2.8457862912829115
33.9,15.479393640024151,2.759098537174475
34.0,16.776908815293968,2.6854459146500194
34.1,30.46172091497558,2.721292023950743
34.2,39.03948126278031,2.767341338266888
34.300000000000004,25.706663083586278,2.778182371324663
34.4,21.18076350665654,2.8253030012657034
34.5,23.28836933060839,2.8404882146199726
34.6,17.80277940474727,2.7507671798471374
34.7,18.875312097527523,2.6512748913223754
34.800000000000004,26.116071299169633,2.56014200544135
34.9,26.99635757589183,2.536471930548852
35.0,22.357600554809498,2.56427333339922
35.1,24.90223807991595,2.6225155109614993
35.2,30.151565634614794,2.7388625544056553
35.300000000000004,23.410583830572648,2.837798808480932
35.4,18.82414467476098,2.801931864400959
35.5,24.26471371311847,2.7066307679398114
35.6,25.065793767689204,2.5732025009547446
35.7,18.936579798148212,2.488781772368108
35.800000000000004,14.727800412889925,2.606909900487051
35.9,14.939244488677138,2.7565217176355112
36.0,25.996921101951852,2.8472803273184284
36.1,43.72133896830134,2.831453759012946
36.2,32.59258662266833,2.7266503678871907
36.300000000000004,20.059607854520085,2.6281691482159197
36.4,14.572092313204543,2.5610533814270897
36.5,11.31714191409693,2.558732297979064
36.6,14.431375951450041,2.7117627403402484
36.7,23.315553936609152,2.8558213601176328
36.800000000000004,28.83351739592344,2.8932425448327344
36.9,25.178631773870265,2.9186242174023422
37.0,22.32719596320428,2.9264334797879177
37.1,29.838209562217454,2.8730483409822294
37.2,36.53600404955713,2.753589894373379
37.300000000000004,23.14470390477443,2.6924504759012975
37.4,17.542408758574354,2.6690103871595845
37.5,18.838960073965648,2.656764326630657
37.6,14.939416998059242,2.699312427437294
37.7,13.573419437554696,2.78790284269501
37.800000000000004,19.31565852123892,2.781989690314418
37.9,21.882288772561935,2.665534642226853
38.0,17.598256503818266,2.5789582055104394
38.1,18.44881436565203,2.580631425396771
38.2,22.64571950079628,2.7182231371782213
38.300000000000004,18.3970271224766,2.856732133839843
38.4,15.672623361033578,2.9295836297632065
38.5,21.504627855695407,2.879754232973408
38.6,26.265595124282484,2.7459234351127897
38.7,20.864922897022392,2.6045347800146867
38.800000000000004,16.590782156134388,2.597800289255147
38.9,21.174181856690666,2.744726794690841
39.0,30.186074915064648,2.8922227680950425
39.1,24.60673830980281,2.8980351335904206
39.2,20.61238302985872,2.797928430998367
39.300000000000004,27.4684770698987,2.7522542483692813
39.4,32.15198086676979,2.8226246853839307
39.5,22.31601901346542,2.8319559483492647
39.6,17.981497497443332,2.758706505183276
39.7,24.283903112921596,2.7049050194271658
39.800000000000004,23.20260526981503,2.648507839501328
39.9,17.63112020504231,2.5885528709799415
40.0,19.21910599547632,2.6301484399993016
