track,option,seed,question,nrmse,param_err_pct,param,seconds,engaged
quantum/cmb,baseline,3,interpolation,0.00018244706013242605,0.016821650345795764,T,3.1598401069641113,True
quantum/cmb,baseline,3,extrapolation,0.002240393347320257,0.017057523822969312,T,3.063369035720825,True
quantum/cmb,baseline,7,interpolation,0.0002877113052544011,0.017181438091505775,T,3.138566732406616,True
quantum/cmb,baseline,7,extrapolation,0.0007013516992535891,0.017057543896519183,T,3.0780928134918213,True
quantum/cmb,baseline,19,interpolation,0.0008891498577861194,0.017169934090192115,T,3.1484251022338867,True
quantum/cmb,baseline,19,extrapolation,0.0012898124625806825,0.01705762508978799,T,3.0714669227600098,True
quantum/cmb,early,3,interpolation,0.00017862843348897235,0.016449698636775378,T,1.066490888595581,True
quantum/cmb,early,3,extrapolation,0.0013570453477945686,0.016922783108558836,T,1.637916088104248,True
quantum/cmb,early,7,interpolation,0.00028743093481319227,0.017308407868705605,T,1.7635550498962402,True
quantum/cmb,early,7,extrapolation,0.001237176120342341,0.016964892865460827,T,0.29506993293762207,True
quantum/cmb,early,19,interpolation,0.000887983300352836,0.01699932172426065,T,3.117779016494751,True
quantum/cmb,early,19,extrapolation,0.0010767937566245258,0.016740147471917145,T,3.066983938217163,True
quantum/cmb,lbfgs,3,interpolation,0.00018244706013242605,0.016821650345795764,T,3.1736409664154053,True
quantum/cmb,lbfgs,3,extrapolation,0.002240393347320257,0.017057523822969312,T,3.0665841102600098,True
quantum/cmb,lbfgs,7,interpolation,0.0002877113052544011,0.017181438091505775,T,3.1355960369110107,True
quantum/cmb,lbfgs,7,extrapolation,0.0007013516992535891,0.017057543896519183,T,3.08738112449646,True
quantum/cmb,lbfgs,19,interpolation,0.0008891498577861194,0.017169934090192115,T,3.146839141845703,True
quantum/cmb,lbfgs,19,extrapolation,0.0012898124625806825,0.01705762508978799,T,3.0659711360931396,True
quantum/cmb,ens5,3,interpolation,0.00018655626684458825,0.016821230940208296,T,15.735408306121826,True
quantum/cmb,ens5,3,extrapolation,0.0018264531811498807,0.017057519064018693,T,15.312296867370605,True
quantum/cmb,ens5,7,interpolation,0.00028179956171423817,0.01718115575625229,T,15.707431077957153,True
quantum/cmb,ens5,7,extrapolation,0.0015978279900365532,0.017057719945658134,T,15.458382844924927,True
quantum/cmb,ens5,19,interpolation,0.000880528068240326,0.017170341576112868,T,15.91678786277771,True
quantum/cmb,ens5,19,extrapolation,0.0011585232678596495,0.01705742114781292,T,15.456732988357544,True
quantum/cmb,fourier16,3,interpolation,0.0003693854341213187,0.016820296724300444,T,3.358008861541748,True
quantum/cmb,fourier16,3,extrapolation,0.00397671257318892,0.017057590251169687,T,3.2405428886413574,True
quantum/cmb,fourier16,7,interpolation,0.0010726172183393075,0.017180375226694276,T,3.341979742050171,True
quantum/cmb,fourier16,7,extrapolation,0.001922852628277916,0.017057590251169687,T,3.2545838356018066,True
quantum/cmb,fourier16,19,interpolation,0.0033240782870453682,0.017170230393200626,T,3.335730791091919,True
quantum/cmb,fourier16,19,extrapolation,0.005355509492553739,0.017057590251169687,T,3.200812816619873,True
quantum/cmb,balance,3,interpolation,0.00018403034217605782,0.016813259400001588,T,3.167973279953003,True
quantum/cmb,balance,3,extrapolation,0.0008256234251129753,0.01705756144367091,T,3.0771570205688477,True
quantum/cmb,balance,7,interpolation,0.0002893544257005352,0.01718041768657806,T,3.1662933826446533,True
quantum/cmb,balance,7,extrapolation,0.0007375388191552302,0.01705763257307604,T,3.087222099304199,True
quantum/cmb,balance,19,interpolation,0.0008865801392157959,0.017166730108193914,T,3.2013981342315674,True
quantum/cmb,balance,19,extrapolation,0.0007249989200447877,0.017057588050455652,T,3.0704920291900635,True
quantum/cmb,ens5+balance,3,interpolation,0.00018739805886400338,0.01681983516196242,T,16.167152881622314,True
quantum/cmb,ens5+balance,3,extrapolation,0.0008965383117938062,0.017057687272021168,T,15.627068042755127,True
quantum/cmb,ens5+balance,7,interpolation,0.00028843777977639515,0.01718038371712962,T,16.215943098068237,True
quantum/cmb,ens5+balance,7,extrapolation,0.0007606972258457536,0.01705745343870426,T,15.586681842803955,True
quantum/cmb,ens5+balance,19,interpolation,0.0008917168331598357,0.017169078880965912,T,16.047762155532837,True
quantum/cmb,ens5+balance,19,extrapolation,0.0017263277353876054,0.017064015976942147,T,15.607053995132446,True
