onestep,err_train_h,err_end,valid_steps,valid_time,valid_over_train,blowup_frac,horizon_steps,H_early,H_late,H_growth,exp,system,arm,seed,lr,loss,n_traj,train_seconds,final_loss,n_params,split,eval_seconds,mass_drift_end,energy_ratio_end
0.0003731099404042783,0.03309844871119314,0.16197864255398844,603.5,60.35,3.0175,0.0,1000,0.0008238698671388326,0.0008055061155702969,1.040017582208105,tune,pendulum,hnn,3,0.01,onestep,32,11.750748872756958,1.3464968110524836e-07,4417,val,2.744479179382324,,
0.00033802494416168745,0.022876652256352027,0.1106067250458466,881.0,88.10000000000001,4.405,0.0,1000,0.0008594101533274884,0.000846219995685966,1.0205789577686075,tune,pendulum,hnn,7,0.01,onestep,32,12.599183082580566,2.3614297828158737e-07,4417,val,2.7681350708007812,,
0.00026330610460101507,0.02505103534111444,0.12202739933011286,799.5,79.95,3.9975,0.0,1000,0.00036910409781945385,0.00036015969000983343,1.0017705561547716,tune,pendulum,hnn,19,0.01,onestep,32,12.730452060699463,6.220170301877374e-08,4417,val,2.958667039871216,,
0.0006101468522113438,0.10024022443146909,0.7404365367679239,208.0,20.8,1.04,0.0,1000,0.006354867415162571,0.06196185820843004,11.309628829966318,tune,pendulum,node,3,0.01,onestep,32,7.891516923904419,1.2548917987552603e-06,4482,val,0.8987820148468018,,
0.0001933419960659761,0.009976018894658528,0.05177423784051782,1000.0,100.0,5.0,0.0,1000,0.0004305707578044716,0.0004006526649214671,0.9935092279302331,tune,pendulum,hnn_leapfrog,3,0.01,onestep,32,8.354274034500122,1.942817047004731e-08,8706,val,1.2273211479187012,,
0.0002187984727731425,0.012458764925556216,0.0776225390562525,1000.0,100.0,5.0,0.0,1000,0.0014297750357468147,0.03651713917699783,19.35514433375417,tune,pendulum,closure,3,0.01,onestep,32,8.045038938522339,5.697423817023758e-08,4482,val,0.7686350345611572,,
0.001550471914865284,0.03345659358095157,0.030806721927607805,100.0,5.0,2.5,0.0,100,,,,tune,burgers,closure,3,0.01,onestep,32,8.25833010673523,8.973292296219604e-06,1281,val,0.2994499206542969,0.009016059996632686,0.9995612506112139
0.0007406242350820444,0.10572121234269938,0.8730289646363778,203.0,20.3,1.015,0.0,1000,0.007346615636318166,0.0773605562902701,12.635002236093761,tune,pendulum,node,7,0.01,onestep,32,6.017977952957153,8.897644701958782e-07,4482,val,0.8237869739532471,,
0.00015824955953882923,0.012903372443347298,0.0637684565230627,1000.0,100.0,5.0,0.0,1000,0.00037923611321966815,0.0003584391928411031,1.0338605782811556,tune,pendulum,hnn_leapfrog,7,0.01,onestep,32,7.197786092758179,5.4863682562858196e-08,8706,val,1.3521442413330078,,
0.00022838098374571892,0.011959359398598452,0.15328573562680162,867.5,86.75,4.3375,0.0,1000,0.0009559476504008768,0.02426079269262002,23.731423720752176,tune,pendulum,closure,7,0.01,onestep,32,6.1030051708221436,1.5495713779918082e-07,4482,val,1.0549700260162354,,
0.001691764444327586,0.03096154735560284,0.03357341306970213,100.0,5.0,2.5,0.0,100,,,,tune,burgers,closure,7,0.01,onestep,32,8.69203805923462,5.778855450707839e-06,1281,val,0.3806898593902588,0.011713310663824257,1.0042426359187075
0.0006758274641915241,0.06968139786631469,0.2658691181959271,302.5,30.25,1.5125,0.0,1000,0.003372985970703488,0.04031503591434906,13.665618520639764,tune,pendulum,node,19,0.01,onestep,32,6.56021785736084,7.88877557630565e-07,4482,val,0.8566310405731201,,
0.00015267304652317478,0.009110903750913776,0.04620033197218156,1000.0,100.0,5.0,0.0,1000,0.00026311197988996996,0.00027200578287492414,1.0351528053223515,tune,pendulum,hnn_leapfrog,19,0.01,onestep,32,10.148505926132202,3.592862205424757e-08,8706,val,2.6070058345794678,,
0.0002089580728375024,0.015466156863647407,0.13011096853242787,876.5,87.65,4.3825,0.0,1000,0.0012673399616420188,0.017980285258599578,11.619198502759598,tune,pendulum,closure,19,0.01,onestep,32,11.47392201423645,5.293661023857104e-08,4482,val,1.4590528011322021,,
0.0012192005899206075,0.030235742820159194,0.020394993265123514,100.0,5.0,2.5,0.0,100,,,,tune,burgers,closure,19,0.01,onestep,32,14.457639932632446,4.753274332540165e-06,1281,val,0.6026902198791504,0.003737898966362674,0.9809363460182918
0.002265710688154404,0.04249247353916834,0.14947074587286002,93.0,4.65,2.325,0.0,100,,,,tune,burgers,conv,3,0.01,onestep,32,14.193692207336426,1.5684619664057623e-05,1281,val,0.35950422286987305,0.012877082855324948,1.1045529057787116
0.03310591688926373,0.8230878891484468,1.3583935917503331,1.0,0.05,0.025,0.0,100,,,,tune,burgers,dense,3,0.01,onestep,32,7.580916881561279,4.146548959937235e-05,98880,val,0.1570889949798584,0.01619895951544731,10.351243163353455
0.0019678000686093166,0.04252364958104296,0.05222310339584432,100.0,5.0,2.5,0.0,100,,,,tune,burgers,conv,7,0.01,onestep,32,12.89147686958313,7.621436896779587e-06,1281,val,0.4956231117248535,0.012742497927096197,1.0436008277477846
0.03532416920459369,0.7517596235759693,1.2423843934347996,1.0,0.05,0.025,0.0,100,,,,tune,burgers,dense,7,0.01,onestep,32,5.847956895828247,3.440771113735844e-05,98880,val,0.11623501777648926,0.012458772698126078,7.667084595594946
0.0020551454364627834,0.046564062375867944,0.03845628346416851,100.0,5.0,2.5,0.0,100,,,,tune,burgers,conv,19,0.01,onestep,32,11.576322793960571,9.694032039236587e-06,1281,val,0.43045592308044434,0.014403574859263822,1.0031454709926602
0.03325650287749879,0.76888514193027,1.342929824921097,1.0,0.05,0.025,0.0,100,,,,tune,burgers,dense,19,0.01,onestep,32,6.211400032043457,3.3765621018692504e-05,98880,val,0.13126301765441895,0.017248962979089098,6.470821762698334
0.0029559668297860506,0.6257469012684416,0.9845380964952949,32.0,3.2,0.16,0.0,1000,0.14284814701741158,0.18833015546260257,1.34233778137572,tune,pendulum,direct,3,0.01,onestep,32,3.138151168823242,1.6649730425481546e-05,4482,val,0.3522779941558838,,
0.0006214180745818824,0.10454564327010801,0.7385061697619388,208.5,20.85,1.0425,0.0,1000,0.00785452980118572,0.08160101647369677,11.056756384758716,tune,pendulum,residual,3,0.01,onestep,32,2.8629627227783203,1.2436593499546583e-06,4482,val,0.3312110900878906,,
0.0036161512957763346,0.6498973168404811,1.300757856963748,25.5,2.5500000000000003,0.1275,0.0,1000,0.17769689495418556,0.25380351151354147,1.472348790139594,tune,pendulum,direct,7,0.01,onestep,32,2.881027936935425,1.6599792537669503e-05,4482,val,0.2925069332122803,,
0.0007357142420482591,0.11192588909916655,0.917304586505072,184.5,18.45,0.9225,0.0,1000,0.007500082492639555,0.08183816338035464,11.953167434646488,tune,pendulum,residual,7,0.01,onestep,32,3.035984754562378,8.804071964373355e-07,4482,val,0.2512202262878418,,
0.00402171493028219,0.6254826726757206,1.1200469283677683,24.0,2.4000000000000004,0.12,0.0,1000,0.1577656677039935,0.22093481338477255,1.4490927268661613,tune,pendulum,direct,19,0.01,onestep,32,3.1097209453582764,1.4488131937659976e-05,4482,val,0.30811381340026855,,
0.0006710718569517772,0.061519934822317435,0.1837366823547963,344.5,34.45,1.7225,0.0,1000,0.0033761816332790327,0.024609169920406064,9.429447170125659,tune,pendulum,residual,19,0.01,onestep,32,2.9353830814361572,5.947124561368925e-07,4482,val,0.2627739906311035,,
