split,method,setting,task,seed,err,valid,seconds
test,uniform,g = 0,sho_f2,11,0.2603925197377189,True,20.564862374973018
test,uniform,g = 0,sho_f2,23,0.19519343375346804,True,21.547038457996678
test,uniform,g = 0,sho_f2,42,0.17575549736857163,True,21.29491637495812
test,uniform,g = 0,sho_f3,11,0.8146219005554728,True,21.882565125008114
test,uniform,g = 0,sho_f3,23,0.8452132887630163,True,21.323363917006645
test,uniform,g = 0,sho_f3,42,0.9068466216458474,True,20.96715804201085
test,uniform,g = 0,damped_f3,11,0.7593410461511771,True,21.55541529203765
test,uniform,g = 0,damped_f3,23,0.7237404395229374,True,20.897860541008413
test,uniform,g = 0,damped_f3,42,0.7577525625979586,True,20.349246624973603
test,uniform,g = 0,duffing_f2.5,11,1.0684930091192935,True,21.18617533298675
test,uniform,g = 0,duffing_f2.5,23,0.9552808928755373,True,20.553217000036966
test,uniform,g = 0,duffing_f2.5,42,0.9978390585255826,True,20.79230099997949
test,uniform,g = 0,pendulum_f2.5,11,2.434342959115004,True,20.38465537497541
test,uniform,g = 0,pendulum_f2.5,23,2.434645686290202,True,20.496796041959897
test,uniform,g = 0,pendulum_f2.5,42,2.435217401013596,True,12.758836958033498
test,uniform,g = 0,vdp_f2,11,0.3867224823986129,True,12.830843582982197
test,uniform,g = 0,vdp_f2,23,0.6372753402457816,True,12.369121750001796
test,uniform,g = 0,vdp_f2,42,0.3465153475044132,True,12.473663875018246
test,causal,eps = 30,sho_f2,11,0.10228714231420785,True,18.985922207997646
test,causal,eps = 30,sho_f2,23,0.13057168869528726,True,19.89819220796926
test,causal,eps = 30,sho_f2,42,0.09827148849506435,True,19.81399637501454
test,causal,eps = 30,sho_f3,11,0.6087560461493982,True,19.512806709040888
test,causal,eps = 30,sho_f3,23,0.6702137857663294,True,19.84600129100727
test,causal,eps = 30,sho_f3,42,0.5953557456143194,True,19.287287209008355
test,causal,eps = 30,damped_f3,11,0.6233342031542836,True,19.643927540979348
test,causal,eps = 30,damped_f3,23,0.5049402928411111,True,20.569946457981132
test,causal,eps = 30,damped_f3,42,0.5504602139420532,True,20.49741495901253
test,causal,eps = 30,duffing_f2.5,11,0.7182223533207717,True,21.466512375045568
test,causal,eps = 30,duffing_f2.5,23,0.7892172000620198,True,20.87470512499567
test,causal,eps = 30,duffing_f2.5,42,0.7907527051424783,True,20.97256045899121
test,causal,eps = 30,pendulum_f2.5,11,1.973076055132561,True,20.256296624953393
test,causal,eps = 30,pendulum_f2.5,23,1.9721260273142653,True,20.50429716700455
test,causal,eps = 30,pendulum_f2.5,42,1.7527091458116257,True,13.16835216700565
test,causal,eps = 30,vdp_f2,11,0.10790525887604119,True,13.26032983296318
test,causal,eps = 30,vdp_f2,23,0.16121047277913506,True,13.372890124970581
test,causal,eps = 30,vdp_f2,42,0.1473120112238238,True,13.36072520900052
test,learned,(-((t + tau))**2),sho_f2,11,0.06544962713083319,True,19.68716841598507
test,learned,(-((t + tau))**2),sho_f2,23,0.05375861442739408,True,19.395230791997164
test,learned,(-((t + tau))**2),sho_f2,42,0.04832602887426731,True,19.483626250003
test,learned,(-((t + tau))**2),sho_f3,11,0.5539511505801586,True,19.775605458009522
test,learned,(-((t + tau))**2),sho_f3,23,0.49510789082864487,True,19.487468750041444
test,learned,(-((t + tau))**2),sho_f3,42,0.5598021530232351,True,19.496206333045848
test,learned,(-((t + tau))**2),damped_f3,11,0.39883787026391326,True,20.286920541955624
test,learned,(-((t + tau))**2),damped_f3,23,0.44746274167955524,True,20.704285082989372
test,learned,(-((t + tau))**2),damped_f3,42,0.5064744969595314,True,20.28545062500052
test,learned,(-((t + tau))**2),duffing_f2.5,11,0.747696090062069,True,20.347424542007502
test,learned,(-((t + tau))**2),duffing_f2.5,23,0.6674721625397492,True,20.960403708042577
test,learned,(-((t + tau))**2),duffing_f2.5,42,0.6774827190328304,True,20.402500042051543
test,learned,(-((t + tau))**2),pendulum_f2.5,11,2.3944257056234397,True,21.012390916992445
test,learned,(-((t + tau))**2),pendulum_f2.5,23,2.431424720810354,True,20.66411687497748
test,learned,(-((t + tau))**2),pendulum_f2.5,42,2.3811423983599043,True,12.508170209010132
test,learned,(-((t + tau))**2),vdp_f2,11,0.14476366103660576,True,13.13617129198974
test,learned,(-((t + tau))**2),vdp_f2,23,0.1438378917781152,True,12.952329042018391
test,learned,(-((t + tau))**2),vdp_f2,42,0.11963486307653283,True,13.114938584039919
train,uniform,g = 0,sho_f2.5,11,0.4922592850005493,True,20.255953791958746
train,uniform,g = 0,sho_f2.5,23,0.5249820095732873,True,20.687164333008695
train,uniform,g = 0,sho_f2.5,42,0.5519035206458625,True,20.465383959002793
train,uniform,g = 0,damped_f2.5,11,0.45480955490213865,True,21.04813208297128
train,uniform,g = 0,damped_f2.5,23,0.43467271766389703,True,20.843051125004422
train,uniform,g = 0,damped_f2.5,42,0.4254874903920782,True,20.555959458986763
train,uniform,g = 0,duffing_f2,11,1.0265769978613302,True,20.897213709016796
train,uniform,g = 0,duffing_f2,23,1.0611743535263043,True,8.88879374996759
train,uniform,g = 0,duffing_f2,42,1.1556140850377996,True,8.847657667007297
train,causal,eps = 30,sho_f2.5,11,0.5950168189567157,True,18.601684292021673
train,causal,eps = 30,sho_f2.5,23,0.34940707817077327,True,19.802695541991852
train,causal,eps = 30,sho_f2.5,42,0.3498185627095939,True,19.672316874959506
train,causal,eps = 30,damped_f2.5,11,0.33033643152662495,True,19.58283379097702
train,causal,eps = 30,damped_f2.5,23,0.26148768821200735,True,19.70445587503491
train,causal,eps = 30,damped_f2.5,42,0.29988189180493946,True,19.079145124997012
train,causal,eps = 30,duffing_f2,11,0.7450985066857504,True,19.24297929095337
train,causal,eps = 30,duffing_f2,23,10.0,True,9.813412541989237
train,causal,eps = 30,duffing_f2,42,0.8585486478097429,True,9.553955417010002
train,learned,(-((t + tau))**2),sho_f2.5,11,0.21433498177319243,True,19.56262899999274
train,learned,(-((t + tau))**2),sho_f2.5,23,0.26963409279272976,True,19.98390691698296
train,learned,(-((t + tau))**2),sho_f2.5,42,0.2909184960517598,True,19.791826542001218
train,learned,(-((t + tau))**2),damped_f2.5,11,0.18252749042644578,True,19.97094529098831
train,learned,(-((t + tau))**2),damped_f2.5,23,0.21487220094901724,True,20.133023916976526
train,learned,(-((t + tau))**2),damped_f2.5,42,0.21754538843602753,True,19.700633624976035
train,learned,(-((t + tau))**2),duffing_f2,11,0.7017961947434793,True,20.027892332989722
train,learned,(-((t + tau))**2),duffing_f2,23,0.6269706545526954,True,9.352175208041444
train,learned,(-((t + tau))**2),duffing_f2,42,1.1122098835077185,True,9.308747292030603
