track,n_train,w_phys,seed,val_nrmse,chosen,pinned_at_edge
quantum/hydrogen,4,0.001,3,0.012000765533656846,False,False
quantum/hydrogen,4,0.01,3,0.004915595833659374,False,False
quantum/hydrogen,4,0.1,3,0.009336688331920135,False,False
quantum/hydrogen,4,1.0,3,0.010687333850212961,False,False
quantum/hydrogen,4,10.0,3,0.02089326376533094,False,False
quantum/hydrogen,4,100.0,3,0.03942147661242467,True,False
quantum/hydrogen,4,1000.0,3,0.012915619183305202,False,False
quantum/hydrogen,4,0.001,7,0.004842729209385346,False,False
quantum/hydrogen,4,0.01,7,0.0004589207725419352,False,False
quantum/hydrogen,4,0.1,7,0.00016532794905362003,False,False
quantum/hydrogen,4,1.0,7,0.0014426251455656254,False,False
quantum/hydrogen,4,10.0,7,0.0007968677963266497,False,False
quantum/hydrogen,4,100.0,7,0.0006645574478722316,True,False
quantum/hydrogen,4,1000.0,7,0.0006095238067516351,False,False
quantum/hydrogen,4,0.001,19,0.005370432671246448,False,False
quantum/hydrogen,4,0.01,19,0.005268859683833019,False,False
quantum/hydrogen,4,0.1,19,0.008424991082661667,False,False
quantum/hydrogen,4,1.0,19,0.012756789284677003,False,False
quantum/hydrogen,4,10.0,19,0.009215913678288291,False,False
quantum/hydrogen,4,100.0,19,0.0004650125883531905,True,False
quantum/hydrogen,4,1000.0,19,0.0008257282367104373,False,False
quantum/hydrogen,6,0.001,3,0.015042021633504076,False,False
quantum/hydrogen,6,0.01,3,0.006890554935891881,False,False
quantum/hydrogen,6,0.1,3,0.009523990389033987,False,False
quantum/hydrogen,6,1.0,3,0.010916131573821932,False,False
quantum/hydrogen,6,10.0,3,0.014214799935935739,False,False
quantum/hydrogen,6,100.0,3,0.021041740305507758,True,False
quantum/hydrogen,6,1000.0,3,0.005255329653011797,False,False
quantum/hydrogen,6,0.001,7,0.00027243474626529305,False,False
quantum/hydrogen,6,0.01,7,0.0037006970780150686,False,False
quantum/hydrogen,6,0.1,7,0.003552401818723621,False,False
quantum/hydrogen,6,1.0,7,0.003206181990294622,False,False
quantum/hydrogen,6,10.0,7,0.0005410238112622682,False,False
quantum/hydrogen,6,100.0,7,0.0007692030340420778,True,False
quantum/hydrogen,6,1000.0,7,0.000815578821272099,False,False
quantum/hydrogen,6,0.001,19,0.0011657300989302132,False,False
quantum/hydrogen,6,0.01,19,0.000618964349049819,False,False
quantum/hydrogen,6,0.1,19,0.0006407797843956638,False,False
quantum/hydrogen,6,1.0,19,0.0014359720002367449,False,False
quantum/hydrogen,6,10.0,19,0.0007573483573753172,False,False
quantum/hydrogen,6,100.0,19,0.00012888921425478306,True,False
quantum/hydrogen,6,1000.0,19,0.00011107850148492188,False,False
quantum/hydrogen,8,0.001,3,0.007032973825682699,False,False
quantum/hydrogen,8,0.01,3,0.0013116388737558307,False,False
quantum/hydrogen,8,0.1,3,0.001362680413019923,False,False
quantum/hydrogen,8,1.0,3,0.0014197013039840714,False,False
quantum/hydrogen,8,10.0,3,0.0008323230644330528,False,False
quantum/hydrogen,8,100.0,3,0.00022021897398763645,False,False
quantum/hydrogen,8,1000.0,3,0.00011744713335085964,True,False
quantum/hydrogen,8,0.001,7,0.0001373040045022078,False,False
quantum/hydrogen,8,0.01,7,3.5537090538119796e-05,False,False
quantum/hydrogen,8,0.1,7,1.2792647408401473e-05,False,False
quantum/hydrogen,8,1.0,7,1.6941904328310206e-05,False,False
quantum/hydrogen,8,10.0,7,7.28411682531285e-06,False,False
quantum/hydrogen,8,100.0,7,5.69048129711036e-06,False,False
quantum/hydrogen,8,1000.0,7,5.913017179949697e-06,True,False
quantum/hydrogen,8,0.001,19,0.00028878716340931075,False,False
quantum/hydrogen,8,0.01,19,0.0014529778780428034,False,False
quantum/hydrogen,8,0.1,19,0.0018440771336972772,False,False
quantum/hydrogen,8,1.0,19,0.009766661099830112,False,False
quantum/hydrogen,8,10.0,19,0.0005083652808559363,False,False
quantum/hydrogen,8,100.0,19,0.0005559135313208351,False,False
quantum/hydrogen,8,1000.0,19,0.0011912543027947655,True,False
quantum/hydrogen,8,10000.0,3,0.00019427497798153986,False,False
quantum/hydrogen,8,10000.0,7,5.721799588612698e-06,False,False
quantum/hydrogen,8,10000.0,19,0.0012441871297429615,False,False
quantum/hydrogen,12,0.001,3,0.000502784573620967,False,True
quantum/hydrogen,12,0.01,3,0.00038339786670189846,False,True
quantum/hydrogen,12,0.1,3,0.0004642435351849463,False,True
quantum/hydrogen,12,1.0,3,0.00038321649737593755,False,True
quantum/hydrogen,12,10.0,3,7.544740721017301e-05,False,True
quantum/hydrogen,12,100.0,3,5.093116685955986e-05,False,True
quantum/hydrogen,12,1000.0,3,2.8450082461723915e-05,False,True
quantum/hydrogen,12,0.001,7,0.0001645307548747726,False,True
quantum/hydrogen,12,0.01,7,0.0001335112988892606,False,True
quantum/hydrogen,12,0.1,7,2.9435367294791954e-05,False,True
quantum/hydrogen,12,1.0,7,9.302326044343701e-06,False,True
quantum/hydrogen,12,10.0,7,7.040311783652458e-06,False,True
quantum/hydrogen,12,100.0,7,6.765560332180626e-06,False,True
quantum/hydrogen,12,1000.0,7,6.543144890991838e-06,False,True
quantum/hydrogen,12,0.001,19,0.0006620793007697939,False,True
quantum/hydrogen,12,0.01,19,0.0003916800616197476,False,True
quantum/hydrogen,12,0.1,19,0.00020813316562329906,False,True
quantum/hydrogen,12,1.0,19,8.84847091948793e-05,False,True
quantum/hydrogen,12,10.0,19,0.00014069993021589654,False,True
quantum/hydrogen,12,100.0,19,3.7897603301118664e-05,False,True
quantum/hydrogen,12,1000.0,19,4.9355081201757406e-05,False,True
quantum/hydrogen,12,10000.0,3,2.426615962857895e-05,False,True
quantum/hydrogen,12,10000.0,7,6.44860999673573e-06,False,True
quantum/hydrogen,12,10000.0,19,4.588089388146639e-05,False,True
quantum/hydrogen,12,100000.0,3,2.4360139987217196e-05,False,True
quantum/hydrogen,12,100000.0,7,6.458857354311665e-06,False,True
quantum/hydrogen,12,100000.0,19,4.719649393170251e-05,False,True
quantum/hydrogen,12,1000000.0,3,2.4676892030750636e-05,True,True
quantum/hydrogen,12,1000000.0,7,6.362474344389402e-06,True,True
quantum/hydrogen,12,1000000.0,19,4.714900333440341e-05,True,True
quantum/hydrogen,20,0.001,3,1.597344666502416e-05,False,False
quantum/hydrogen,20,0.01,3,1.8205988033672133e-05,False,False
quantum/hydrogen,20,0.1,3,3.722586095573005e-05,False,False
quantum/hydrogen,20,1.0,3,1.6871818423752914e-05,True,False
quantum/hydrogen,20,10.0,3,4.029333130237225e-05,False,False
quantum/hydrogen,20,100.0,3,3.742024033232404e-05,False,False
quantum/hydrogen,20,1000.0,3,3.4406095314101733e-05,False,False
quantum/hydrogen,20,0.001,7,0.00020574151334187864,False,False
quantum/hydrogen,20,0.01,7,0.0001470380261750952,False,False
quantum/hydrogen,20,0.1,7,4.44857499391049e-05,False,False
quantum/hydrogen,20,1.0,7,1.699458877338559e-05,True,False
quantum/hydrogen,20,10.0,7,2.063475484622995e-05,False,False
quantum/hydrogen,20,100.0,7,2.0563243918925093e-05,False,False
quantum/hydrogen,20,1000.0,7,1.938383404044613e-05,False,False
quantum/hydrogen,20,0.001,19,0.000622328516396498,False,False
quantum/hydrogen,20,0.01,19,0.0002037756073988928,False,False
quantum/hydrogen,20,0.1,19,0.0005066935343938327,False,False
quantum/hydrogen,20,1.0,19,0.00022906266315353332,True,False
quantum/hydrogen,20,10.0,19,0.00015803443892604513,False,False
quantum/hydrogen,20,100.0,19,1.2433491148643663e-05,False,False
quantum/hydrogen,20,1000.0,19,1.7507147219568872e-05,False,False
quantum/hydrogen,30,0.001,3,7.344444303097421e-05,False,False
quantum/hydrogen,30,0.01,3,6.320537035909006e-05,False,False
quantum/hydrogen,30,0.1,3,5.039357916945331e-05,False,False
quantum/hydrogen,30,1.0,3,1.8525745335266375e-05,False,False
quantum/hydrogen,30,10.0,3,3.1989979126524984e-05,False,False
quantum/hydrogen,30,100.0,3,3.6712719555350705e-05,True,False
quantum/hydrogen,30,1000.0,3,3.643067695860257e-05,False,False
quantum/hydrogen,30,0.001,7,0.00015602167180268334,False,False
quantum/hydrogen,30,0.01,7,7.94220197227466e-05,False,False
quantum/hydrogen,30,0.1,7,7.092816736108343e-05,False,False
quantum/hydrogen,30,1.0,7,1.0350642838513334e-05,False,False
quantum/hydrogen,30,10.0,7,1.1721854285133346e-05,False,False
quantum/hydrogen,30,100.0,7,1.0266259747700861e-05,True,False
quantum/hydrogen,30,1000.0,7,9.996182553904331e-06,False,False
quantum/hydrogen,30,0.001,19,0.0019931330292786726,False,False
quantum/hydrogen,30,0.01,19,0.0012564939732568339,False,False
quantum/hydrogen,30,0.1,19,0.0011215595289854313,False,False
quantum/hydrogen,30,1.0,19,6.73395617286438e-05,False,False
quantum/hydrogen,30,10.0,19,0.00019749787314559222,False,False
quantum/hydrogen,30,100.0,19,1.526474561673473e-05,True,False
quantum/hydrogen,30,1000.0,19,3.092909624986295e-05,False,False
