track,arm,sweep,n_train,seed,rmse_in,nrmse_in,mape_in,rmse_out,nrmse_out,mape_out,seconds,n_free,expression,interpretable,param_R,err_R_pct,sigma_R,w_phys
quantum/hydrogen,physics,budget,4,11,0.0354268860574086,2.0260330244855164e-06,2.8517138897380907e-05,0.0160713933302456,9.191091078061188e-07,1.2889392474698513e-05,0.0018157958984375,1,R*(1 - 1/n**2),True,109678.78696568278,0.001097364541138,0.0006253909955239,
quantum/hydrogen,pinn,budget,4,11,0.0819312821925355,4.685579285504417e-06,5.8582055292286526e-05,12.62823926854425,0.0007221980999886,0.0060823206106324,3.0888490676879883,2210,R*(1 - 1/n**2)  + NN(x),True,109678.80576863675,0.0011145083852928,,
quantum/hydrogen,nn,budget,4,11,23.10887813428493,0.001321576787274,0.0169554034982889,13003.655532780596,0.7436678319893639,1.3231851606618308,4.289721965789795,2209,,False,,,,
quantum/hydrogen,physics,budget,4,23,0.0033348084490398,1.907148157797288e-07,2.8746381123437164e-06,0.0195361536471124,1.1172557587006929e-06,1.0483117063114493e-05,0.0073611736297607,1,R*(1 - 1/n**2),True,109678.77733360228,0.0010885823632275,0.0004181734123221,
quantum/hydrogen,pinn,budget,4,23,0.2849958406425257,1.6298666048353354e-05,0.000246422096959,1.089532622800173,6.230942994736748e-05,0.0007302786108128,2.7175490856170654,2210,R*(1 - 1/n**2)  + NN(x),True,109678.77319353618,0.0010848076027241,,
quantum/hydrogen,nn,budget,4,23,0.2823486361646776,1.6147274709978455e-05,0.0002432586425259,18724.596054024223,1.0708434806866352,1.59736674431306,4.402000904083252,2209,,False,,,,
quantum/hydrogen,physics,budget,4,42,0.0066478056586247,3.801822656078128e-07,5.935410678978447e-06,0.0191300909319346,1.0940333826321517e-06,1.0888194863885053e-05,0.0025198459625244,1,R*(1 - 1/n**2),True,109678.77912969624,0.0010902199758579,0.0004486099933858,
quantum/hydrogen,pinn,budget,4,42,0.0328819654220145,1.8804912107441772e-06,2.371013118883982e-05,7.013326425612492,0.000401086082665,0.0026607203196245,2.7027132511138916,2210,R*(1 - 1/n**2)  + NN(x),True,109678.77703731366,0.0010883122181241,,
quantum/hydrogen,nn,budget,4,42,0.9477386376455792,5.42003543675639e-05,0.0007594370154958,18528.693757385023,1.0596399974925323,1.4971137683493123,4.364295959472656,2209,,False,,,,
quantum/hydrogen,physics,budget,6,11,0.0321768219945582,1.8401646669799228e-06,2.56759388381602e-05,0.0144375047059575,8.256684281546685e-07,1.003567878643019e-05,0.0039889812469482,1,R*(1 - 1/n**2),True,109678.78337851132,0.0010940938896947,0.0005261141284478,
quantum/hydrogen,pinn,budget,6,11,0.1208610258861045,6.911937713679996e-06,8.654837309059324e-05,2.6858155614847767,0.0001535994729095,0.0019047222132412,2.566102981567383,2210,R*(1 - 1/n**2)  + NN(x),True,109678.80412588632,0.0011130105856566,,
quantum/hydrogen,nn,budget,6,11,63.399425528159824,0.003625758404092,0.0422598930229983,12915.326430661233,0.7386163669064044,0.3566745227357866,4.391642093658447,2209,,False,,,,
quantum/hydrogen,physics,budget,6,23,0.0027634541116785,1.5803955455859864e-07,2.27149023542119e-06,0.0202526391422004,1.158230945519562e-06,1.0828106163574004e-05,0.0020418167114257,1,R*(1 - 1/n**2),True,109678.77671036332,0.0010880141167932,0.0003602083005965,
quantum/hydrogen,pinn,budget,6,23,0.2924127904374806,1.6722835003004877e-05,0.0002242436015103,1.7766787970024729,0.0001016067263376,0.0011446885274869,2.39860200881958,2210,R*(1 - 1/n**2)  + NN(x),True,109678.77235825612,0.0010840460249803,,
quantum/hydrogen,nn,budget,6,23,1.1779475770816137,6.736580484134762e-05,0.0008526429119304,19264.40244535664,1.101714542114263,1.6838361288641757,4.235406875610352,2209,,False,,,,
quantum/hydrogen,physics,budget,6,42,0.0134613215518199,7.698413564491768e-07,9.311442219088636e-06,0.0191187765160133,1.09338632095498e-06,1.0194173789504429e-05,0.0020442008972167,1,R*(1 - 1/n**2),True,109678.7783247674,0.0010894860712578,0.0004073958008195,
quantum/hydrogen,pinn,budget,6,42,1.6610633471559764,9.499477858841276e-05,0.0014014189004518,3.555385343458413,0.0002033294179156,0.0018710609339258,2.491273880004883,2210,R*(1 - 1/n**2)  + NN(x),True,109678.76850814,0.001080535630241,,
quantum/hydrogen,nn,budget,6,42,3.968118719566639,0.0002269332833231,0.0030851099677951,18203.351155513872,1.0410339350066888,1.1231247994105,4.225595712661743,2209,,False,,,,
quantum/hydrogen,physics,budget,8,11,0.0295805398874595,1.691685535019554e-06,2.1654183562992436e-05,0.0140015575777084,8.007369883060995e-07,7.753546851322653e-06,0.0019967555999755,1,R*(1 - 1/n**2),True,109678.77963565924,0.0010906812943657,0.0004222442116735,
quantum/hydrogen,pinn,budget,8,11,0.1754490508290327,1.0033779726455017e-05,0.0001324227403078,0.565666985764902,3.235000649404243e-05,0.0003974295693759,2.4665322303771973,2210,R*(1 - 1/n**2)  + NN(x),True,109678.79627653371,0.0011058538337016,,
quantum/hydrogen,nn,budget,8,11,60.25820275890949,0.003446114586189,0.0366107988326697,13262.487378958323,0.7584702017854237,0.3883945378351174,4.319500684738159,2209,,False,,,,
quantum/hydrogen,physics,budget,8,23,0.0026405084860551,1.510084003858753e-07,2.0405551864448247e-06,0.0210858092718551,1.205879225838636e-06,1.1193639709112952e-05,0.0020701885223388,1,R*(1 - 1/n**2),True,109678.77595228529,0.0010873229290157,0.0003210364504462,
quantum/hydrogen,pinn,budget,8,23,0.4619752000159787,2.6419962799127797e-05,0.0003735167250273,2.0799191975896236,0.000118948783016,0.0014623916700568,2.4707701206207275,2210,R*(1 - 1/n**2)  + NN(x),True,109678.7724478866,0.0010841277467838,,
quantum/hydrogen,nn,budget,8,23,1.166965555223646,6.673775249365302e-05,0.0007931182369563,19856.705282316092,1.1355878299395514,1.7920515799498462,4.353467226028442,2209,,False,,,,
quantum/hydrogen,physics,budget,8,42,0.0139171851205924,7.959118003345413e-07,1.0118185848329295e-05,0.0192076289201979,1.0984677132312055e-06,1.0434944137579671e-05,0.0020601749420166,1,R*(1 - 1/n**2),True,109678.77910662284,0.0010901989383773,0.0003679193486021,
quantum/hydrogen,pinn,budget,8,42,1.5615216632913087,8.930207563687748e-05,0.0011702987054941,4.176783529511228,0.0002388666436334,0.0020435790396196,2.481766939163208,2210,R*(1 - 1/n**2)  + NN(x),True,109678.766502902,0.0010787073277416,,
quantum/hydrogen,nn,budget,8,42,5.779958401218205,0.0003305508302943,0.004403284720785,18452.72362940797,1.0552953314694875,1.0299518736997058,4.370952844619751,2209,,False,,,,
quantum/hydrogen,physics,budget,12,11,0.0240789161312027,1.3770524227441046e-06,1.6936332603790065e-05,0.0149243482035624,8.535105874205206e-07,8.57781928593215e-06,0.0019068717956542,1,R*(1 - 1/n**2),True,109678.78037946465,0.0010913594688647,0.0002825549023226,
quantum/hydrogen,pinn,budget,12,11,0.8133226390011113,4.6513219465795106e-05,0.000617816414069,0.9431554860085054,5.393824788273514e-05,0.0007745535767633,2.4820728302001953,2210,R*(1 - 1/n**2)  + NN(x),True,109678.96469148148,0.001259408409328,,
quantum/hydrogen,nn,budget,12,11,170.354023086941,0.0097423994891567,0.1343992353013298,1170.1198128142396,0.0669181417617338,0.3665107015805919,4.2933759689331055,2209,,False,,,,
quantum/hydrogen,physics,budget,12,23,0.0044375219441964,2.537780484362103e-07,3.4755707997382645e-06,0.0220630120686865,1.2617646100293828e-06,1.2355426852910427e-05,0.0020051002502441,1,R*(1 - 1/n**2),True,109678.77707710624,0.0010883484995495,0.0002610847646049,
quantum/hydrogen,pinn,budget,12,23,0.1217515357906281,6.962865206214132e-06,0.0001040016752038,0.5444073474570511,3.1134186135726865e-05,0.0002874037954042,3.0878069400787354,2210,R*(1 - 1/n**2)  + NN(x),True,109678.77601554833,0.0010873806099364,,
quantum/hydrogen,nn,budget,12,23,1.464842331811003,8.377306814672245e-05,0.0009354887347682,20932.378274366587,1.197104639571362,1.7969680819473186,4.2946460247039795,2209,,False,,,,
quantum/hydrogen,physics,budget,12,42,0.012046426612489,6.889247365516057e-07,7.522603776577658e-06,0.0207704169679436,1.1878422123015756e-06,1.0618094275120992e-05,0.0026938915252685,1,R*(1 - 1/n**2),True,109678.7772168552,0.0010884759175229,0.0002965197703636,
quantum/hydrogen,pinn,budget,12,42,1.493425410753252,8.540770975153724e-05,0.0010496739501835,4.880231634172722,0.0002790962333508,0.0024655135276512,2.9902126789093018,2210,R*(1 - 1/n**2)  + NN(x),True,109678.7592666956,0.0010721096200015,,
quantum/hydrogen,nn,budget,12,42,5.9667441894208855,0.0003412329482425,0.0044311477884208,19744.307950123988,1.1291599235603045,1.184046977002256,4.267345905303955,2209,,False,,,,
quantum/hydrogen,physics,budget,20,11,0.0228559410770611,1.3071115353684055e-06,1.45416945970644e-05,0.0119660535663517,6.843282714406537e-07,6.636806958945904e-06,0.0020098686218261,1,R*(1 - 1/n**2),True,109678.77937213672,0.0010904410242012,0.0002178911358393,
quantum/hydrogen,pinn,budget,20,11,0.8212245317533521,4.696512188945264e-05,0.0005903117335841,0.952320195437308,5.4462369701753574e-05,0.0007944108658923,2.993860960006714,2210,R*(1 - 1/n**2)  + NN(x),True,109678.94526546243,0.0012416964773036,,
quantum/hydrogen,nn,budget,20,11,173.08956402789485,0.009898842713583,0.0994994930390011,103.5740896319261,0.0059233127556075,0.0415079131064312,4.476657152175903,2209,,False,,,,
quantum/hydrogen,physics,budget,20,23,0.0123957903672828,7.089045480321709e-07,6.674522678867646e-06,0.0228533667770455,1.3069643133732785e-06,1.3608286154541564e-05,0.0073668956756591,1,R*(1 - 1/n**2),True,109678.77831002545,0.0010894726300628,0.0002068206124441,
quantum/hydrogen,pinn,budget,20,23,0.3834302142825525,2.192804288424196e-05,0.0002856522030126,1.2880298569986386,7.366131537990116e-05,0.0004727726870399,2.8002829551696777,2210,R*(1 - 1/n**2)  + NN(x),True,109678.7803253383,0.0010913101184621,,
quantum/hydrogen,nn,budget,20,23,8.69906258488699,0.0004974918780749,0.0053866312712241,22876.74311253907,1.3083011858159923,1.456172359307643,4.436289072036743,2209,,False,,,,
quantum/hydrogen,physics,budget,20,42,0.0102548378907537,5.864653244923758e-07,6.636481720485759e-06,0.0241442436283012,1.3807884458965197e-06,1.2982517368727965e-05,0.0021009445190429,1,R*(1 - 1/n**2),True,109678.77740597673,0.0010886483515802,0.0002167971342434,
quantum/hydrogen,pinn,budget,20,42,1.0690188965922038,6.113626765799071e-05,0.0008102622826205,4.274027213108101,0.0002444279259338,0.0019014074330751,2.785040855407715,2210,R*(1 - 1/n**2)  + NN(x),True,109678.75787364625,0.0010708394886625,,
quantum/hydrogen,nn,budget,20,42,6.89021008513104,0.000394045165457,0.003428934399539,23443.462422183075,1.340711373804058,1.6993147962080055,4.464604377746582,2209,,False,,,,
quantum/hydrogen,physics,budget,30,11,0.0212004403701901,1.2124348793748591e-06,1.2276524727869903e-05,0.0036492914885133,2.086998292686736e-07,3.036499759853367e-06,0.0021278858184814,1,R*(1 - 1/n**2),True,109678.77791684208,0.0010891141398853,0.0001814964678564,
quantum/hydrogen,pinn,budget,30,11,0.967298800109808,5.53189831697852e-05,0.000705778995363,1.16129647086928,6.641354245436458e-05,0.0009864349165189,3.34070086479187,2210,R*(1 - 1/n**2)  + NN(x),True,109678.9390657771,0.0012360438314712,,
quantum/hydrogen,nn,budget,30,11,161.68723905989856,0.0092467535939341,0.0821274774639491,25.690973206749906,0.0014692445749733,0.0200723650162564,4.634980916976929,2209,,False,,,,
quantum/hydrogen,physics,budget,30,23,0.020030023287539,1.1454997370078351e-06,1.043220051028753e-05,0.0127136644682915,7.270834934023263e-07,8.205151746549224e-06,0.0018858909606933,1,R*(1 - 1/n**2),True,109678.77778530928,0.0010889942131157,0.0001791632708444,
quantum/hydrogen,pinn,budget,30,23,0.2266712129784049,1.2963130952301114e-05,0.0001580672717595,0.3227731456901597,1.8459117505434325e-05,0.0002762571653362,3.2861759662628174,2210,R*(1 - 1/n**2)  + NN(x),True,109678.74676110252,0.0010607074786826,,
quantum/hydrogen,nn,budget,30,23,169.77619429500285,0.0097093539594686,0.070439918042951,152.7504728706199,0.0087356676519678,0.0756621969832492,4.576390743255615,2209,,False,,,,
quantum/hydrogen,physics,budget,30,42,0.012557340471781,7.181434590189293e-07,7.102381119692858e-06,0.0300714271380156,1.7197589530251328e-06,1.729177190597157e-05,0.0018448829650878,1,R*(1 - 1/n**2),True,109678.77736863527,0.001088614305027,0.0001745380774798,
quantum/hydrogen,pinn,budget,30,42,1.4005998884694204,8.00990982817795e-05,0.0010830288340275,1.5039465416498516,8.600940414310479e-05,0.001260219071138,3.1181280612945557,2210,R*(1 - 1/n**2)  + NN(x),True,109678.91332402643,0.0012125734468521,,
quantum/hydrogen,nn,budget,30,42,169.76933731742864,0.0097089618148418,0.0951356143984896,11081.92736512897,0.6337658573863205,5.128911318551862,4.858633279800415,2209,,False,,,,
quantum/hydrogen,pinn_budget_w,budget,4,11,0.8039612169260565,4.597784782038789e-05,0.0006139072710627277,40.202486063734355,0.0022991454653833753,0.030209021439379917,3.972047805786133,2210,R*(1 - 1/n**2)  + NN(x),True,109678.79126808475,0.001101287313536212,,100.0
quantum/hydrogen,pinn_budget_w,budget,4,23,0.0029593448741246564,1.6924237812215607e-07,2.2527337199813182e-06,0.8979098214007823,5.135068739092409e-05,0.0005635587788065181,3.597904920578003,2210,R*(1 - 1/n**2)  + NN(x),True,109678.77584911781,0.0010872288647058377,,100.0
quantum/hydrogen,pinn_budget_w,budget,4,42,0.006206830370798099,3.5496326965454095e-07,4.873115058902053e-06,0.17563157378620847,1.0044218056777512e-05,0.00010997520882419051,4.294620037078857,2210,R*(1 - 1/n**2)  + NN(x),True,109678.77690636623,0.0010881928250560332,,100.0
quantum/hydrogen,pinn_budget_w,budget,6,11,0.06940902941029055,3.969442461153795e-06,6.184098940128161e-05,0.9922870112002885,5.6748037386124984e-05,0.0006946673388793185,5.156815052032471,2210,R*(1 - 1/n**2)  + NN(x),True,109678.79740114765,0.0011068792154597315,,100.0
quantum/hydrogen,pinn_budget_w,budget,6,23,0.0026102466690243655,1.49277753199275e-07,1.8912321311338187e-06,0.09781851189411046,5.59415623440187e-06,4.174657731482075e-05,4.360910177230835,2210,R*(1 - 1/n**2)  + NN(x),True,109678.77553683023,0.001086944132339369,,100.0
quantum/hydrogen,pinn_budget_w,budget,6,42,0.02202799414685659,1.2597619653159445e-06,1.8614008269396535e-05,0.06609362108501485,3.7798371217012163e-06,4.713501631768226e-05,4.443481922149658,2210,R*(1 - 1/n**2)  + NN(x),True,109678.78128987867,0.0010921895510067024,,100.0
quantum/hydrogen,pinn_budget_w,budget,8,11,0.36980620515071005,2.1148897565562932e-05,0.0002934371822389635,2.136299730697583,0.0001221731370230798,0.001652353419813407,6.247517824172974,2210,R*(1 - 1/n**2)  + NN(x),True,109678.79756070998,0.0011070246985453406,,1000.0
quantum/hydrogen,pinn_budget_w,budget,8,23,0.006111444689486057,3.495082449005143e-07,5.076921355931813e-06,0.3690235394584213,2.1104137590409057e-05,0.00017379782447956215,4.916143894195557,2210,R*(1 - 1/n**2)  + NN(x),True,109678.77490810976,0.0010863708880585502,,1000.0
quantum/hydrogen,pinn_budget_w,budget,8,42,0.015342867309695606,8.774453337323982e-07,1.15631350875153e-05,0.03268140104950535,1.8690211074565103e-06,2.1508409318313603e-05,6.189188003540039,2210,R*(1 - 1/n**2)  + NN(x),True,109678.78297132965,0.0010937226363784507,,1000.0
quantum/hydrogen,pinn_budget_w,budget,12,11,0.4312792265828562,2.466448658274635e-05,0.00033726444698759325,0.4455611261068698,2.5481256084902028e-05,0.00031173208111877994,6.039989948272705,2210,R*(1 - 1/n**2)  + NN(x),True,109678.84385021307,0.0011492297705919842,,1000000.0
quantum/hydrogen,pinn_budget_w,budget,12,23,0.022353002132470177,1.2783488913869402e-06,1.6954624058688878e-05,0.1634574734954652,9.347991772805637e-06,7.662562796810229e-05,5.368903160095215,2210,R*(1 - 1/n**2)  + NN(x),True,109678.77563689332,0.0010870353661942714,,1000000.0
quantum/hydrogen,pinn_budget_w,budget,12,42,0.015565645472125965,8.901858244852884e-07,1.1913696728471442e-05,0.04658213108506556,2.6639918556861048e-06,1.5804699253265055e-05,4.520852088928223,2210,R*(1 - 1/n**2)  + NN(x),True,109678.77986378722,0.0010908892931030096,,1000000.0
quantum/hydrogen,pinn_budget_w,budget,20,11,0.8212245317533521,4.696512188945264e-05,0.0005903117335841387,0.952320195437308,5.4462369701753574e-05,0.0007944108658923381,4.4039530754089355,2210,R*(1 - 1/n**2)  + NN(x),True,109678.94526546245,0.0012416964773036923,,1.0
quantum/hydrogen,pinn_budget_w,budget,20,23,0.38343021428255253,2.192804288424196e-05,0.00028565220301260955,1.2880298569986386,7.366131537990116e-05,0.00047277268703999233,4.323383092880249,2210,R*(1 - 1/n**2)  + NN(x),True,109678.7803253383,0.001091310118462194,,1.0
quantum/hydrogen,pinn_budget_w,budget,20,42,1.0690188965922038,6.113626765799071e-05,0.0008102622826205833,4.274027213108101,0.0002444279259338385,0.001901407433075186,4.342717885971069,2210,R*(1 - 1/n**2)  + NN(x),True,109678.75787364623,0.0010708394886625049,,1.0
quantum/hydrogen,pinn_budget_w,budget,30,11,0.6194960553930787,3.542844450768234e-05,0.00044591557382020144,0.6462979687230702,3.6961222789069156e-05,0.0005253145366031155,4.539208889007568,2210,R*(1 - 1/n**2)  + NN(x),True,109678.83608838942,0.0011421528243164586,,100.0
quantum/hydrogen,pinn_budget_w,budget,30,23,0.6208615505361179,3.550653599588395e-05,0.0005298008653964383,0.553605308190996,3.166020956817574e-05,0.00043067524322993597,3.6813340187072754,2210,R*(1 - 1/n**2)  + NN(x),True,109678.76874334,0.0010807500769801084,,100.0
quantum/hydrogen,pinn_budget_w,budget,30,42,0.2315629071649153,1.324288271912289e-05,0.0001670548583440829,0.20692137384355533,1.1833654705062222e-05,0.00017326196219670674,3.4362549781799316,2210,R*(1 - 1/n**2)  + NN(x),True,109678.79491172945,0.0011046094552028174,,100.0
