track,arm,sweep,n_train,seed,rmse_in,nrmse_in,mape_in,rmse_out,nrmse_out,mape_out,seconds,n_free,expression,interpretable,param_R,err_R_pct,sigma_R
quantum/hydrogen,oracle,budget,4,11,1.1359328876476291,6.496302102995605e-05,0.0011196359574733698,1.168614772862352,6.683206982640329e-05,0.0010908353373645133,0.0,0,R*(1 - 1/n**2),True,109677.58340277294,0.0,
quantum/hydrogen,physics,budget,4,11,0.03542688605740862,2.0260330244855164e-06,2.8517138897380907e-05,0.016071393330245605,9.191091078061187e-07,1.2889392474698513e-05,0.002493143081665039,1,R*(1 - 1/n**2),True,109678.78696568278,0.0010973645411380057,0.0006253909955239651
quantum/hydrogen,pinn,budget,4,11,0.08193128219253551,4.685579285504417e-06,5.8582055292286526e-05,12.62823926854425,0.0007221980999886663,0.006082320610632442,7.273475885391235,2210,R*(1 - 1/n**2)  + NN(x),True,109678.80576863675,0.001114508385292801,
quantum/hydrogen,sr,budget,4,11,0.008104084933190004,4.634656199043723e-07,6.830044070301996e-06,0.05077727832379762,2.9039087039938307e-06,6.793493089231536e-06,26.56081795692444,6,-1*(-1.0967878) - 1.0967848/n**2,True,,,
quantum/hydrogen,nn,budget,4,11,23.10887813428493,0.0013215767872740104,0.01695540349828893,13003.655532780595,0.7436678319893639,1.3231851606618308,4.459201097488403,2209,,False,,,
quantum/hydrogen,oracle,budget,4,23,1.1879777861109682,6.793942383521104e-05,0.0010872324514495646,1.1628507447511864,6.650243003564211e-05,0.0010945385951958056,0.0,0,R*(1 - 1/n**2),True,109677.58340277294,0.0,
quantum/hydrogen,physics,budget,4,23,0.0033348084490398815,1.9071481577972876e-07,2.8746381123437164e-06,0.019536153647112482,1.1172557587006927e-06,1.0483117063114491e-05,0.002237081527709961,1,R*(1 - 1/n**2),True,109678.77733360228,0.0010885823632275295,0.0004181734123221369
quantum/hydrogen,pinn,budget,4,23,0.2849958406425257,1.6298666048353354e-05,0.00024642209695903796,1.089532622800173,6.230942994736748e-05,0.0007302786108128296,6.146481990814209,2210,R*(1 - 1/n**2)  + NN(x),True,109678.77319353618,0.0010848076027241461,
quantum/hydrogen,sr,budget,4,23,0.001119688397643695,6.4034012672841e-08,9.700459370105143e-07,0.23991652567166183,1.3720618948640654e-05,1.4949086186217584e-05,5.7025721073150635,6,1.0967877 - 1.0967736/n**2,True,,,
quantum/hydrogen,nn,budget,4,23,0.2823486361646776,1.6147274709978455e-05,0.00024325864252596063,18724.596054024223,1.0708434806866352,1.5973667443130601,4.3160319328308105,2209,,False,,,
quantum/hydrogen,oracle,budget,4,42,1.1875940532919902,6.791747848662556e-05,0.0010882527873162706,1.1628942951864216,6.650492064742985e-05,0.0010944219853824678,0.0,0,R*(1 - 1/n**2),True,109677.58340277294,0.0,
quantum/hydrogen,physics,budget,4,42,0.006647805658624753,3.8018226560781276e-07,5.935410678978447e-06,0.019130090931934674,1.0940333826321517e-06,1.0888194863885053e-05,0.0023920536041259766,1,R*(1 - 1/n**2),True,109678.77912969624,0.0010902199758579523,0.00044860999338588564
quantum/hydrogen,pinn,budget,4,42,0.03288196542201456,1.8804912107441772e-06,2.371013118883982e-05,7.013326425612492,0.0004010860826650719,0.0026607203196245114,5.992177248001099,2210,R*(1 - 1/n**2)  + NN(x),True,109678.77703731366,0.0010883122181241842,
quantum/hydrogen,sr,budget,4,42,0.0016690629328996011,9.54522679898951e-08,1.517673010207759e-06,0.21230227887056147,1.2141384017445709e-05,1.2346063984493771e-05,7.610477685928345,6,1.0967877 - 1.0967752/(n**2),True,,,
quantum/hydrogen,nn,budget,4,42,0.9477386376455791,5.42003543675639e-05,0.0007594370154958629,18528.693757385026,1.0596399974925323,1.4971137683493123,4.313359975814819,2209,,False,,,
quantum/hydrogen,oracle,budget,6,11,1.1517122569362352,6.586542953496725e-05,0.0011134444044798826,1.1677845403227471,6.678458954432273e-05,0.0010902155821446108,0.0,0,R*(1 - 1/n**2),True,109677.58340277294,0.0,
quantum/hydrogen,physics,budget,6,11,0.03217682199455828,1.8401646669799228e-06,2.5675938838160202e-05,0.01443750470595758,8.256684281546685e-07,1.003567878643019e-05,0.0019791126251220703,1,R*(1 - 1/n**2),True,109678.78337851132,0.0010940938896947781,0.0005261141284478157
quantum/hydrogen,pinn,budget,6,11,0.12086102588610452,6.911937713679996e-06,8.654837309059324e-05,2.6858155614847767,0.00015359947290956747,0.0019047222132412913,6.0643322467803955,2210,R*(1 - 1/n**2)  + NN(x),True,109678.80412588631,0.001113010585656627,
quantum/hydrogen,sr,budget,6,11,0.0033117980424487996,1.8939887049498585e-07,2.768292417759154e-06,0.03051230334707382,1.7449722827491831e-06,3.223579162552797e-06,5.9995458126068115,13,-(-3.972888e-8 + (-1.5608658e-6 + 1.0967875/n)/n) - 3.972888e-8 + 1.0967877,True,,,
quantum/hydrogen,nn,budget,6,11,63.399425528159824,0.0036257584040920825,0.04225989302299832,12915.326430661231,0.7386163669064044,0.3566745227357866,4.589615821838379,2209,,False,,,
quantum/hydrogen,oracle,budget,6,23,1.188019633729915,6.794181706440553e-05,0.0010869445883581355,1.161348199100915,6.641650074726735e-05,0.001095033730530383,0.0,0,R*(1 - 1/n**2),True,109677.58340277294,0.0,
quantum/hydrogen,physics,budget,6,23,0.0027634541116785785,1.5803955455859864e-07,2.27149023542119e-06,0.020252639142200463,1.1582309455195619e-06,1.0828106163574004e-05,0.00174713134765625,1,R*(1 - 1/n**2),True,109678.77671036332,0.0010880141167932363,0.00036020830059654607
quantum/hydrogen,pinn,budget,6,23,0.2924127904374806,1.6722835003004877e-05,0.00022424360151034403,1.7766787970024729,0.00010160672633764953,0.001144688527486961,5.834534168243408,2210,R*(1 - 1/n**2)  + NN(x),True,109678.77235825612,0.0010840460249803988,
quantum/hydrogen,sr,budget,6,23,0.003283866410086646,1.87801484557599e-07,2.6850170568926704e-06,3.5667419080655005,0.00020397889003981445,0.00010544251753856818,5.591423988342285,8,1.0967877 - 1.0967463/(0.00011312784 - n)**2,True,,,
quantum/hydrogen,nn,budget,6,23,1.1779475770816137,6.736580484134762e-05,0.0008526429119304038,19264.402445356638,1.1017145421142627,1.6838361288641757,4.472496032714844,2209,,False,,,
quantum/hydrogen,oracle,budget,6,42,1.1859421787027968,6.782300920517105e-05,0.0010924974653990177,1.161722840013112,6.64379261375544e-05,0.0010940241165229498,0.0,0,R*(1 - 1/n**2),True,109677.58340277294,0.0,
quantum/hydrogen,physics,budget,6,42,0.013461321551819968,7.698413564491768e-07,9.311442219088636e-06,0.019118776516013396,1.09338632095498e-06,1.0194173789504429e-05,0.0024449825286865234,1,R*(1 - 1/n**2),True,109678.77832476741,0.0010894860712578323,0.00040739580081952876
quantum/hydrogen,pinn,budget,6,42,1.6610633471559764,9.499477858841276e-05,0.0014014189004518186,3.555385343458413,0.00020332941791569446,0.0018710609339258996,5.835041046142578,2210,R*(1 - 1/n**2)  + NN(x),True,109678.76850814,0.0010805356302410881,
quantum/hydrogen,sr,budget,6,42,0.003035408566489183,1.735923950117328e-07,2.628574301639531e-06,0.14587685896993638,8.342571607969491e-06,8.123505189211893e-06,5.790070056915283,6,1.0967877 - 1.0967793/n**2,True,,,
quantum/hydrogen,nn,budget,6,42,3.968118719566639,0.0002269332833231029,0.003085109967795159,18203.351155513872,1.0410339350066888,1.1231247994105,4.4797821044921875,2209,,False,,,
quantum/hydrogen,oracle,budget,8,11,1.160964273683902,6.639454438416654e-05,0.0011062065792650537,1.1664910962941293,6.671061859714275e-05,0.0010905847743074523,0.0,0,R*(1 - 1/n**2),True,109677.58340277294,0.0,
quantum/hydrogen,physics,budget,8,11,0.02958053988745952,1.691685535019554e-06,2.1654183562992436e-05,0.014001557577708434,8.007369883060995e-07,7.753546851322653e-06,0.001935720443725586,1,R*(1 - 1/n**2),True,109678.77963565923,0.0010906812943657623,0.0004222442116735013
quantum/hydrogen,pinn,budget,8,11,0.17544905082903278,1.0033779726455015e-05,0.00013242274030785846,0.565666985764902,3.235000649404243e-05,0.00039742956937592616,5.964679956436157,2210,R*(1 - 1/n**2)  + NN(x),True,109678.79627653371,0.0011058538337016506,
quantum/hydrogen,sr,budget,8,11,0.002938501688237846,1.6805037431821641e-07,2.5836188251041953e-06,0.02584525585675576,1.4780678665127681e-06,4.503422542949486e-06,5.555715084075928,9,-1*(-1.0967877) + (1.932713e-6 - 1.0967882/n)/n,True,,,
quantum/hydrogen,nn,budget,8,11,60.25820275890949,0.0034461145861890943,0.036610798832669794,13262.487378958325,0.7584702017854237,0.3883945378351174,4.631155967712402,2209,,False,,,
quantum/hydrogen,oracle,budget,8,23,1.1880886003507183,6.794576120590045e-05,0.0010863688641070766,1.159643203039299,6.63189934946724e-05,0.0010957041846708013,0.0,0,R*(1 - 1/n**2),True,109677.58340277294,0.0,
quantum/hydrogen,physics,budget,8,23,0.002640508486055128,1.510084003858753e-07,2.0405551864448247e-06,0.021085809271855164,1.205879225838636e-06,1.1193639709112952e-05,0.0030510425567626953,1,R*(1 - 1/n**2),True,109678.77595228527,0.0010873229290157258,0.0003210364504462438
quantum/hydrogen,pinn,budget,8,23,0.46197520001597875,2.6419962799127797e-05,0.00037351672502736725,2.0799191975896236,0.00011894878301607737,0.0014623916700568047,5.967186212539673,2210,R*(1 - 1/n**2)  + NN(x),True,109678.77244788661,0.0010841277467838449,
quantum/hydrogen,sr,budget,8,23,0.0020189364745329635,1.1546123373964272e-07,1.2421918576835477e-06,0.3461457546077381,1.9795776828488085e-05,2.6394048575014184e-05,6.123917102813721,11,1.0967877 + (-n + n - 1.0967686/n)/n,True,,,
quantum/hydrogen,nn,budget,8,23,1.166965555223646,6.673775249365302e-05,0.0007931182369563771,19856.705282316092,1.1355878299395514,1.7920515799498462,4.600569248199463,2209,,False,,,
quantum/hydrogen,oracle,budget,8,42,1.1859873143420891,6.782559047341007e-05,0.0010940618968361547,1.1601808098227564,6.63497387624249e-05,0.0010937188859020067,0.0,0,R*(1 - 1/n**2),True,109677.58340277294,0.0,
quantum/hydrogen,physics,budget,8,42,0.01391718512059245,7.959118003345413e-07,1.0118185848329297e-05,0.019207628920197947,1.0984677132312055e-06,1.0434944137579671e-05,0.001950979232788086,1,R*(1 - 1/n**2),True,109678.77910662284,0.0010901989383773159,0.00036791934860210164
quantum/hydrogen,pinn,budget,8,42,1.5615216632913087,8.930207563687748e-05,0.0011702987054941097,4.176783529511228,0.0002388666436334235,0.002043579039619613,5.86919093132019,2210,R*(1 - 1/n**2)  + NN(x),True,109678.766502902,0.0010787073277416523,
quantum/hydrogen,sr,budget,8,42,0.0018561764265237672,1.0615312712820885e-07,1.4875789969275273e-06,0.15117709294032125,8.645687412279762e-06,7.6217288305662745e-06,5.996706962585449,9,0.09678774 + (n**2 - 1.0967793)/(n**2),True,,,
quantum/hydrogen,nn,budget,8,42,5.779958401218205,0.00033055083029437377,0.004403284720785099,18452.72362940797,1.0552953314694875,1.0299518736997058,4.516333103179932,2209,,False,,,
quantum/hydrogen,oracle,budget,12,11,1.1184044164429368,6.396058289661569e-05,0.0011022064089888336,1.1849534406315247,6.776646412859511e-05,0.0010904825049562242,0.0,0,R*(1 - 1/n**2),True,109677.58340277294,0.0,
quantum/hydrogen,physics,budget,12,11,0.024078916131202787,1.3770524227441046e-06,1.6936332603790065e-05,0.01492434820356248,8.535105874205206e-07,8.57781928593215e-06,0.0019409656524658203,1,R*(1 - 1/n**2),True,109678.78037946463,0.0010913594688647338,0.00028255490232265926
quantum/hydrogen,pinn,budget,12,11,0.8133226390011113,4.6513219465795106e-05,0.0006178164140690235,0.9431554860085054,5.393824788273514e-05,0.000774553576763342,6.0966637134552,2210,R*(1 - 1/n**2)  + NN(x),True,109678.96469148147,0.0012594084093280734,
quantum/hydrogen,sr,budget,12,11,0.006363617303376854,3.639297789519595e-07,5.638498643550481e-06,0.008067945805467588,4.61398854394046e-07,6.784466371857369e-06,6.289339780807495,15,1.0967878 + (-1*1.0967822 - 5.592916e-6/n)/n**2,True,,,
quantum/hydrogen,nn,budget,12,11,170.354023086941,0.009742399489156707,0.13439923530132983,1170.1198128142396,0.0669181417617338,0.3665107015805919,4.635940790176392,2209,,False,,,
quantum/hydrogen,oracle,budget,12,23,1.1879153631853268,6.793585392199233e-05,0.0010870508667427498,1.15559874283751,6.608769430789763e-05,0.001096784082842165,0.0,0,R*(1 - 1/n**2),True,109677.58340277294,0.0,
quantum/hydrogen,physics,budget,12,23,0.004437521944196432,2.5377804843621027e-07,3.4755707997382645e-06,0.022063012068686598,1.2617646100293828e-06,1.2355426852910427e-05,0.0017647743225097656,1,R*(1 - 1/n**2),True,109678.77707710625,0.0010883484995495287,0.00026108476460493934
quantum/hydrogen,pinn,budget,12,23,0.12175153579062815,6.962865206214132e-06,0.00010400167520386806,0.5444073474570511,3.1134186135726865e-05,0.0002874037954042884,6.2405571937561035,2210,R*(1 - 1/n**2)  + NN(x),True,109678.77601554831,0.0010873806099364362,
quantum/hydrogen,sr,budget,12,23,0.0023639818670035165,1.3519408180760644e-07,2.1271689859994173e-06,0.17436054881765936,9.971529236285269e-06,1.0019788973290007e-05,5.987098932266235,6,1.0967877 - 1.0967786/n**2,True,,,
quantum/hydrogen,nn,budget,12,23,1.464842331811003,8.377306814672245e-05,0.0009354887347682249,20932.378274366587,1.197104639571362,1.7969680819473186,4.5642921924591064,2209,,False,,,
quantum/hydrogen,oracle,budget,12,42,1.1867347611757388,6.78683363124479e-05,0.0010911316524220285,1.1561184894328895,6.611741816691522e-05,0.001094970400318041,0.0,0,R*(1 - 1/n**2),True,109677.58340277294,0.0,
quantum/hydrogen,physics,budget,12,42,0.01204642661248904,6.889247365516057e-07,7.522603776577658e-06,0.020770416967943614,1.1878422123015756e-06,1.0618094275120993e-05,0.0020499229431152344,1,R*(1 - 1/n**2),True,109678.7772168552,0.001088475917522976,0.00029651977036362735
quantum/hydrogen,pinn,budget,12,42,1.493425410753252,8.540770975153724e-05,0.0010496739501835047,4.880231634172722,0.0002790962333508603,0.002465513527651218,6.215909957885742,2210,R*(1 - 1/n**2)  + NN(x),True,109678.75926669559,0.0010721096200015806,
quantum/hydrogen,sr,budget,12,42,0.0023138011893711844,1.3232429218202615e-07,1.903762600664378e-06,0.14799523348991758,8.46371961766912e-06,7.549768923587572e-06,5.786624908447266,8,-1*(-0.31386614) + 0.7829216 - 1.09678/n**2,True,,,
quantum/hydrogen,nn,budget,12,42,5.9667441894208855,0.00034123294824258804,0.004431147788420804,19744.307950123988,1.1291599235603045,1.1840469770022561,4.656520128250122,2209,,False,,,
quantum/hydrogen,oracle,budget,20,11,1.143164438007725,6.537658715101004e-05,0.0010992359259361089,1.1871952872026597,6.789467339828899e-05,0.001088614902243269,0.0,0,R*(1 - 1/n**2),True,109677.58340277294,0.0,
quantum/hydrogen,physics,budget,20,11,0.022855941077061143,1.3071115353684057e-06,1.45416945970644e-05,0.011966053566351796,6.843282714406537e-07,6.636806958945904e-06,0.0021097660064697266,1,R*(1 - 1/n**2),True,109678.77937213672,0.0010904410242012568,0.00021789113583933905
quantum/hydrogen,pinn,budget,20,11,0.8212245317533521,4.696512188945264e-05,0.0005903117335841387,0.952320195437308,5.4462369701753574e-05,0.0007944108658923381,6.357308864593506,2210,R*(1 - 1/n**2)  + NN(x),True,109678.94526546245,0.0012416964773036923,
quantum/hydrogen,sr,budget,20,11,0.006613714950941753,3.782326474708442e-07,5.822458211643475e-06,0.007898426448439296,4.517041887360958e-07,6.908555985573491e-06,6.195648908615112,13,-1*(-1.0967878) + (-1.0967813 - 6.5799736e-6/n)/n**2,True,,,
quantum/hydrogen,nn,budget,20,11,173.08956402789485,0.009898842713583024,0.09949949303900113,103.5740896319261,0.005923312755607592,0.04150791310643128,4.873936176300049,2209,,False,,,
quantum/hydrogen,oracle,budget,20,23,1.1868256058596505,6.78735316414815e-05,0.0010906126174974927,1.1435482340319525,6.539853611424917e-05,0.0010971330677737683,0.0,0,R*(1 - 1/n**2),True,109677.58340277294,0.0,
quantum/hydrogen,physics,budget,20,23,0.012395790367282835,7.089045480321709e-07,6.674522678867646e-06,0.022853366777045553,1.3069643133732785e-06,1.3608286154541564e-05,0.002298116683959961,1,R*(1 - 1/n**2),True,109678.77831002543,0.00108947263006289,0.00020682061244416778
quantum/hydrogen,pinn,budget,20,23,0.38343021428255253,2.192804288424196e-05,0.00028565220301260955,1.2880298569986386,7.366131537990116e-05,0.00047277268703999233,6.342263221740723,2210,R*(1 - 1/n**2)  + NN(x),True,109678.7803253383,0.001091310118462194,
quantum/hydrogen,sr,budget,20,23,0.0009089943419285492,5.1984601549042614e-08,7.424033984966115e-07,0.202475870473846,1.1579420205792442e-05,1.2085077334203213e-05,6.115955352783203,10,-(-1*0.09678773 + 1.0967788/(n**2)) + n/n,True,,,
quantum/hydrogen,nn,budget,20,23,8.69906258488699,0.0004974918780749475,0.005386631271224175,22876.74311253907,1.3083011858159923,1.456172359307643,4.974807024002075,2209,,False,,,
quantum/hydrogen,oracle,budget,20,42,1.1871643487521564,6.789290405501834e-05,0.0010898327758274953,1.143196567233121,6.537842459366865e-05,0.0010979539537421864,0.0,0,R*(1 - 1/n**2),True,109677.58340277294,0.0,
quantum/hydrogen,physics,budget,20,42,0.010254837890753786,5.864653244923758e-07,6.636481720485759e-06,0.024144243628301237,1.3807884458965195e-06,1.2982517368727963e-05,0.0022149085998535156,1,R*(1 - 1/n**2),True,109678.77740597671,0.0010886483515802593,0.00021679713424343111
quantum/hydrogen,pinn,budget,20,42,1.0690188965922038,6.113626765799071e-05,0.0008102622826205833,4.274027213108101,0.0002444279259338385,0.001901407433075186,6.354083061218262,2210,R*(1 - 1/n**2)  + NN(x),True,109678.75787364623,0.0010708394886625049,
quantum/hydrogen,sr,budget,20,42,0.002299361381816691,1.314984920559521e-07,1.943725023939133e-06,0.2258224344053212,1.2914590038579353e-05,1.5599272294914787e-05,5.8446409702301025,9,0.13965498 - 1*(-0.95713276) - 1.0967778/n**2,True,,,
quantum/hydrogen,nn,budget,20,42,6.89021008513104,0.00039404516545702215,0.0034289343995390735,23443.462422183075,1.340711373804058,1.6993147962080055,4.908128976821899,2209,,False,,,
quantum/hydrogen,oracle,budget,30,11,1.1577337670243855,6.620979449767088e-05,0.0010962772369453057,1.1880541816929167,6.794379283257937e-05,0.0010865740766237586,0.0,0,R*(1 - 1/n**2),True,109677.58340277294,0.0,
quantum/hydrogen,physics,budget,30,11,0.021200440370190102,1.2124348793748591e-06,1.2276524727869903e-05,0.0036492914885133385,2.086998292686736e-07,3.036499759853367e-06,0.002359151840209961,1,R*(1 - 1/n**2),True,109678.77791684207,0.001089114139885329,0.00018149646785641093
quantum/hydrogen,pinn,budget,30,11,0.967298800109808,5.53189831697852e-05,0.0007057789953630134,1.16129647086928,6.641354245436458e-05,0.0009864349165189014,6.399084091186523,2210,R*(1 - 1/n**2)  + NN(x),True,109678.9390657771,0.001236043831471211,
quantum/hydrogen,sr,budget,30,11,0.005528584692643535,3.1617498494814764e-07,3.9613143301812004e-06,0.0043672555921910414,2.4975957643609293e-07,3.400825774781259e-06,6.297159194946289,12,-1*(-1.0967876) + 3.5391786e-6/n - 1.0967911/n**2,True,,,
quantum/hydrogen,nn,budget,30,11,161.68723905989856,0.009246753593934157,0.08212747746394915,25.690973206749902,0.0014692445749733853,0.020072365016256498,4.911914110183716,2209,,False,,,
quantum/hydrogen,oracle,budget,30,23,1.1582140068440776,6.623725899829881e-05,0.001094718350799717,1.1866491088835016,6.786343793181082e-05,0.0010910948464459653,0.0,0,R*(1 - 1/n**2),True,109677.58340277294,0.0,
quantum/hydrogen,physics,budget,30,23,0.02003002328753907,1.1454997370078351e-06,1.043220051028753e-05,0.012713664468291573,7.270834934023263e-07,8.205151746549224e-06,0.0018627643585205078,1,R*(1 - 1/n**2),True,109678.77778530928,0.0010889942131157852,0.00017916327084444437
quantum/hydrogen,pinn,budget,30,23,0.22667121297840492,1.2963130952301114e-05,0.00015806727175959342,0.32277314569015975,1.8459117505434325e-05,0.0002762571653362287,6.568070888519287,2210,R*(1 - 1/n**2)  + NN(x),True,109678.74676110253,0.001060707478682614,
quantum/hydrogen,sr,budget,30,23,0.004063336535175972,2.3237870798253433e-07,3.195851271318323e-06,0.0038485460746771893,2.2009502700617654e-07,3.4199619521244896e-06,6.482953071594238,11,1.0967876 + (3.142916e-6 - 1.0967907/n)/n,True,,,
quantum/hydrogen,nn,budget,30,23,169.77619429500285,0.009709353959468658,0.07043991804295105,152.7504728706199,0.008735667651967838,0.07566219698324927,4.962479114532471,2209,,False,,,
quantum/hydrogen,oracle,budget,30,42,1.1668279530639847,6.672988314495378e-05,0.001090701486019925,1.1610567378078398,6.639983232757694e-05,0.001102743754307362,0.0,0,R*(1 - 1/n**2),True,109677.58340277294,0.0,
quantum/hydrogen,physics,budget,30,42,0.01255734047178103,7.181434590189293e-07,7.102381119692858e-06,0.030071427138015666,1.7197589530251328e-06,1.729177190597157e-05,0.0019271373748779297,1,R*(1 - 1/n**2),True,109678.77736863527,0.001088614305027009,0.0001745380774798025
quantum/hydrogen,pinn,budget,30,42,1.4005998884694204,8.00990982817795e-05,0.0010830288340275913,1.5039465416498516,8.600940414310479e-05,0.0012602190711380435,6.677265167236328,2210,R*(1 - 1/n**2)  + NN(x),True,109678.91332402643,0.0012125734468521935,
quantum/hydrogen,sr,budget,30,42,0.012431350324093178,7.109381912581176e-07,8.235204025867632e-06,0.02931420006197452,1.6764537903696323e-06,1.8108409527816423e-05,6.069059133529663,12,1.0967878 - 1.0967878/(n**2),True,,,
quantum/hydrogen,nn,budget,30,42,169.76933731742864,0.009708961814841805,0.09513561439848967,11081.92736512897,0.6337658573863205,5.128911318551862,5.049685955047607,2209,,False,,,
