track,arm,sweep,w_phys,seed,n_train,rmse_in,nrmse_in,mape_in,rmse_out,nrmse_out,mape_out,seconds,n_free,expression,interpretable,param_R,err_R_pct
quantum/hydrogen,pinn,w_phys,0.0,11,25,0.5313592892297999,3.0387978951979975e-05,0.00043580805738253567,0.4829910691103761,2.762184220660706e-05,0.00036402937821632087,6.263608932495117,2210,R*(1 - 1/n**2)  + NN(x),True,109684.02086685208,0.005869443763631396
quantum/hydrogen,pinn,w_phys,0.0,23,25,0.7183230489399098,4.1080274937035716e-05,0.0005402434360294843,0.8348061771864143,4.7741844464777107e-05,0.000562296053986659,6.373020887374878,2210,R*(1 - 1/n**2)  + NN(x),True,109687.87544211933,0.009383904191789692
quantum/hydrogen,pinn,w_phys,0.0,42,25,3.1563920402525385,0.00018051133541378586,0.0021794495699621608,659.916619880674,0.037740061689827784,0.05909768612232075,6.249740123748779,2210,R*(1 - 1/n**2)  + NN(x),True,106952.55869977662,-2.484577630589393
quantum/hydrogen,pinn,w_phys,0.001,11,25,0.028458855432058006,1.6275373695270277e-06,2.1257747566236402e-05,0.030541780250963987,1.7466580414310014e-06,2.4397668360155215e-05,6.148413181304932,2210,R*(1 - 1/n**2)  + NN(x),True,109678.785177959,0.001095734560125702
quantum/hydrogen,pinn,w_phys,0.001,23,25,0.2922234518544482,1.671200689292455e-05,0.00021643031786274482,0.32240102034370804,1.8437835978180208e-05,0.000270042904784099,6.147778034210205,2210,R*(1 - 1/n**2)  + NN(x),True,109678.8042991999,0.0011131686066318154
quantum/hydrogen,pinn,w_phys,0.001,42,25,0.011852439612783509,6.778307875353874e-07,8.210844252637314e-06,0.0795606002460194,4.55000203193463e-06,2.0798626741222075e-05,6.295558214187622,2210,R*(1 - 1/n**2)  + NN(x),True,109678.77802716442,0.001089214727757697
quantum/hydrogen,pinn,w_phys,0.01,11,25,0.028097599122680263,1.6068774331183633e-06,2.3418876626991228e-05,0.03438339975480848,1.966356943831963e-06,2.6591160819448792e-05,6.207396984100342,2210,R*(1 - 1/n**2)  + NN(x),True,109678.78608544625,0.0010965619737341719
quantum/hydrogen,pinn,w_phys,0.01,23,25,0.017316697857146686,9.903269984486771e-07,1.072022394711522e-05,0.015403353858090909,8.80904507208369e-07,1.1358696496496267e-05,6.378242015838623,2210,R*(1 - 1/n**2)  + NN(x),True,109678.78088327743,0.0010918188269072166
quantum/hydrogen,pinn,w_phys,0.01,42,25,0.011852056572009093,6.778088817642329e-07,8.210352784424516e-06,0.07956060693602762,4.550002414530424e-06,2.0798424609068144e-05,6.246553182601929,2210,R*(1 - 1/n**2)  + NN(x),True,109678.77802716599,0.0010892147291906304
quantum/hydrogen,pinn,w_phys,0.1,11,25,0.041075594321691354,2.3490777727757144e-06,3.217151309999018e-05,0.03793262274150848,2.169333941885495e-06,2.965887587139914e-05,6.086474895477295,2210,R*(1 - 1/n**2)  + NN(x),True,109678.78743074212,0.001097788565189552
quantum/hydrogen,pinn,w_phys,0.1,23,25,0.2196968190554392,1.2564271385846369e-05,0.0001657135296017018,0.23404074869242214,1.3384588336603224e-05,0.00017168075722369709,6.242624998092651,2210,R*(1 - 1/n**2)  + NN(x),True,109678.77611972658,0.001087475595861393
quantum/hydrogen,pinn,w_phys,0.1,42,25,0.011847846288528365,6.775680992873146e-07,8.20497545426028e-06,0.07956077751038364,4.550012169530563e-06,2.0796312579439124e-05,6.154234886169434,2210,R*(1 - 1/n**2)  + NN(x),True,109678.77802718282,0.001089214744541594
quantum/hydrogen,pinn,w_phys,1.0,11,25,0.02522556083175727,1.4426280431051512e-06,2.095103023142806e-05,0.02829523483653736,1.6181800489464486e-06,2.0987676615546984e-05,6.104125022888184,2210,R*(1 - 1/n**2)  + NN(x),True,109678.78651978273,0.0010969579858196553
quantum/hydrogen,pinn,w_phys,1.0,23,25,0.1774904628962751,1.0150526319935286e-05,0.00013612909419191436,0.1873681993409813,1.0715425538334242e-05,0.00014331861517361607,6.334939002990723,2210,R*(1 - 1/n**2)  + NN(x),True,109678.7865177884,0.001096956167453568
quantum/hydrogen,pinn,w_phys,1.0,42,25,0.01180012773324398,6.748391163129084e-07,8.161187720255537e-06,0.07957249772899076,4.5506824387129505e-06,2.07817877330435e-05,6.206233024597168,2210,R*(1 - 1/n**2)  + NN(x),True,109678.77802734915,0.0010892148961937236
quantum/hydrogen,pinn,w_phys,10.0,11,25,0.023729674329082604,1.357079585631644e-06,1.6976672082870464e-05,0.016269659100583294,9.304477560203107e-07,1.0679672290654313e-05,6.229079008102417,2210,R*(1 - 1/n**2)  + NN(x),True,109678.78598490226,0.0010964703014148835
quantum/hydrogen,pinn,w_phys,10.0,23,25,0.05720830394418774,3.271693506392461e-06,3.800321061902432e-05,0.06904003904816558,3.94834022094644e-06,4.666368499800131e-05,6.226755142211914,2210,R*(1 - 1/n**2)  + NN(x),True,109678.77993528811,0.0010909544849967985
quantum/hydrogen,pinn,w_phys,10.0,42,25,0.013561618520814512,7.755772535051431e-07,9.555106506395428e-06,0.06281949906458141,3.592592910374148e-06,2.394708384357454e-05,6.181786775588989,2210,R*(1 - 1/n**2)  + NN(x),True,109678.77803864634,0.0010892251965576288
quantum/hydrogen,pinn,w_phys,1000.0,11,25,0.7868985115961366,4.500204643526294e-05,0.0005132928629194261,0.6072998317739731,3.473095300966368e-05,0.0005182387968554126,6.038749933242798,2210,R*(1 - 1/n**2)  + NN(x),True,109678.88648474557,0.0011881023744305453
quantum/hydrogen,pinn,w_phys,1000.0,23,25,1.782919649308108,0.00010196363529238138,0.00147992905863987,1.7276486872613577,9.880273669631682e-05,0.0013878667230249665,6.114742040634155,2210,R*(1 - 1/n**2)  + NN(x),True,109678.8447690807,0.0011500675604036916
quantum/hydrogen,pinn,w_phys,1000.0,42,25,0.014893387547776112,8.517399742488954e-07,1.0894877016642102e-05,0.10466524473450578,5.985714973772629e-06,3.4436603312191695e-05,6.2046799659729,2210,R*(1 - 1/n**2)  + NN(x),True,109678.77802955288,0.0010892169054716654
