track,arm,sweep,n_train,seed,rmse_in,nrmse_in,mape_in,rmse_out,nrmse_out,mape_out,seconds,n_free,expression,interpretable,param_T,err_T_pct,sigma_T,w_phys
quantum/cmb,physics,budget,5,11,0.1938823816963784,0.0014207526937492,1.9226312618546375,0.0305436516204101,0.0002238211380371,0.1089494303323364,0.0022428035736083,1,2*h*nu**3/c**2 / (exp(h*nu/(k*T)) - 1),True,2.7250414999323302,-0.0160889115924489,2.591433370732623e-05,
quantum/cmb,pinn,budget,5,11,0.1920933683543759,0.001407642964528,1.9040845777807212,0.0345960014019487,0.0002535163935717,0.1318791553063246,3.410444974899292,2210,2*h*nu**3/c**2 / (exp(h*nu/(k*T)) - 1)  + NN(x),True,2.725028867339058,-0.0165524113529437,,
quantum/cmb,nn,budget,5,11,0.0936240701546229,0.0006860687841159,0.2280582129487956,5.492139188422677,0.0402459030992133,3.385144307506883,4.292225122451782,2209,,False,,,,
quantum/cmb,physics,budget,5,23,0.1938278277301476,0.0014203529271804,1.926565556196122,0.0303096200319021,0.0002221061755589,0.1083889401191832,0.0022850036621093,1,2*h*nu**3/c**2 / (exp(h*nu/(k*T)) - 1),True,2.7250382495654035,-0.0162081701056914,2.0502877324841466e-05,
quantum/cmb,pinn,budget,5,23,0.1919567908323261,0.0014066421367031,1.9094040174294455,0.0364473974615424,0.0002670832577491,0.1103523949291367,2.8379149436950684,2210,2*h*nu**3/c**2 / (exp(h*nu/(k*T)) - 1)  + NN(x),True,2.725024798299623,-0.0167017076029521,,
quantum/cmb,nn,budget,5,23,0.2247954714668074,0.0016472810413957,1.4679788559625315,40.152965096689535,0.2942373248358202,12.937050605386972,4.1582701206207275,2209,,False,,,,
quantum/cmb,physics,budget,5,42,0.0268901121020712,0.0001970483283213,0.1762636763670366,0.0758624565073158,0.0005559132732647,0.3386756896829458,0.0023159980773925,1,2*h*nu**3/c**2 / (exp(h*nu/(k*T)) - 1),True,2.725035744885599,-0.0163000687732453,4.092030281138479e-05,
quantum/cmb,pinn,budget,5,42,0.0265500237499588,0.0001945561913971,0.1733268924979518,0.1467168866694413,0.0010751281789004,0.3589776216165365,2.846086025238037,2210,2*h*nu**3/c**2 / (exp(h*nu/(k*T)) - 1)  + NN(x),True,2.725044613712291,-0.0159746645621812,,
quantum/cmb,nn,budget,5,42,0.2658959977985689,0.0019484620099264,0.7968928423533072,59.531244844731674,0.4362396197909732,11.769413814286557,4.058496952056885,2209,,False,,,,
quantum/cmb,physics,budget,8,11,0.153723168288804,0.0011264695818519,1.2127191730472986,0.0301630349415698,0.0002210320131717,0.1159978490095173,0.0024518966674804,1,2*h*nu**3/c**2 / (exp(h*nu/(k*T)) - 1),True,2.7250247270778987,-0.0167043207839153,2.302740559495509e-05,
quantum/cmb,pinn,budget,8,11,0.1528405421516449,0.0011200017767271,1.2108791590539878,0.0298971936886972,0.0002190839523277,0.1164794351445062,2.7367608547210693,2210,2*h*nu**3/c**2 / (exp(h*nu/(k*T)) - 1)  + NN(x),True,2.725008565791595,-0.0172972910608531,,
quantum/cmb,nn,budget,8,11,0.5160117577918548,0.0037812878533601,0.8905022466433101,2.311940658986856,0.0169416936717219,1.1632788972990695,4.14290714263916,2209,,False,,,,
quantum/cmb,physics,budget,8,23,0.1532639225461474,0.0011231042702632,1.2051660574905962,0.0309557851108558,0.0002268412152695,0.1175343587801208,0.0045952796936035,1,2*h*nu**3/c**2 / (exp(h*nu/(k*T)) - 1),True,2.725029989750959,-0.0165112291794843,1.5232905287557884e-05,
quantum/cmb,pinn,budget,8,23,0.1510304750928689,0.0011067377677588,1.187862075296583,0.0312535614374298,0.0002290232934677,0.1153129323078512,2.630422830581665,2210,2*h*nu**3/c**2 / (exp(h*nu/(k*T)) - 1)  + NN(x),True,2.725025421286238,-0.0166788497351732,,
quantum/cmb,nn,budget,8,23,0.2825997376562258,0.0020708655165824,0.5120911953606523,18.28388821204349,0.1339826919918401,3.3742531517654903,4.4279868602752686,2209,,False,,,,
quantum/cmb,physics,budget,8,42,0.1547510797126591,0.0011340020245195,1.310775149738928,0.0320052998051015,0.0002345319647638,0.094239289007479,0.0023920536041259,1,2*h*nu**3/c**2 / (exp(h*nu/(k*T)) - 1),True,2.725056657254448,-0.0155327775493491,3.37937080744457e-05,
quantum/cmb,pinn,budget,8,42,0.153687764122266,0.0011262101432967,1.3043573249855474,0.0295102199124942,0.0002162482432233,0.0925458261513182,2.601466178894043,2210,2*h*nu**3/c**2 / (exp(h*nu/(k*T)) - 1)  + NN(x),True,2.7250378595234293,-0.01622248105181,,
quantum/cmb,nn,budget,8,42,0.180510738661046,0.0013227664935794,0.61150689539315,42.156914170419626,0.3089220838104489,8.318906875409816,4.811543941497803,2209,,False,,,,
quantum/cmb,physics,budget,12,11,0.1260336048401388,0.0009235629458068,0.8269992745726413,0.031390021895775,0.0002300232634603,0.1252361624768324,0.006721019744873,1,2*h*nu**3/c**2 / (exp(h*nu/(k*T)) - 1),True,2.724997610216976,-0.017699259690915,1.5523206830442005e-05,
quantum/cmb,pinn,budget,12,11,0.1251045176932235,0.000916754678572,0.8224170098285981,0.031387137099483,0.000230002123932,0.1247418570891377,2.750221014022827,2210,2*h*nu**3/c**2 / (exp(h*nu/(k*T)) - 1)  + NN(x),True,2.724993765525271,-0.0178403244466645,,
quantum/cmb,nn,budget,12,11,0.4990176599437799,0.0036567566294075,0.8536382722738661,2.3084311922720477,0.016915976614581,0.9562690960854202,4.528876066207886,2209,,False,,,,
quantum/cmb,physics,budget,12,23,0.125625955515735,0.0009205757281407,0.8194391687937523,0.0320712097898295,0.000235014947217,0.1265721115488577,0.0024099349975585,1,2*h*nu**3/c**2 / (exp(h*nu/(k*T)) - 1),True,2.7250284265179077,-0.0165685854268774,1.362493636896767e-05,
quantum/cmb,pinn,budget,12,23,0.1239413047211799,0.0009082307583015,0.8064999452619628,0.033457186448085,0.0002451712597889,0.1264820332056043,2.697084903717041,2210,2*h*nu**3/c**2 / (exp(h*nu/(k*T)) - 1)  + NN(x),True,2.7250205171238804,-0.0168587873005761,,
quantum/cmb,nn,budget,12,23,0.3488662262317422,0.0025564603980008,0.6329032699099769,19.812245170870703,0.1451823546288743,3.920245810680904,4.48139214515686,2209,,False,,,,
quantum/cmb,physics,budget,12,42,0.1277400163617732,0.0009360673763012,0.8789430835122559,0.0290136883776868,0.0002126097046958,0.1033802580428948,0.0024590492248535,1,2*h*nu**3/c**2 / (exp(h*nu/(k*T)) - 1),True,2.725033216874628,-0.0163928234796173,1.8890978231679363e-05,
quantum/cmb,pinn,budget,12,42,0.1264843023151834,0.0009268656164576,0.8706214802027025,0.02877118265036,0.0002108326444888,0.1017555282872713,2.6368868350982666,2210,2*h*nu**3/c**2 / (exp(h*nu/(k*T)) - 1)  + NN(x),True,2.7250302539986375,-0.0165015337247972,,
quantum/cmb,nn,budget,12,42,0.5962941539872135,0.0043695900480062,1.3046479605839525,21.548294730163224,0.1579039700034448,3.816094822068101,4.58893609046936,2209,,False,,,,
quantum/cmb,physics,budget,20,11,0.0988611976635236,0.0007244459845128,0.5485878621135682,0.0329057336121778,0.0002411302628957,0.1222896510601104,0.0023870468139648,1,2*h*nu**3/c**2 / (exp(h*nu/(k*T)) - 1),True,2.725009845500024,-0.0172503375543351,1.2279840343198152e-05,
quantum/cmb,pinn,budget,20,11,0.0990117261781393,0.0007255490439592,0.55149495251453,0.0336007958664139,0.0002462236167187,0.1222846717947053,3.1049671173095703,2210,2*h*nu**3/c**2 / (exp(h*nu/(k*T)) - 1)  + NN(x),True,2.725005191989296,-0.0174210785147646,,
quantum/cmb,nn,budget,20,11,0.5852854108102359,0.0042889189659479,1.0091514712444083,0.5545560409106975,0.004063736901028,0.5304889919955919,4.708484888076782,2209,,False,,,,
quantum/cmb,physics,budget,20,23,0.0980998871765503,0.0007188671695855,0.5051191149078036,0.0348186921074506,0.000255148251077,0.1599958127518152,0.0025100708007812,1,2*h*nu**3/c**2 / (exp(h*nu/(k*T)) - 1),True,2.7250111409180824,-0.0172028076492118,9.86446419988188e-06,
quantum/cmb,pinn,budget,20,23,0.0965405059206947,0.000707440163684,0.4969572316576687,0.0349967119644473,0.0002564527646133,0.1601634624146085,3.393712043762207,2210,2*h*nu**3/c**2 / (exp(h*nu/(k*T)) - 1)  + NN(x),True,2.725012268914796,-0.017161420564595,,
quantum/cmb,nn,budget,20,23,0.5581979392214005,0.0040904244050189,0.8148856387145732,8.754647378323613,0.0641532703319896,2.855611582435169,4.730141878128052,2209,,False,,,,
quantum/cmb,physics,budget,20,42,0.0997638508083741,0.0007310605457527,0.5508268122662882,0.0305204603998036,0.0002236511948537,0.1197600340301838,0.0025320053100585,1,2*h*nu**3/c**2 / (exp(h*nu/(k*T)) - 1),True,2.7250185643547256,-0.0169304359332875,1.4728568816976926e-05,
quantum/cmb,pinn,budget,20,42,0.0990197093327171,0.0007256075437995,0.5480306136608005,0.0300121427505976,0.0002199262887376,0.1180188843368927,3.214142322540283,2210,2*h*nu**3/c**2 / (exp(h*nu/(k*T)) - 1)  + NN(x),True,2.725014626391693,-0.0170749228872551,,
quantum/cmb,nn,budget,20,42,0.5807387432851624,0.0042556013943495,1.963394102664502,23.77484194101092,0.1742199081505505,4.7388064503789415,4.782959938049316,2209,,False,,,,
quantum/cmb,physics,budget,30,11,0.0847387341051075,0.0006209578389297,0.441689610143654,0.0202424257430581,0.0001483346792567,0.0395087589735484,0.0024580955505371,1,2*h*nu**3/c**2 / (exp(h*nu/(k*T)) - 1),True,2.72502298773252,-0.0167681387308031,1.0735011201409029e-05,
quantum/cmb,pinn,budget,30,11,0.0853106277310726,0.0006251486240981,0.4459529481424225,0.020378636452641,0.0001493328191128,0.0389579471628848,3.160444974899292,2210,2*h*nu**3/c**2 / (exp(h*nu/(k*T)) - 1)  + NN(x),True,2.7250227249028645,-0.0167777821571124,,
quantum/cmb,nn,budget,30,11,0.5499362775210995,0.0040298836894941,0.846610441536964,0.2644558958460423,0.0019379090720554,0.6501845832062134,4.903374910354614,2209,,False,,,,
quantum/cmb,physics,budget,30,23,0.0836579227157277,0.0006130377500621,0.4141803808923869,0.0283881099638762,0.0002080255222198,0.1048436679754816,0.0020112991333007,1,2*h*nu**3/c**2 / (exp(h*nu/(k*T)) - 1),True,2.7250076324711845,-0.0173315353191229,8.95637016291764e-06,
quantum/cmb,pinn,budget,30,23,0.081919106081319,0.0006002958578094,0.4021103085517692,0.0290087085765053,0.0002125732131597,0.1105900788293632,3.2252697944641113,2210,2*h*nu**3/c**2 / (exp(h*nu/(k*T)) - 1)  + NN(x),True,2.7250030579526383,-0.0174993779944016,,
quantum/cmb,nn,budget,30,23,0.5097682667045933,0.0037355361109737,0.6632103590087194,0.5002884157105345,0.0036660686136266,1.2439830963898475,4.988206148147583,2209,,False,,,,
quantum/cmb,physics,budget,30,42,0.0819429084776106,0.0006004702796333,0.374113025494768,0.0381389480910383,0.0002794787889595,0.1966497477724865,0.0028667449951171,1,2*h*nu**3/c**2 / (exp(h*nu/(k*T)) - 1),True,2.7250127538795166,-0.0171436268284318,9.948387436054993e-06,
quantum/cmb,pinn,budget,30,42,0.0810660451381237,0.0005940447037727,0.3707814308634813,0.037479917731128,0.0002746494736246,0.1931877722894937,3.592740774154663,2210,2*h*nu**3/c**2 / (exp(h*nu/(k*T)) - 1)  + NN(x),True,2.7250100926884784,-0.0172412680159731,,
quantum/cmb,nn,budget,30,42,0.6599519411379637,0.004836068599493,1.0963601324817325,24.51358743067384,0.1796333688025726,5.747905504863293,4.886584043502808,2209,,False,,,,
quantum/cmb,pinn_budget_w,budget,5,11,0.19209336835437596,0.0014076429645280006,1.9040845777807212,0.03459600140194872,0.00025351639357176477,0.13187915530632463,5.466881036758423,2210,2*h*nu**3/c**2 / (exp(h*nu/(k*T)) - 1)  + NN(x),True,2.725028867339058,-0.016552411352943726,,100.0
quantum/cmb,pinn_budget_w,budget,5,23,0.1919567908323261,0.0014066421367031094,1.9094040174294458,0.03644739746154247,0.00026708325774915914,0.1103523949291367,5.785227060317993,2210,2*h*nu**3/c**2 / (exp(h*nu/(k*T)) - 1)  + NN(x),True,2.725024798299623,-0.01670170760295211,,100.0
quantum/cmb,pinn_budget_w,budget,5,42,0.02655002374995882,0.000194556191397169,0.17332689249795183,0.1467168866694413,0.0010751281789004368,0.3589776216165365,7.407011985778809,2210,2*h*nu**3/c**2 / (exp(h*nu/(k*T)) - 1)  + NN(x),True,2.725044613712291,-0.01597466456218128,,100.0
quantum/cmb,pinn_budget_w,budget,8,11,0.14202315492446088,0.0010407329338963794,1.1323352458611915,0.03480118136892438,0.0002550199339565768,0.12077305421890697,5.579246997833252,2210,2*h*nu**3/c**2 / (exp(h*nu/(k*T)) - 1)  + NN(x),True,2.725008201631417,-0.017310652383540133,,10.0
quantum/cmb,pinn_budget_w,budget,8,23,0.13850091026617742,0.0010149222411324711,1.0917814797722314,0.03115190036407401,0.00022827833024547566,0.11421384576584678,4.817968845367432,2210,2*h*nu**3/c**2 / (exp(h*nu/(k*T)) - 1)  + NN(x),True,2.7250255681261915,-0.016673462062046663,,10.0
quantum/cmb,pinn_budget_w,budget,8,42,0.1449159128925331,0.0010619308046855842,1.2424557043966897,0.03154798175066011,0.00023118077910138756,0.08880344349454102,4.5767600536346436,2210,2*h*nu**3/c**2 / (exp(h*nu/(k*T)) - 1)  + NN(x),True,2.7250376805660013,-0.016229047140278452,,10.0
quantum/cmb,pinn_budget_w,budget,12,11,0.1260444259945428,0.0009236422422551923,0.8277796137332991,0.03147659851347227,0.00023065768914532346,0.12488221151266317,4.477342128753662,2210,2*h*nu**3/c**2 / (exp(h*nu/(k*T)) - 1)  + NN(x),True,2.7249937885473003,-0.017839479750347855,,1000000.0
quantum/cmb,pinn_budget_w,budget,12,23,0.12520987233754358,0.0009175267079509112,0.8147181218040306,0.03386714056786384,0.0002481753667887534,0.12652100345685005,4.6225669384002686,2210,2*h*nu**3/c**2 / (exp(h*nu/(k*T)) - 1)  + NN(x),True,2.725020481704219,-0.016860086875749202,,1000000.0
quantum/cmb,pinn_budget_w,budget,12,42,0.12721022738359955,0.0009321851302132779,0.8740964782327372,0.02896502985191471,0.00021225313938570667,0.1025114977529127,4.4701619148254395,2210,2*h*nu**3/c**2 / (exp(h*nu/(k*T)) - 1)  + NN(x),True,2.725030265828189,-0.016501099689267388,,1000000.0
quantum/cmb,pinn_budget_w,budget,20,11,0.099346430942936,0.0007280017304387334,0.5522208661282341,0.03368519310927988,0.00024684207214051247,0.12302043786955986,3.7438559532165527,2210,2*h*nu**3/c**2 / (exp(h*nu/(k*T)) - 1)  + NN(x),True,2.725005215487064,-0.017420216363210624,,1000000.0
quantum/cmb,pinn_budget_w,budget,20,23,0.09751724786684073,0.0007145976410109863,0.5020207111395172,0.03533815624642645,0.00025895483766990874,0.16016535853193792,3.5817878246307373,2210,2*h*nu**3/c**2 / (exp(h*nu/(k*T)) - 1)  + NN(x),True,2.7250122451435943,-0.017162292748646918,,1000000.0
quantum/cmb,pinn_budget_w,budget,20,42,0.09963137886680327,0.0007300898032531403,0.5504106058156296,0.03033991304594774,0.00022232816004731553,0.11947693574349454,3.0832669734954834,2210,2*h*nu**3/c**2 / (exp(h*nu/(k*T)) - 1)  + NN(x),True,2.7250146355987734,-0.017074585072232657,,1000000.0
quantum/cmb,pinn_budget_w,budget,30,11,0.08553347586269662,0.0006267816352079063,0.44666358472201534,0.020267222125073148,0.0001485163849188943,0.03846846067777776,3.2775490283966064,2210,2*h*nu**3/c**2 / (exp(h*nu/(k*T)) - 1)  + NN(x),True,2.72502273321915,-0.016777477026073555,,1000000.0
quantum/cmb,pinn_budget_w,budget,30,23,0.08260049516209458,0.0006052890158443769,0.4059297846312722,0.028687535077763344,0.00021021968258356008,0.10813895934678386,3.0209248065948486,2210,2*h*nu**3/c**2 / (exp(h*nu/(k*T)) - 1)  + NN(x),True,2.72500304819701,-0.01749973593605978,,1000000.0
quantum/cmb,pinn_budget_w,budget,30,42,0.08141257996280582,0.0005965840798694405,0.3716230142513655,0.03786800778594505,0.0002774933627184886,0.19524447557150956,2.9800782203674316,2210,2*h*nu**3/c**2 / (exp(h*nu/(k*T)) - 1)  + NN(x),True,2.7250101095198858,-0.017240650458428073,,1000000.0
