track,arm,sweep,w_phys,seed,n_train,rmse_in,nrmse_in,mape_in,rmse_out,nrmse_out,mape_out,seconds,n_free,expression,interpretable,param_T,err_T_pct
quantum/cmb,pinn,w_phys,0.0,11,30,0.06613387736823471,0.0004846231183921684,0.33004253487147184,0.041432807342975206,0.00030361589396146646,0.14552866286605476,3.146991014480591,2210,2*h*nu**3/c**2 / (exp(h*nu/(k*T)) - 1)  + NN(x),True,2.7600373060288383,1.2679346767849413
quantum/cmb,pinn,w_phys,0.0,23,30,0.05464540459547153,0.00040043662090768513,0.23563795672945548,0.09306307237851333,0.0006819578427575122,0.46268683819437756,3.164371967315674,2210,2*h*nu**3/c**2 / (exp(h*nu/(k*T)) - 1)  + NN(x),True,2.76167456250604,1.3280069017582234
quantum/cmb,pinn,w_phys,0.0,42,30,0.06579708303074365,0.00048215511971150824,0.34527769985778095,0.1368105446766549,0.0010025353937886212,0.12153794494828322,3.129232883453369,2210,2*h*nu**3/c**2 / (exp(h*nu/(k*T)) - 1)  + NN(x),True,2.8102876836890003,3.111660466743478
quantum/cmb,pinn,w_phys,0.001,11,30,0.07471249356749969,0.0005474864480413421,0.3448075104187235,0.054914723610513846,0.00040241016648078664,0.16218027601605695,3.152883291244507,2210,2*h*nu**3/c**2 / (exp(h*nu/(k*T)) - 1)  + NN(x),True,2.731607006827468,0.22480468862247
quantum/cmb,pinn,w_phys,0.001,23,30,0.055233183969966335,0.00040474381541570127,0.2424991826141217,0.09178578374015364,0.0006725979862415826,0.4746196262105831,3.1531739234924316,2210,2*h*nu**3/c**2 / (exp(h*nu/(k*T)) - 1)  + NN(x),True,2.7326143675898873,0.2617655455144477
quantum/cmb,pinn,w_phys,0.001,42,30,0.06018670074389513,0.0004410427417983593,0.31657283642542317,0.2274794115994015,0.0016669487138261858,0.17407761892652454,3.126923084259033,2210,2*h*nu**3/c**2 / (exp(h*nu/(k*T)) - 1)  + NN(x),True,2.728230377448031,0.10091350690633798
quantum/cmb,pinn,w_phys,0.01,11,30,0.06459630177433762,0.0004733559024246375,0.3376682449019606,0.04582296995871544,0.0003357866116292417,0.1562180832078023,3.163792133331299,2210,2*h*nu**3/c**2 / (exp(h*nu/(k*T)) - 1)  + NN(x),True,2.7250285197694826,-0.016565163953415677
quantum/cmb,pinn,w_phys,0.01,23,30,0.04754305513191733,0.0003483912414152101,0.23966583637774494,0.08777659288456484,0.0006432189954431685,0.4676251199153316,3.1452231407165527,2210,2*h*nu**3/c**2 / (exp(h*nu/(k*T)) - 1)  + NN(x),True,2.7250776695148957,-0.01476182122431305
quantum/cmb,pinn,w_phys,0.01,42,30,0.06004672531887407,0.00044001701444542837,0.33000590496927373,0.0447619658959279,0.00032801166907337354,0.12110133481995548,3.1195340156555176,2210,2*h*nu**3/c**2 / (exp(h*nu/(k*T)) - 1)  + NN(x),True,2.725038278360249,-0.016207113600209152
quantum/cmb,pinn,w_phys,0.1,11,30,0.06240236067226543,0.0004572788989165132,0.33228411140922287,0.03957487052604069,0.0002900010997012572,0.1436880631031645,3.1440279483795166,2210,2*h*nu**3/c**2 / (exp(h*nu/(k*T)) - 1)  + NN(x),True,2.7250148881023843,-0.017065320516598086
quantum/cmb,pinn,w_phys,0.1,23,30,0.04416001646431774,0.00032360063765846016,0.23607443013820406,0.07794667788220297,0.0005711862604585008,0.41722259758168245,3.1364662647247314,2210,2*h*nu**3/c**2 / (exp(h*nu/(k*T)) - 1)  + NN(x),True,2.725009479928566,-0.01726375065802474
quantum/cmb,pinn,w_phys,0.1,42,30,0.0615503078513332,0.0004510351323093347,0.33619890089019683,0.04362059929482582,0.00031964783704860187,0.08367354568455353,3.1187191009521484,2210,2*h*nu**3/c**2 / (exp(h*nu/(k*T)) - 1)  + NN(x),True,2.7250024747530777,-0.017520776043943125
quantum/cmb,pinn,w_phys,1.0,11,30,0.07152278730780745,0.0005241125668197709,0.37859667019698645,0.03025773327933526,0.0002217259540925259,0.10544951719111102,3.1772408485412598,2210,2*h*nu**3/c**2 / (exp(h*nu/(k*T)) - 1)  + NN(x),True,2.725020681926218,-0.016852740573483894
quantum/cmb,pinn,w_phys,1.0,23,30,0.05497009901837577,0.00040281595250011914,0.24994438950062037,0.053144528840456194,0.0003894383380659763,0.2596764784161936,3.2529847621917725,2210,2*h*nu**3/c**2 / (exp(h*nu/(k*T)) - 1)  + NN(x),True,2.7250038862542807,-0.017468986957138957
quantum/cmb,pinn,w_phys,1.0,42,30,0.06967104721457748,0.0005105431815947644,0.3569803034728429,0.02637787410370705,0.00019329469423842667,0.10300100458264351,3.3801848888397217,2210,2*h*nu**3/c**2 / (exp(h*nu/(k*T)) - 1)  + NN(x),True,2.7250093817575176,-0.017267352630821443
quantum/cmb,pinn,w_phys,10.0,11,30,0.08311176834891895,0.0006090355798749343,0.4373572323761175,0.021751421369559452,0.0001593924637880237,0.04957457507934226,3.315095901489258,2210,2*h*nu**3/c**2 / (exp(h*nu/(k*T)) - 1)  + NN(x),True,2.725022581627014,-0.016783039060494394
quantum/cmb,pinn,w_phys,10.0,23,30,0.0764868036389008,0.0005604884330150834,0.37259733323395056,0.032087559911359476,0.00023513475944036638,0.13062977843026208,3.3207650184631348,2210,2*h*nu**3/c**2 / (exp(h*nu/(k*T)) - 1)  + NN(x),True,2.725003147655406,-0.0174960867294545
quantum/cmb,pinn,w_phys,10.0,42,30,0.07843753634242152,0.0005747832272045418,0.3647687311611617,0.035707016319078924,0.0002616578111802002,0.17737977403538877,3.334811210632324,2210,2*h*nu**3/c**2 / (exp(h*nu/(k*T)) - 1)  + NN(x),True,2.725010090960823,-0.017241331405003762
quantum/cmb,pinn,w_phys,1000.0,11,30,0.0855102451860664,0.0006266114028943189,0.4465883857217603,0.020277049537979156,0.00014858839931874144,0.038519036785681554,3.3172199726104736,2210,2*h*nu**3/c**2 / (exp(h*nu/(k*T)) - 1)  + NN(x),True,2.725022732669103,-0.0167774972077177
quantum/cmb,pinn,w_phys,1000.0,23,30,0.08253166712904034,0.0006047846501948956,0.4055445161282429,0.0287193148032474,0.00021045256155994272,0.10838602554516939,3.359405994415283,2210,2*h*nu**3/c**2 / (exp(h*nu/(k*T)) - 1)  + NN(x),True,2.725003049163613,-0.017499700470644593
quantum/cmb,pinn,w_phys,1000.0,42,30,0.0813664153170686,0.0005962457894883689,0.3714792632862557,0.03782419635958573,0.0002771723165178365,0.1950135764175978,3.3988442420959473,2210,2*h*nu**3/c**2 / (exp(h*nu/(k*T)) - 1)  + NN(x),True,2.7250101086254244,-0.017240683276918536
