rule,size,fitness
(-2.631),1,-2.1530203093327676
((1.79) * (-1.245)),3,-2.084734698829024
(-2.463),1,-2.073519857606843
(((-2.631) - tau) * (0.7285)),5,-2.0538143869235284
(-1.695),1,-2.042597286065539
((4.077) * (-0.5091)),3,-2.0308842020427558
(-2.162),1,-2.008691458386482
(-2.181),1,-1.9885759114768593
((0.5979) * (-2.631)),3,-1.9833743861465727
(-2.303),1,-1.977438527115659
(-2.534),1,-1.975244853811044
(-3.362),1,-1.971242457681677
((1.458) * (-2.463)),3,-1.9661053953611047
(-((1.0) - (-2.392))),4,-1.9626742285751935
(-2.011),1,-1.9590070855189268
((-0.1042) - (3.372)),3,-1.9439302156428384
(-1.953),1,-1.9436731294175515
(-1.581),1,-1.9352235689532875
((1.487) * (-2.303)),3,-1.9315602998765617
(((-1.695) - tau) * (0.7285)),5,-1.9225935989114094
(-(gamma - (-5.456))),4,-1.9211691548746108
(-2.673),1,-1.919440204312444
(-1.54),1,-1.9126843364450348
(-2.392),1,-1.9122409959423632
(-3.285),1,-1.9099234190197587
(-3.939),1,-1.8983052973590369
((3.191) * (-0.5091)),3,-1.8837715597845177
(-2.71),1,-1.8551842272865724
((1.124) * ((-3.931) * tau)),5,-1.854362277896831
((-3.931) * tau),3,-1.8462245137826934
(-3.988),1,-1.842225523118566
(((3.919) + rho) * (-exp((0.1083)))),7,-1.83670077493527
(-4.41),1,-1.8214213082794508
((1.859) * (-2.303)),3,-1.8195914925685297
(-4.597),1,-1.8183107722719896
((1.79) * (-2.71)),3,-1.812320306965012
(-4.938),1,-1.8055435619346
(-(gamma - (-2.303))),4,-1.7914169877563266
((0.5686) * ((0.6402) * ((11.18) * (-(1.075))))),8,-1.7603717715673366
(-(gamma - (-4.41))),4,-1.754274676197807
(-(gamma - (-2.392))),4,-1.7109218328745435
((2.431) * (-(gamma - (-2.303)))),6,-1.6890546170968983
((rho + rho) * (tau)**2),6,-1.6495812431060939
((rho + rho) * ((-(-tau)))**2),8,-1.6495812431060939
(-(gamma - (-10.22))),4,-1.6408486107720872
((2.431) * (-2.303)),3,-1.6339888540911758
(-5.456),1,-1.6326658840680988
(((-4.094) + rho) - (tau)**2),6,-1.6273509928045273
(-0.9344),1,-1.6257601169582172
((2.431) * (-(gamma - ((1.859) * (-2.303))))),8,-1.6249178029765183
(-1.003),1,-1.6203951986787948
(-(rho / rho)),4,-1.6197914983847255
(rho / (-rho)),4,-1.6197914983847255
((2.826) / (-2.534)),3,-1.6181406037020085
((1.789) * ((1.333) / (-4.938))),5,-1.6170481314127911
(-0.5376),1,-1.6159352445241202
((0.4042) * (-2.303)),3,-1.6115755022092138
(exp((-(0.7936))) * (-1.306)),5,-1.6088329248982658
(-0.9327),1,-1.6055208280445237
((0.5686) * ((1.075) * (-1.695))),5,-1.6009615044723653
(-0.5091),1,-1.599953903341727
((1.789) * (-3.362)),3,-1.5939495507131884
(-0.8132),1,-1.5938266396273695
(-6.076),1,-1.5919086701320324
(-1.105),1,-1.5859144569185935
(((-3.328) + rho) - (tau)**2),6,-1.5853788078843685
(-5.963),1,-1.5850437244455093
(((2.461))**2 / (-11.22)),4,-1.5797326218304608
(-1.13),1,-1.5749465340255506
((0.5686) * ((1.075) * ((11.18) / (-(1.075))))),8,-1.5748657178233427
((0.575) * (-0.9344)),3,-1.5706122293705131
((0.3921) * (-1.695)),3,-1.5701262891831174
(((-4.094) + rho) * (tau)**2),6,-1.5669600463150377
((0.3329) * (-(gamma - (-2.303)))),6,-1.5632370069938297
((2.85) * (-2.303)),3,-1.5613105226249442
((1.79) * (-0.5091)),3,-1.5565199237438072
(((3.919) + rho) * (-4.597)),5,-1.551159962131817
((1.333) * (-4.938)),3,-1.5386583465669288
((-9.017) - gamma),3,-1.538302074145949
(-((gamma - (-5.456)) - (-4.41))),6,-1.5322376195272813
((0.5686) * ((1.075) * ((11.18) * (-(1.075))))),8,-1.5306986307376231
((2.431) * (-(gamma - ((1.859) * ((1.487) * (-2.303)))))),10,-1.5226031929988846
(-6.887),1,-1.5224778846843023
(-(gamma - (-9.521))),4,-1.513929766581381
(((1.149))**2 - (rho + (12.25))),6,-1.5121172054985843
((2.826) * (-2.534)),3,-1.5071036040362855
((6.051) * (-(gamma - (-3.913)))),6,-1.4849537569863192
((3.349) * (-(gamma - (-2.303)))),6,-1.4834450372066577
((3.541) * (-(gamma - (-5.456)))),6,-1.4497928649607925
((6.051) * (-(gamma - (-2.303)))),6,-1.449611792047304
((4.077) * ((4.077) * (-0.5091))),5,-1.4426617048588595
(-((-2.303) - (-2.392))),4,-1.3895078455065821
((4.077) * (-2.162)),3,-1.3858121721282661
(((1.454) + rho) * ((-(-tau)))**2),8,-1.3846542541351343
((0.5686) * ((1.361) * ((11.18) * (-(1.075))))),8,-1.3644971920455358
((0.4124) * tau),3,-1.3637423186674598
((0.557) * ((((1.983) * gamma))**2 / (-11.36))),8,-1.3581902569447994
((((1.983) * gamma))**2 / (-11.36)),6,-1.351660002702233
(-((gamma)**2)**2),4,-1.348467738482918
(tau / (-2.534)),3,-1.3459771338406394
((((2.303) * gamma))**2 / (-11.36)),6,-1.3324524689083228
((1.79) * tau),3,-1.332435081221415
(((-(gamma - (-0.1022))))**2 / (4.463)),7,-1.3305766434850055
(((0.3119) * (rho / rho)) * gamma),7,-1.3292203146418904
((9.814) * (-(rho / rho))),6,-1.3230931514862616
((1.333) / (-4.938)),3,-1.3226682549997881
(tau * (-0.4883)),3,-1.307658200104481
((-6.15) * ((gamma / gamma) + tau)),7,-1.3066119286713482
((0.3208) * ((((1.983) * gamma))**2 / (-11.36))),8,-1.3047606721356344
((1.789) * tau),3,-1.3042651481510636
((0.4975) * tau),3,-1.3040351894522537
((tau)**2 / (-11.22)),4,-1.2993864369366876
(((gamma - (-1.069)))**2 / (-11.36)),6,-1.299343842543063
(-0.1136),1,-1.297327564844486
((1.146) * (exp((-29.92)) + gamma)),6,-1.2946144467440541
((0.5686) * ((1.075) * gamma)),5,-1.2901834008829132
(-tau),2,-1.2882942943820084
((-(-0.2619)) - (gamma * (0.2176))),6,-1.2881388336874233
exp((-29.92)),2,-1.286664769253976
((0.557) * ((-(gamma - (-2.303))) / (-11.36))),8,-1.2866341733076865
(-0.392),1,-1.2864301203696284
gamma,1,-1.2861574506056985
(-(-gamma)),3,-1.2861574506056985
(tau * gamma),3,-1.2861076319176152
((0.1428) * (-(gamma - (-0.3875)))),6,-1.2807216795571765
(0.0),1,-1.2800401135083392
((gamma - gamma) * (tau + (3.564))),7,-1.2800401135083392
((-(gamma - gamma)) / (((-0.2068))**2 / ((0.1521) + (0.1494)))),11,-1.2800401135083392
(((gamma - gamma))**2 / (-11.36)),6,-1.2800401135083392
((2.115) * (0.0)),3,-1.2800401135083392
((-(gamma - gamma)) / (((-0.2068))**2 / ((0.2087) + (0.1494)))),11,-1.2800401135083392
((0.4975) * (0.0)),3,-1.2800401135083392
((1.878) * (0.0)),3,-1.2800401135083392
(gamma - gamma),3,-1.2800401135083392
(-((gamma - gamma) / rho)),6,-1.2800401135083392
((2.85) * (0.0)),3,-1.2800401135083392
(((gamma - gamma))**2 / (-11.22)),6,-1.2800401135083392
(gamma * (0.0)),3,-1.2800401135083392
((0.0) * (0.0)),3,-1.2800401135083392
(-((-5.456) - (-5.456))),4,-1.2800401135083392
((-(gamma - (-2.303))) * (0.0)),6,-1.2800401135083392
((-2.303) * (0.0)),3,-1.2800401135083392
((-2.303) * (-0.0)),3,-1.2800401135083392
(-((((-2.303) * (-0.0)))**2)**2),6,-1.2800401135083392
((4.368) * (-((((-2.303) * (-0.0)))**2)**2)),8,-1.2800401135083392
((tau - tau) * (0.7285)),5,-1.2800401135083392
((0.557) * ((((1.983) * gamma))**2 / (-5.837))),8,-1.2793601468489235
(((-0.392))**2 / (-11.22)),4,-1.27915016217845
(0.2123),1,-1.2787286982709711
(((gamma - (-1.069)))**2 / (-9.553)),6,-1.2755829282695277
(rho * tau),3,-1.274897146690947
(tau)**2,2,-1.2734190179561802
(-10.61),1,-1.2731223479907248
(-((-(0.3043)) + (tau / (2.698)))),7,-1.2726167079863557
((-0.195) * (0.4099)),3,-1.2700907223871145
((0.3276) * tau),3,-1.26976991727225
((0.1428) * (-(gamma - (-2.303)))),6,-1.2692005273188625
((0.575) * (0.4042)),3,-1.2689896963691254
(tau - (tau - gamma)),5,-1.267120889714917
((-2.303) + ((2.303) * gamma)),5,-1.2667770383481904
((rho * tau) / exp((3.659))),6,-1.2655331632233418
(-(gamma - (0.1697))),4,-1.2609353998646213
((0.1561) * rho),3,-1.2599844208339601
((rho + (0.1952)) / (-8.593)),5,-1.2585836032809004
((tau - ((-0.5745) * rho)) * (-0.3742)),7,-1.2578921686759612
(0.2395),1,-1.2564665301883666
((17.27) * (exp((-16.43)) / (14.52))),6,-1.2531722849470455
(((tau + gamma))**2 * tau),6,-1.2517454284527754
tau,1,-1.2514503931440182
(tau - (gamma - gamma)),5,-1.2514503931440182
((0.5686) * ((1.075) * ((11.18) * (-(gamma - (-2.303)))))),10,-1.2489390298342269
((rho * tau) / exp(tau)),6,-1.2482137862722864
(tau - (0.4975)),3,-1.240811065471346
((0.2685) * ((gamma)**2)**2),5,-1.2398830575798352
((1.118) * (((-(tau - (-0.1022))))**2 / (4.463))),9,-1.238814759130493
((7.094) * (-(gamma - (-2.303)))),6,-1.2380483989060247
((rho * tau) / exp((1.0))),6,-1.2376621103334704
((1.075) * ((6.051) * (-(gamma - (-2.303))))),8,-1.2356692812712262
(((-(-0.3969)))**2 / ((-tau) - ((-15.85) + gamma))),10,-1.2322254734505889
(tau / (-3.118)),3,-1.2303899676193935
((2.942) * ((rho + rho) * (tau)**2)),8,-1.229243403065597
(((gamma - (-5.456)) - (-4.41)) * ((-3.931) * tau)),9,-1.2283705191746395
((gamma * (rho / rho)) * gamma),7,-1.2230482276672412
((1.983) * gamma),3,-1.202998241852986
(exp((-29.92)) + gamma),4,-1.2028989483143937
((1.118) * (((-(gamma - (-0.1022))))**2 / (4.463))),9,-1.2000451001133783
(gamma - (tau)**2),4,-1.1969543403071705
((0.4124) - tau),3,-1.1948902290980783
(gamma * (-(gamma - (-0.8691)))),6,-1.1947862120633583
((2.431) * (-(gamma - (-1.695)))),6,-1.1893430143079042
(-(rho)**2),3,-1.188106374183693
((-gamma) + (-0.3139)),4,-1.185563911357263
((rho + rho) * ((-(-(-0.4081))))**2),8,-1.1730970486116177
(((1.223) * (0.4247)) / exp(rho)),6,-1.171270501217532
(-11.36),1,-1.1665495632801413
((gamma * rho) * gamma),5,-1.1658962011642713
((2.411) * (-(gamma - (-9.521)))),6,-1.1462408055130087
(rho * (-1.581)),3,-1.121453022215383
(exp(exp((0.7936))) * (-1.306)),5,-1.1186459068820607
((-(1.201)) - ((15.97) + gamma)),6,-1.1169896699329842
((gamma * (rho / exp(rho))) * gamma),8,-1.1025563487177548
(-(gamma - ((0.6564) - (gamma / gamma)))),8,-1.0940289887372963
((gamma * rho) * (0.5686)),5,-1.0736829126258112
((gamma - tau) - (rho)**2),6,-1.063959542090444
(tau - gamma),3,-1.0634592531070504
(-(gamma - tau)),4,-1.0634592531070504
((-rho) + (-rho)),5,-1.0633211234474034
((6.894) * (-2.303)),3,-1.0566347997663916
(-19.87),1,-1.052005986226091
((7.489) * (-2.181)),3,-1.0501698925850318
(-20.74),1,-1.0500699165609044
(tau - rho),3,-1.046729640585367
(-(21.77)),2,-1.0234889404888297
(-(-(gamma - (0.1672)))),5,-1.0175479057337895
(-(gamma - (0.1672))),4,-1.012412824345179
(rho * ((-4.073) * ((-0.6884) * (-(0.2516))))),8,-0.9964384443146863
((tau + tau) + (-22.94)),5,-0.9318429699007152
((0.4975) * (((1.983) * gamma))**2),6,-0.9025039066479087
((9.814) * (-(rho * rho))),6,-0.8982271905798934
(gamma * (-2.162)),3,-0.8595141363380195
(-(((-0.3415) * rho) - (0.2174))),6,-0.8516396620077202
((1.878) * (0.4099)),3,-0.8001972425678473
((0.402) * (-((-rho) - (0.1418)))),7,-0.7689766638174954
((0.466) + gamma),3,-0.7632469800137787
((2.85) * tau),3,-0.7532204944562952
((0.3123) * (2.461)),3,-0.7358080598935075
((6.051) * ((-9.017) - gamma)),5,-0.7278948271194956
(-(-(((6.051) * ((-9.017) - gamma)) - (0.1672)))),9,-0.7272161908204726
((13.96) * (-(gamma - (-2.303)))),6,-0.7220715382215395
((gamma * rho) * (-2.303)),5,-0.6923614094146545
(0.6402),1,-0.6903225542907975
((((gamma * rho))**2 * (rho / rho)) * gamma),10,-0.6669486577301295
((-2.181) * gamma),3,-0.6565604382944145
((14.38) * ((-3.931) * tau)),5,-0.6145976778758322
(1.075),1,-0.5122383086553712
((4.077) * (-(-tau))),5,-0.507926500350998
((gamma * (((1.789) * (-3.362)) / exp(rho))) * gamma),10,-0.5002515943820429
((7.489) * (-3.362)),3,-0.5000527489843211
((10.79) * (-2.534)),3,-0.4889470108847053
((17.74) * (-1.581)),3,-0.48835904592478796
((7.489) * (-4.094)),3,-0.4878162626267895
((19.48) * (-1.581)),3,-0.4877933809620362
((16.37) * (-2.303)),3,-0.4877289061742794
((18.47) * (-2.181)),3,-0.48771222346356
(((-6.7) / exp(gamma)) * (-(gamma - (13.53)))),9,-0.4876874641846023
((7.96) * ((9.814) * (-(rho / rho)))),8,-0.4876874641846023
((gamma / gamma) * ((5.475) * (-17.62))),7,-0.4876874641846023
((22.52) * (-10.02)),3,-0.4876874641846023
((0.9849) * ((16.37) * (-2.303))),5,-0.4876846036566635
((1.075) * ((11.18) * (-(gamma - (-2.303))))),8,-0.47855025744028357
((7.239) * (-((-(0.3043)) + (tau / (2.698))))),9,-0.4390589209847758
(((-4.094) + rho) * (2.826)),5,-0.42831832190987823
(-(((-gamma))**2 - (0.9912))),6,-0.40178551063066964
((rho + rho) * (-2.162)),5,-0.3991606796135306
(-(gamma - rho)),4,-0.39030808585518767
((2.411) * gamma),3,-0.38676532081669945
exp((-gamma)),3,-0.3555691581944389
((2.604) * ((1.075) * ((6.051) * (-(gamma - (-2.303)))))),10,-0.33413501066514145
exp((-(-0.1083))),3,-0.30967014336898313
(0.8977),1,-0.305130092563264
(((-6.083) * ((1.025) / rho)) * gamma),7,-0.26716464490662345
(exp(gamma) / ((-1.158))**2),5,-0.2655062603283774
((-2.181) / (-2.534)),3,-0.2606550481242307
(gamma * rho),3,-0.24723873602765237
exp(((gamma - gamma) / ((-1.233) - (-23.15)))),8,-0.24239814408852067
(-(-(rho / rho))),5,-0.24239814408852067
(gamma / gamma),3,-0.24239814408852067
exp(((0.1112))**2),3,-0.2208158688375336
(1.388),1,-0.21714266598811935
((2.747) * ((1.075) * ((11.18) * (-(gamma - (-2.303)))))),10,-0.18248536400075588
((0.11) * (tau / rho)),5,-0.17615948399910533
(-(-1.54)),2,-0.17234075876403646
((2.807) * (-(gamma - (0.1697)))),6,-0.1715832872971421
((-3.939) / (-2.534)),3,-0.1618914065176555
((1.333) * (1.174)),3,-0.15282584674010036
((-0.1001) * ((((1.568) * gamma))**2 / rho)),8,-0.07368805378733657
(((-(-0.3969)))**2 / ((-tau) - rho)),8,-0.0685361560968205
(-((-20.72) + rho)),4,-0.06656724176366213
((4.759) * ((((7.795) / rho))**2 - rho)),8,-0.06567453811485859
((2.431) * (-(gamma - ((-3.214) * (-2.303))))),8,-0.0655711423734358
((6.652) * exp(((9.348) - rho))),6,-0.06519059784494291
((1.333) * (6.153)),3,-0.06518877796708185
(9.814),1,-0.06518865802387934
(12.1),1,-0.06518765798655338
(12.25),1,-0.06518763944715117
(12.87),1,-0.065187586024411
((0.5686) * ((-2.162) * ((11.18) * (-(1.075))))),8,-0.06518753238407947
((7.489) * (2.156)),3,-0.06518752522951687
((-1.695) * ((1.075) * ((11.18) / (-(1.075))))),8,-0.0651875229724994
(19.52),1,-0.06518752290861446
((-3.931) * (-5.456)),3,-0.06518752283815556
((22.42) + (1.379)),3,-0.06518752282727863
((4.949) + exp((10.98))),4,-0.0651875228261347
((-(gamma - (21.77))) / (((-0.2068))**2 / ((0.1521) + (0.1494)))),11,-0.0651875228261347
((-3.931) * (-9.017)),3,-0.0651875228261347
exp(((8.362) - tau)),4,-0.0651875228261347
exp((gamma - (-5.456))),4,-0.0651875228261347
(exp((14.93)) - (tau - tau)),6,-0.0651875228261347
exp((8.908)),2,-0.0651875228261347
exp((5.629)),2,-0.0651875228261347
((3.541) * (-(-2.181))),4,-0.0651841214311084
((4.368) * (-(-1.695))),4,-0.06517550102246891
(-((-9.45) - (-2.392))),4,-0.0651547026142788
((((-16.87) / (-2.893)) - ((-5.349))**2) * (-0.3023)),8,-0.06513677558790042
(6.12),1,-0.06488876464231227
((0.8196) * ((2.668))**2),4,-0.0646286658476809
((-2.303) * (-2.303)),3,-0.06340627754554091
((3.952) * ((((-17.86) * gamma))**2 / (0.5415))),8,-0.06272812758914662
(5.14),1,-0.06263341601600411
((((7.795) / rho))**2 - rho),6,-0.06121909597966297
(-(-4.938)),2,-0.06111775044156862
(((-2.885) / rho))**2,4,-0.060209606804181366
((-2.534) * ((1.075) * (-1.695))),5,-0.05393553732960491
((4.595) + gamma),3,-0.05161036817222775
((-rho) - (tau * (-10.03))),6,-0.04614801218618492
((-3.931) * gamma),3,-0.042949483537482604
(1.859),1,-0.041596049372265194
(1.971),1,-0.04045087466144414
((gamma + gamma) * (-3.818)),5,-0.03989385977322175
(4.368),1,-0.039667731984311415
(-(gamma - (gamma - (-2.303)))),6,-0.038165456154643444
((3.919) + rho),3,-0.03747388753892222
rho,1,-0.034154239214331104
(-(gamma - (2.543))),4,-0.03297347634347435
(-(gamma - (2.664))),4,-0.03193128702208994
((0.4245) * ((0.8196) * ((2.668))**2)),6,-0.031119009777829734
((-1.695) * (-2.303)),3,-0.03047979825223655
((tau - (-2.252)) - (gamma + (-0.1344))),7,-0.029812405892385582
(tau + (3.564)),3,-0.029007076469249788
(2.589),1,-0.02868436481279674
(2.826),1,-0.02773986277610947
((4.33) - rho),3,-0.026470394082840996
((4.04) * ((0.3123) * (2.461))),5,-0.02545287342728154
exp(((-4.626) - (-5.807))),4,-0.024217059060668178
(gamma / (0.1176)),3,-0.022217315923333036
((1.146) * ((-(-29.92)) + gamma)),6,-0.020866129045410912
exp((gamma - tau)),4,-0.014397980570628341
exp((tau + gamma)),4,-0.011587362260060763
((-2.303) * (-(gamma - (-5.456)))),6,-0.00848521826831175
(gamma / (((-0.7634) + (-2.035)) / ((-0.364) - (8.435)))),9,-0.006143080146374328
((((12.99) / rho) / (-gamma)) * tau),8,-0.003879057511059916
((-2.303) * (-(gamma - (-3.913)))),6,-0.0016906862365484165
((19.33) * ((1.79) * tau)),5,-0.0008786753857958183
(((6.115))**2 * tau),4,-0.00047147204514069366
((29.59) * (rho * tau)),5,0.0001513240571203949
(rho * (1.586)),3,0.005671434894750241
((exp(gamma) + (tau - gamma)) + (-(-(0.3917)))),10,0.027698942597739817
(gamma / rho),3,0.053333874091580975
((4.437) * (gamma / rho)),5,0.05694919297437163
(-(((1.149))**2 / rho)),5,0.08277827831518159
((((2.303) * gamma))**2 / rho),6,0.11916955537682317
(((gamma * rho) - (-5.289)) - gamma),7,0.11961937383882582
(rho)**2,2,0.12778798805778094
((-7.308) * (-(rho - tau))),6,0.13934635272567195
(((-0.2161) / (-6.127)) + ((-2.002) / rho)),7,0.14066904751029297
(((3.919) / rho) * (-exp((0.1083)))),7,0.14769494452282536
(rho + ((-6.925) / rho)),5,0.17453913942414348
(rho * (-(-10.88))),4,0.19333375752218107
(((-1.202) * rho))**2,4,0.20457829571912536
exp((tau + rho)),4,0.21187402001962444
(((-(-0.1175)) - ((0.2032) + tau)) * (-(tau / tau))),11,1.0
(gamma / (tau / gamma)),5,1.0
(((-9.691) - (gamma - (19.4))) * ((-0.4563) * ((-2.163) / tau))),11,1.0
((gamma - rho) / (tau / (-10.29))),7,1.0
((0.4975) / tau),3,1.0
((-3.701) * (-(gamma / (tau / gamma)))),8,1.0
((0.2596) / tau),3,1.0
