generation,complexity,loss,expression
0,1,0.005922163940434709,(1.046855)
0,6,0.0029351001894741676,(((0.9790276))**3 - (x0 * (-0.01203753)))
0,7,0.0022523284809467677,((log((1.07733)) * sqrt(x0)) + (0.8325087))
1,1,0.005922163940434709,(1.046855)
1,6,0.0029351001894741676,(((0.9790276))**3 - (x0 * (-0.01203753)))
1,7,0.0008750573605226491,((log((0.5926263)) / sqrt(x0)) + (1.249824))
1,13,0.0008506952363840901,((log(((x0 + (-151.6086)) / ((31.83102) * (-3.732874)))) * sqrt(x0)) + (0.5518365))
2,1,0.005922163940434709,(1.046855)
2,5,0.0029351001894741655,((0.9383931) - (x0 * (-0.01203753)))
2,7,0.0008750573605226491,((log((0.5926263)) / sqrt(x0)) + (1.249824))
2,8,0.0003061587237662399,((log((0.5087929)) / sqrt(exp(x0))) + (1.097196))
3,1,0.005922163940434709,(1.046855)
3,5,0.002935100189474165,((x0 * (0.01203753)) + (0.9383931))
3,6,0.0008750573605226484,(((-0.5231913) / sqrt(x0)) + (1.249824))
3,7,0.0006145678749368068,((log(x0) / sqrt(x0)) + (0.3602491))
3,8,0.0003061587237662398,((log((0.5087929)) / sqrt(exp(x0))) - (-1.097196))
3,12,0.00013685954033140774,((log(((x0 / (11.0398)) - (-0.315329))) / sqrt(exp(x0))) + (1.08631))
4,1,0.005922163940434709,(1.046855)
4,5,0.00041167193204058345,(((-0.5820345) / x0) + (1.146282))
4,6,0.0001374111462378377,(((-2.138078) / (x0)**3) + (1.084717))
4,7,6.869583310472826e-05,((log((0.3376653)) / (x0)**2) + (1.098008))
4,12,6.161376248288976e-05,((log((0.8986417)) / sqrt((((0.9436571) * sqrt(x0)) + (-1.237093)))) - (-1.164949))
4,13,5.553276742768793e-05,log(((log((0.8705549)) / ((log((1.843676)) * sqrt(x0)) + (-0.6905555))) + (3.07057)))
5,1,0.005922163940434709,(1.046855)
5,5,0.00041167193204058345,(((-0.5820345) / x0) + (1.146282))
5,6,6.869583310472841e-05,(((-1.0857) / (x0)**2) + (1.098008))
5,8,6.0667565591250165e-05,((log((0.8698536)) / (log(x0))**2) + (1.110759))
5,13,5.553276742768793e-05,log(((log((0.8705549)) / ((log((1.843676)) * sqrt(x0)) + (-0.6905555))) + (3.07057)))
6,1,0.005922163940434709,(1.046855)
6,4,0.0036886228316065257,exp((x0 / (155.8405)))
6,5,0.00041167193204058345,(((-0.5820345) / x0) + (1.146282))
6,6,6.869583310472841e-05,(((-1.0857) / (x0)**2) + (1.098008))
6,8,6.0667565591250165e-05,((log((0.8698536)) / (log(x0))**2) + (1.110759))
6,9,5.4861140809107344e-05,(((-0.1307961) / (((-1.062899) / x0) + (0.8258686))) + (1.26708))
7,1,0.005922163940434709,(1.046855)
7,4,0.0036886228316065257,exp((x0 / (155.8405)))
7,5,0.00041167193204058345,(((-0.5820345) / x0) + (1.146282))
7,6,6.869583310472841e-05,(((-1.0857) / (x0)**2) + (1.098008))
7,8,6.0667565591250165e-05,((log((0.8698536)) / (log(x0))**2) + (1.110759))
7,9,5.4861140809107344e-05,(((-0.1307961) / (((-1.062899) / x0) + (0.8258686))) + (1.26708))
8,1,0.005922163940434709,(1.046855)
8,4,0.0036886228316065257,exp((x0 / (155.8405)))
8,5,0.00041167193204058345,(((-0.5820345) / x0) + (1.146282))
8,6,6.869583310472841e-05,(((-1.0857) / (x0)**2) + (1.098008))
8,8,6.0667565591250165e-05,((log((0.8698536)) / (log(x0))**2) + (1.110759))
8,9,5.4861140809107344e-05,(((-0.1307961) / (((-1.062899) / x0) + (0.8258686))) + (1.26708))
9,1,0.005922163940434709,(1.046855)
9,4,0.0036886228316065257,exp((x0 / (155.8405)))
9,5,0.00041167193204058345,(((-0.5820345) / x0) + (1.146282))
9,6,6.869583310472841e-05,(((-1.0857) / (x0)**2) + (1.098008))
9,8,5.4861140809106225e-05,(((-0.2038284) / (x0 + ((-1.087745))**3)) - (-1.108706))
10,1,0.005922163940434709,(1.046855)
10,4,0.0036886228316065257,exp((x0 / (155.8405)))
10,5,0.00041167193204058345,(((-0.5820345) / x0) + (1.146282))
10,6,6.869583310472841e-05,(((-1.0857) / (x0)**2) + (1.098008))
10,8,5.4861140809106225e-05,(((-0.2038284) / (x0 + ((-1.087745))**3)) - (-1.108706))
11,1,0.005922163940434709,(1.046855)
11,4,0.0036886228316065257,exp((x0 / (155.8405)))
11,5,0.00041167193204058345,(((-0.5820345) / x0) + (1.146282))
11,6,6.869583310472841e-05,(((-1.0857) / (x0)**2) + (1.098008))
11,8,5.4861140809106225e-05,(((-0.2038284) / (x0 + ((-1.087745))**3)) - (-1.108706))
12,1,0.005922163940434709,(1.046855)
12,4,0.0036886228316065257,exp((x0 / (155.8405)))
12,5,0.00041167193204058345,(((-0.5820345) / x0) + (1.146282))
12,6,6.869583310472841e-05,(((-1.0857) / (x0)**2) + (1.098008))
12,8,5.4861140809106225e-05,(((-0.2038284) / (x0 + ((-1.087745))**3)) - (-1.108706))
13,1,0.005922163940434709,(1.046855)
13,4,0.0036886228316065257,exp((x0 / (155.8405)))
13,5,0.00041167193204058345,(((-0.5820345) / x0) + (1.146282))
13,6,6.869583310472841e-05,(((-1.0857) / (x0)**2) + (1.098008))
13,7,6.0667565591250125e-05,(((-0.1394304) / (log(x0))**2) + (1.110759))
13,8,5.4861140809106225e-05,(((-0.2038284) / (x0 + ((-1.087745))**3)) - (-1.108706))
14,1,0.005922163940434709,(1.046855)
14,4,0.0036886228316065257,exp((x0 / (155.8405)))
14,5,0.00041167193204058345,(((-0.5820345) / x0) + (1.146282))
14,6,6.869583310472841e-05,(((-1.0857) / (x0)**2) + (1.098008))
14,7,6.0667565591250125e-05,(((-0.1394304) / (log(x0))**2) + (1.110759))
14,8,5.4861140809106225e-05,(((-0.2038284) / (x0 + ((-1.087745))**3)) - (-1.108706))
15,1,0.005922163940434709,(1.046855)
15,4,0.0036886228316065257,exp((x0 / (155.8405)))
15,5,0.00041167193204058345,(((-0.5820345) / x0) + (1.146282))
15,6,6.869583310472841e-05,(((-1.0857) / (x0)**2) + (1.098008))
15,7,6.0667565591250125e-05,(((-0.1394304) / (log(x0))**2) + (1.110759))
15,8,5.4861140809106225e-05,(((-0.2038284) / (x0 + ((-1.087745))**3)) - (-1.108706))
16,1,0.005922163940434709,(1.046855)
16,4,0.0036886228316065257,exp((x0 / (155.8405)))
16,5,0.00041167193204058345,(((-0.5820345) / x0) + (1.146282))
16,6,6.869583310472841e-05,(((-1.0857) / (x0)**2) + (1.098008))
16,7,6.0667565591250125e-05,(((-0.1394304) / (log(x0))**2) + (1.110759))
16,8,5.4861140809106225e-05,(((-0.2038284) / (x0 + ((-1.087745))**3)) - (-1.108706))
17,1,0.005922163940434709,(1.046855)
17,4,0.0036886228316065257,exp((x0 / (155.8405)))
17,5,0.00041167193204058345,(((-0.5820345) / x0) + (1.146282))
17,6,6.869583310472841e-05,(((-1.0857) / (x0)**2) + (1.098008))
17,7,6.0667565591250125e-05,(((-0.1394304) / (log(x0))**2) + (1.110759))
17,8,5.4861140809106225e-05,(((-0.2038284) / (x0 + ((-1.087745))**3)) - (-1.108706))
18,1,0.005922163940434709,(1.046855)
18,4,0.0036886228316065257,exp((x0 / (155.8405)))
18,5,0.00041167193204058345,(((-0.5820345) / x0) + (1.146282))
18,6,6.869583310472841e-05,(((-1.0857) / (x0)**2) + (1.098008))
18,7,6.0667565591250125e-05,(((-0.1394304) / (log(x0))**2) + (1.110759))
18,8,5.4861140809106225e-05,(((-0.2038284) / (x0 + ((-1.087745))**3)) - (-1.108706))
19,1,0.005922163940434709,(1.046855)
19,4,0.0036886228316065257,exp((x0 / (155.8405)))
19,5,0.00041167193204058345,(((-0.5820345) / x0) + (1.146282))
19,6,6.869583310472841e-05,(((-1.0857) / (x0)**2) + (1.098008))
19,7,5.486114080910617e-05,(((-0.2038284) / (x0 - (1.287007))) + (1.108706))
20,1,0.005922163940434709,(1.046855)
20,4,0.0036886228316065257,exp((x0 / (155.8405)))
20,5,0.00041167193204058345,(((-0.5820345) / x0) + (1.146282))
20,6,6.869583310472841e-05,(((-1.0857) / (x0)**2) + (1.098008))
20,7,5.486114080910617e-05,(((-0.2038284) / (x0 - (1.287007))) + (1.108706))
20,13,5.4860546083220784e-05,(((134528.4) / ((831358.2) - ((649078.6) * x0))) + (((0.004841777) / x0) + (1.108606)))
21,1,0.005922163940434709,(1.046855)
21,4,0.0036886228316065257,exp((x0 / (155.8405)))
21,5,0.00041167193204058345,(((-0.5820345) / x0) + (1.146282))
21,6,6.869583310472841e-05,(((-1.0857) / (x0)**2) + (1.098008))
21,7,5.486114080910617e-05,(((-0.2038284) / (x0 - (1.287007))) + (1.108706))
21,13,5.4860546083220784e-05,(((134528.4) / ((831358.2) - ((649078.6) * x0))) + (((0.004841777) / x0) + (1.108606)))
22,1,0.005922163940434709,(1.046855)
22,4,0.0036886228316065257,exp((x0 / (155.8405)))
22,5,0.00041167193204058345,(((-0.5820345) / x0) + (1.146282))
22,6,6.869583310472841e-05,(((-1.0857) / (x0)**2) + (1.098008))
22,7,5.486114080910617e-05,(((-0.2038284) / (x0 - (1.287007))) + (1.108706))
22,13,5.4860546083220784e-05,(((134528.4) / ((831358.2) - ((649078.6) * x0))) + (((0.004841777) / x0) + (1.108606)))
23,1,0.005922163940434709,(1.046855)
23,4,0.0036886228316065257,exp((x0 / (155.8405)))
23,5,0.00041167193204058345,(((-0.5820345) / x0) + (1.146282))
23,6,6.869583310472841e-05,(((-1.0857) / (x0)**2) + (1.098008))
23,7,5.486114080910617e-05,(((-0.2038284) / (x0 - (1.287007))) + (1.108706))
23,13,5.4860546083220784e-05,(((134528.4) / ((831358.2) - ((649078.6) * x0))) + (((0.004841777) / x0) + (1.108606)))
24,1,0.005922163940434709,(1.046855)
24,4,0.0036886228316065257,exp((x0 / (155.8405)))
24,5,0.00041167193204058345,(((-0.5820345) / x0) + (1.146282))
24,6,6.869583310472841e-05,(((-1.0857) / (x0)**2) + (1.098008))
24,7,5.486114080910617e-05,(((-0.2038284) / (x0 - (1.287007))) + (1.108706))
24,11,5.486054608257155e-05,(((((-0.006197798) / x0) + (-0.2024193)) / (x0 - (1.280833))) + (1.108606))
25,1,0.005922163940434709,(1.046855)
25,4,0.0036886228316065257,exp((x0 / (155.8405)))
25,5,0.00041167193204058345,(((-0.5820345) / x0) + (1.146282))
25,6,6.869583310472841e-05,(((-1.0857) / (x0)**2) + (1.098008))
25,7,5.486114080910617e-05,(((-0.2038284) / (x0 - (1.287007))) + (1.108706))
25,11,5.486054608257155e-05,(((((-0.006197798) / x0) + (-0.2024193)) / (x0 - (1.280833))) + (1.108606))
26,1,0.005922163940434709,(1.046855)
26,4,0.0036886228316065257,exp((x0 / (155.8405)))
26,5,0.00041167193204058345,(((-0.5820345) / x0) + (1.146282))
26,6,6.869583310472841e-05,(((-1.0857) / (x0)**2) + (1.098008))
26,7,5.486114080910617e-05,(((-0.2038284) / (x0 - (1.287007))) + (1.108706))
26,11,5.486054608257155e-05,(((((-0.006197798) / x0) + (-0.2024193)) / (x0 - (1.280833))) + (1.108606))
27,1,0.005922163940434709,(1.046855)
27,4,0.0036886228316065257,exp((x0 / (155.8405)))
27,5,0.00041167193204058345,(((-0.5820345) / x0) + (1.146282))
27,6,6.869583310472841e-05,(((-1.0857) / (x0)**2) + (1.098008))
27,7,5.486114080910617e-05,(((-0.2038284) / (x0 - (1.287007))) + (1.108706))
27,11,5.486054608257155e-05,(((((-0.006197798) / x0) + (-0.2024193)) / (x0 - (1.280833))) + (1.108606))
28,1,0.005922163940434709,(1.046855)
28,4,0.0036886228316065257,exp((x0 / (155.8405)))
28,5,0.00041167193204058345,(((-0.5820345) / x0) + (1.146282))
28,6,6.869583310472841e-05,(((-1.0857) / (x0)**2) + (1.098008))
28,7,5.486114080910617e-05,(((-0.2038284) / (x0 - (1.287007))) + (1.108706))
28,11,5.486054608257155e-05,(((((-0.006197798) / x0) + (-0.2024193)) / (x0 - (1.280833))) + (1.108606))
29,1,0.005922163940434709,(1.046855)
29,4,0.0036886228316065257,exp((x0 / (155.8405)))
29,5,0.00041167193204058345,(((-0.5820345) / x0) + (1.146282))
29,6,6.869583310472841e-05,(((-1.0857) / (x0)**2) + (1.098008))
29,7,5.486114080910617e-05,(((-0.2038284) / (x0 - (1.287007))) + (1.108706))
29,11,5.486054608212968e-05,(((((-0.2654656) / ((-1.280828) + x0)) + (-0.2024181)) / x0) + (1.108606))
30,1,0.005922163940434709,(1.046855)
30,4,0.0036886228316065257,exp((x0 / (155.8405)))
30,5,0.00041167193204058345,(((-0.5820345) / x0) + (1.146282))
30,6,6.869583310472841e-05,(((-1.0857) / (x0)**2) + (1.098008))
30,7,5.486114080910617e-05,(((-0.2038284) / (x0 - (1.287007))) + (1.108706))
30,11,5.486054608212968e-05,(((((-0.2654656) / ((-1.280828) + x0)) + (-0.2024181)) / x0) + (1.108606))
31,1,0.005922163940434709,(1.046855)
31,4,0.0036886228316065257,exp((x0 / (155.8405)))
31,5,0.0004116719320405831,((1.146282) - ((0.5820345) / x0))
31,6,6.869583310472841e-05,(((-1.0857) / (x0)**2) + (1.098008))
31,7,5.486114080910617e-05,(((-0.2038284) / (x0 - (1.287007))) + (1.108706))
31,11,5.486054608212968e-05,(((((-0.2654656) / ((-1.280828) + x0)) + (-0.2024181)) / x0) + (1.108606))
32,1,0.005922163940434709,(1.046855)
32,4,0.0036886228316065257,exp((x0 / (155.8405)))
32,5,0.0004116719320405831,((1.146282) - ((0.5820345) / x0))
32,6,6.869583310472841e-05,(((-1.0857) / (x0)**2) + (1.098008))
32,7,5.486114080910617e-05,(((-0.2038284) / (x0 - (1.287007))) + (1.108706))
32,11,5.486054608212968e-05,(((((-0.2654656) / ((-1.280828) + x0)) + (-0.2024181)) / x0) + (1.108606))
32,15,5.479167376721996e-05,(((((-0.9399187) / ((-0.8355033) + x0)) + (((0.9654873) / x0) + (-0.2517072))) / x0) + (1.110885))
33,1,0.005922163940434709,(1.046855)
33,4,0.0036886228316065257,exp((x0 / (155.8405)))
33,5,0.0004116719320405831,((1.146282) - ((0.5820345) / x0))
33,6,6.869583310472841e-05,(((-1.0857) / (x0)**2) + (1.098008))
33,7,5.486114080910617e-05,(((-0.2038284) / (x0 - (1.287007))) + (1.108706))
33,11,5.486054608212968e-05,(((((-0.2654656) / ((-1.280828) + x0)) + (-0.2024181)) / x0) + (1.108606))
33,15,5.479167376721996e-05,(((((-0.9399187) / ((-0.8355033) + x0)) + (((0.9654873) / x0) + (-0.2517072))) / x0) + (1.110885))
34,1,0.005922163940434709,(1.046855)
34,4,0.0036886228316065257,exp((x0 / (155.8405)))
34,5,0.0004116719320405831,((1.146282) - ((0.5820345) / x0))
34,6,6.869583310472841e-05,(((-1.0857) / (x0)**2) + (1.098008))
34,7,5.486114080910617e-05,(((-0.2038284) / (x0 - (1.287007))) + (1.108706))
34,11,5.486054608212968e-05,(((((-0.2654656) / ((-1.280828) + x0)) + (-0.2024181)) / x0) + (1.108606))
34,15,5.479167376721996e-05,(((((-0.9399187) / ((-0.8355033) + x0)) + (((0.9654873) / x0) + (-0.2517072))) / x0) + (1.110885))
35,1,0.005922163940434709,(1.046855)
35,4,0.0036886228316065257,exp((x0 / (155.8405)))
35,5,0.0004116719320405831,((1.146282) - ((0.5820345) / x0))
35,6,6.869583310472841e-05,(((-1.0857) / (x0)**2) + (1.098008))
35,7,5.486114080910617e-05,(((-0.2038284) / (x0 - (1.287007))) + (1.108706))
35,11,5.486054608212968e-05,(((((-0.2654656) / ((-1.280828) + x0)) + (-0.2024181)) / x0) + (1.108606))
35,15,5.479167376721996e-05,(((((-0.9399187) / ((-0.8355033) + x0)) + (((0.9654873) / x0) + (-0.2517072))) / x0) + (1.110885))
36,1,0.005922163940434709,(1.046855)
36,4,0.0036886228316065257,exp((x0 / (155.8405)))
36,5,0.0004116719320405831,((1.146282) - ((0.5820345) / x0))
36,6,6.869583310472841e-05,(((-1.0857) / (x0)**2) + (1.098008))
36,7,5.486114080910617e-05,(((-0.2038284) / (x0 - (1.287007))) + (1.108706))
36,11,5.486054608212968e-05,(((((-0.2654656) / ((-1.280828) + x0)) + (-0.2024181)) / x0) + (1.108606))
36,15,5.479167376721996e-05,(((((-0.9399187) / ((-0.8355033) + x0)) + (((0.9654873) / x0) + (-0.2517072))) / x0) + (1.110885))
37,1,0.005922163940434709,(1.046855)
37,4,0.0036886228316065257,exp((x0 / (155.8405)))
37,5,0.0004116719320405831,((1.146282) - ((0.5820345) / x0))
37,6,6.869583310472841e-05,(((-1.0857) / (x0)**2) + (1.098008))
37,7,5.486114080910617e-05,(((-0.2038284) / (x0 - (1.287007))) + (1.108706))
37,11,5.486054608212968e-05,(((((-0.2654656) / ((-1.280828) + x0)) + (-0.2024181)) / x0) + (1.108606))
37,15,5.479167376721996e-05,(((((-0.9399187) / ((-0.8355033) + x0)) + (((0.9654873) / x0) + (-0.2517072))) / x0) + (1.110885))
38,1,0.005922163940434709,(1.046855)
38,4,0.0036886228316065257,exp((x0 / (155.8405)))
38,5,0.0004116719320405831,((1.146282) - ((0.5820345) / x0))
38,6,6.869583310472834e-05,((1.098008) - ((1.0857) / (x0)**2))
38,7,5.486114080910617e-05,(((-0.2038284) / (x0 - (1.287007))) + (1.108706))
38,11,5.486054608212968e-05,(((((-0.2654656) / ((-1.280828) + x0)) + (-0.2024181)) / x0) + (1.108606))
38,15,5.479167376721996e-05,(((((-0.9399187) / ((-0.8355033) + x0)) + (((0.9654873) / x0) + (-0.2517072))) / x0) + (1.110885))
39,1,0.005922163940434709,(1.046855)
39,4,0.0036886228316065257,exp((x0 / (155.8405)))
39,5,0.0004116719320405831,((1.146282) - ((0.5820345) / x0))
39,6,6.869583310472834e-05,((1.098008) - ((1.0857) / (x0)**2))
39,7,5.486114080910617e-05,(((-0.2038284) / (x0 - (1.287007))) + (1.108706))
39,11,5.486054608212968e-05,(((((-0.2654656) / ((-1.280828) + x0)) + (-0.2024181)) / x0) + (1.108606))
39,15,5.479167376721996e-05,(((((-0.9399187) / ((-0.8355033) + x0)) + (((0.9654873) / x0) + (-0.2517072))) / x0) + (1.110885))
