law,noise,n,seed,method,seconds,n_evaluated,n_structures,reached_floor,generations,expression,complexity,loss,form_err,form_ok,extrap_dev,recovered,on_front,size_reached,timed_out
kepler,0.01,6,11,gp,3.2041046249796636,765,217.0,True,6.0,(sqrt(x0))**3,3,0.00011340355847287524,0.0,True,0.0,True,True,,
kepler,0.01,6,11,exhaustive,0.003146541945170611,35,,True,,sqrt((x0)**3),3,0.00011340355847287377,6.073549322665938e-17,True,2.1780241201927208e-16,True,True,3.0,False
kepler,0.01,6,23,gp,0.6262758750235662,673,221.0,True,6.0,(x0 * sqrt(x0)),4,4.842252434825557e-05,0.0,True,0.0,True,True,,
kepler,0.01,6,23,exhaustive,0.009527083020657301,35,,True,,sqrt((x0)**3),3,4.842252434825485e-05,6.073549322665938e-17,True,2.1780241201927208e-16,True,True,3.0,False
kepler,0.01,6,42,gp,0.7447267090319656,800,239.0,True,6.0,(sqrt(x0))**3,3,3.6884387788042266e-05,0.0,True,0.0,True,True,,
kepler,0.01,6,42,exhaustive,0.00299166701734066,35,,True,,(sqrt(x0))**3,3,3.6884387788042266e-05,0.0,True,0.0,True,True,3.0,False
kepler,0.01,12,11,gp,0.8203007919946685,761,228.0,True,6.0,(sqrt(x0))**3,3,4.8130472526307e-05,0.0,True,0.0,True,True,,
kepler,0.01,12,11,exhaustive,0.0027568329824134707,35,,True,,(sqrt(x0))**3,3,4.8130472526307e-05,0.0,True,0.0,True,True,3.0,False
kepler,0.01,12,23,gp,0.7626907090307213,656,230.0,True,6.0,(x0 * sqrt(x0)),4,3.555916898080406e-05,0.0,True,0.0,True,True,,
kepler,0.01,12,23,exhaustive,0.00623058300698176,35,,True,,(sqrt(x0))**3,3,3.5559168980803684e-05,0.0,True,0.0,True,True,3.0,False
kepler,0.01,12,42,gp,0.8118007079465315,823,240.0,True,7.0,(sqrt(x0))**3,3,5.028972635950818e-05,0.0,True,0.0,True,True,,
kepler,0.01,12,42,exhaustive,0.027865041978657246,35,,True,,sqrt((x0)**3),3,5.02897263595071e-05,6.073549322665938e-17,True,2.1780241201927208e-16,True,True,3.0,False
kepler,0.01,48,11,gp,0.7770927499514073,817,228.0,True,6.0,sqrt((x0)**3),3,9.806880235977901e-05,6.073549322665938e-17,True,2.1780241201927208e-16,True,True,,
kepler,0.01,48,11,exhaustive,0.002751499996520579,35,,True,,sqrt((x0)**3),3,9.806880235977901e-05,6.073549322665938e-17,True,2.1780241201927208e-16,True,True,3.0,False
kepler,0.01,48,23,gp,0.7954139170469716,658,218.0,True,6.0,(x0 * sqrt(x0)),4,0.00014426318514007357,0.0,True,0.0,True,True,,
kepler,0.01,48,23,exhaustive,0.003835500043351203,35,,True,,sqrt((x0)**3),3,0.00014426318514007368,6.073549322665938e-17,True,2.1780241201927208e-16,True,True,3.0,False
kepler,0.01,48,42,gp,1.2630685420008376,1010,274.0,True,10.0,(sqrt(x0))**3,3,4.8743468409914775e-05,0.0,True,0.0,True,True,,
kepler,0.01,48,42,exhaustive,0.014856082969345152,35,,True,,(sqrt(x0))**3,3,4.8743468409914775e-05,0.0,True,0.0,True,True,3.0,False
bohr,0.01,6,11,gp,2.7556525410036556,1328,578.0,True,9.0,(((-1.507901) + x0) / ((-1.216407) - (x0 * (-0.9072614)))),9,1.413231923092127e-05,0.004786403085436533,False,0.024194246784502736,False,False,,
bohr,0.01,6,11,exhaustive,21.176061458012555,10284,,True,,((1.068873) + (((-1.255491) / x0))**3),6,2.204356585424884e-05,0.011389698760962493,False,0.025416642168930765,False,False,6.0,False
bohr,0.01,6,23,gp,2.3828702500322834,1140,488.0,True,8.0,(((x0 + (-1.414814)) / (x0 - (1.224079))) / log((2.489043))),10,9.188776257882173e-05,0.0047864030854535685,False,0.014355904493952415,False,False,,
bohr,0.01,6,23,exhaustive,18.252387874992564,10284,,True,,((1.057212) - ((1.693846) / exp(x0))),6,9.98340083545135e-05,0.010045453198964672,False,0.03604875475944858,False,False,6.0,False
bohr,0.01,6,42,gp,2.355198208009824,921,386.0,True,6.0,(((-1.34246) + x0) / (((0.900831) * x0) - (1.003979))),9,0.0001293171024260575,0.004786403085512428,False,0.01100103542141117,False,True,,
bohr,0.01,6,42,exhaustive,25.311601832974702,10284,,True,,(((-1.759446) / exp(x0)) + (1.06156)),6,6.877550621109575e-05,0.010045453198964672,False,0.0320843086367164,False,False,6.0,False
bohr,0.01,12,11,gp,2.1840380000066943,1021,457.0,True,7.0,(((-1.084709) / (x0)**2) + (1.09783)),6,8.53795957353112e-05,7.346968384724983e-17,True,0.004948898827397208,True,True,,
bohr,0.01,12,11,exhaustive,17.24177179200342,10284,,True,,((1.09783) - ((1.084709) / (x0)**2)),6,8.537959573531039e-05,7.346968384724983e-17,True,0.004948898827397208,True,True,6.0,False
bohr,0.01,12,23,gp,1.4379097920027561,875,360.0,True,6.0,sqrt(((1.192837) - (((1.434412) / x0))**2)),7,0.0001320255213121669,0.002235956493212247,False,0.008708472741254324,False,False,,
bohr,0.01,12,23,exhaustive,14.6025886250427,10284,,True,,(((-0.2555946) / log(x0)) + (1.200495)),6,0.00010549233861383219,0.015290375029069448,False,0.05060948621952574,False,False,6.0,False
bohr,0.01,12,42,gp,2.474811625026632,1407,486.0,True,10.0,(((-1.296631) + x0) / ((0.8955147) * ((-1.047347) + x0))),9,8.114674866110847e-05,0.00478640308553705,False,0.016894178947795494,False,False,,
bohr,0.01,12,42,exhaustive,15.38003070798004,10284,,True,,(((-1.085595) / (x0)**2) + (1.094535)),6,8.472092603858478e-05,7.346968384724983e-17,True,0.0020429065380784647,True,True,6.0,False
bohr,0.01,48,11,gp,4.367240458028391,3275,661.0,True,36.0,((1.094822) - (((1.06649) / x0) / x0)),7,7.244605594568434e-05,7.346968384724983e-17,True,0.0068292587599822095,True,True,,
bohr,0.01,48,11,exhaustive,20.12620533403242,10284,,True,,((1.094822) - (((1.03271) / x0))**2),6,7.244605594568431e-05,7.346968384724983e-17,True,0.006829275749172541,True,True,6.0,False
bohr,0.01,48,23,gp,1.2848970420309342,845,321.0,True,6.0,((1.09621) - (((1.041524) / x0))**2),6,0.00011395937284484535,7.346968384724983e-17,True,0.0029602692542444824,True,True,,
bohr,0.01,48,23,exhaustive,16.021120749996044,10284,,True,,(((-1.084772) / (x0)**2) + (1.09621)),6,0.00011395937284484518,7.346968384724983e-17,True,0.0029603429782125612,True,True,6.0,False
bohr,0.01,48,42,gp,1.0941694999928586,1047,301.0,True,8.0,(((-1.408774) + x0) / ((x0 * (0.9042257)) - (1.090584))),9,6.401855755630201e-05,0.004786403085455564,False,0.013134664276407155,False,True,,
bohr,0.01,48,42,exhaustive,13.495400750020053,10284,,True,,((1.097612) - (((1.050648) / x0))**2),6,5.946427512313161e-05,7.346968384724983e-17,True,0.0011368843936719203,True,True,6.0,False
inverse_square,0.01,6,11,gp,1.6957729999558069,935,407.0,True,6.0,((5.93749) / (x0 * x0)),5,0.00011184749746102017,0.0,True,0.0012489674081685711,True,True,,
inverse_square,0.01,6,11,exhaustive,0.1360382079728879,224,,True,,((5.93749) / (x0)**2),4,0.00011184749746102032,0.0,True,0.0012489674081685711,True,True,4.0,False
inverse_square,0.01,6,23,gp,1.6383452090085484,923,419.0,True,6.0,(exp((sqrt((32.65439)) / exp(x0))) / (1.355798)),8,1.0706343670516016e-05,0.7083223438364942,False,198.00508960589227,False,True,,
inverse_square,0.01,6,23,exhaustive,0.13648620899766684,224,,True,,((5.958814) / (x0)**2),4,2.5176681563554093e-05,0.0,True,0.004844869545437287,True,True,4.0,False
inverse_square,0.01,6,42,gp,1.0232305829995312,950,354.0,True,6.0,(((2.436304) / x0))**2,4,3.602827553853766e-05,0.0,True,0.0009264054108734942,True,True,,
inverse_square,0.01,6,42,exhaustive,0.10203499998897314,224,,True,,((5.935576) / (x0)**2),4,3.6028275538536914e-05,0.0,True,0.0009262063553298624,True,True,4.0,False
inverse_square,0.01,12,11,gp,1.2338366250041872,934,380.0,True,6.0,(((5.925185) / x0) / x0),5,4.744712743623948e-05,0.0,True,0.0008260455255727745,True,True,,
inverse_square,0.01,12,11,exhaustive,0.0906135420082137,224,,True,,(((2.43417) / x0))**2,4,4.744712743624014e-05,0.0,True,0.0008262834817492489,True,True,4.0,False
inverse_square,0.01,12,23,gp,1.487316875020042,1067,425.0,True,7.0,(((2.432989) / x0))**2,4,3.2323287933304155e-05,0.0,True,0.0017955977857761762,True,True,,
inverse_square,0.01,12,23,exhaustive,0.13789091701619327,224,,True,,(((2.432989) / x0))**2,4,3.232328793330456e-05,0.0,True,0.0017955977857761762,True,True,4.0,False
inverse_square,0.01,12,42,gp,1.0688674590201117,945,382.0,True,6.0,(((2.436316) / x0))**2,4,4.9415079641652506e-05,0.0,True,0.000936265548562101,True,True,,
inverse_square,0.01,12,42,exhaustive,0.13857950002420694,224,,True,,((5.935635) / (x0)**2),4,4.941507964165249e-05,0.0,True,0.0009361556249837587,True,True,4.0,False
inverse_square,0.01,48,11,gp,1.2373726669466123,935,403.0,True,6.0,((5.940205) / (x0)**2),4,9.51656543360991e-05,0.0,True,0.001706802443934978,True,True,,
inverse_square,0.01,48,11,exhaustive,0.08603387500625104,224,,True,,((5.940205) / (x0)**2),4,9.5165654336099e-05,0.0,True,0.001706802443934978,True,True,4.0,False
inverse_square,0.01,48,23,gp,1.5979913750197738,1078,432.0,True,7.0,(((-2.433099) / x0))**2,4,0.0001413446529877712,0.0,True,0.0017053343555414725,True,True,,
inverse_square,0.01,48,23,exhaustive,0.13520600000629202,224,,True,,(((2.433099) / x0))**2,4,0.00014134465298777155,0.0,True,0.0017053343555414725,True,True,4.0,False
inverse_square,0.01,48,42,gp,1.0269282919471152,945,358.0,True,6.0,(((2.434605) / x0))**2,4,4.852334069491978e-05,0.0,True,0.00046913553969589645,True,True,,
inverse_square,0.01,48,42,exhaustive,0.11279529199237004,224,,True,,(((2.434605) / x0))**2,4,4.852334069491978e-05,0.0,True,0.00046913553969589645,True,True,4.0,False
planck,0.01,6,11,gp,1.8558836660231464,3343,552.0,False,40.0,(sqrt(x0) - (x0 * (0.3312386))),6,0.1581160629573082,22.382405396369528,False,1062.1911495873305,False,False,,
planck,0.01,6,23,gp,4.178338541998528,2826,1071.0,True,21.0,((22.48585) - (((0.3607981) - (x0 * (0.02348038))) * ((63.8488) + (x0 * x0)))),13,1.5759560299109473e-05,0.7265104761581699,False,19374.770543777075,False,False,,
planck,0.01,6,42,gp,7.2735273339785635,5201,1552.0,False,40.0,((((0.01384714) * (x0)**3) + (-0.1214902)) + (((-0.2310106) * (x0)**2) + x0)),13,0.0029164119564991844,5.60864130582036,False,9331.6516892173,False,False,,
planck,0.01,12,11,gp,3.1181733339908533,4020,900.0,False,40.0,(sqrt(((4.227586) * ((-0.5520467) + x0))) - (x0 / (1.448145))),10,0.007866921076288233,28.631949352571105,False,1000000.0,False,False,,
planck,0.01,12,23,gp,5.330695750017185,5230,1402.0,False,40.0,(sqrt((sqrt((x0 + (-1.182621))) / (0.1848593))) - ((0.477282) * x0)),11,0.004484685011165894,0.8161804425121347,False,1000000.0,False,False,,
planck,0.01,12,42,gp,6.148367916990537,5216,1519.0,False,40.0,(((((-0.1020791) * x0) - (-1.079078)))**3 * ((-0.3074697) + x0)),10,0.006208729094649199,0.5196850359138835,False,1316.1277148381932,False,False,,
planck,0.01,48,11,gp,3.5068934580194764,4169,972.0,False,40.0,((log(x0) + log((log(x0) + ((1.467391))**3))) - (x0 * (0.4582321))),13,0.018436220329780855,31.251995747281104,False,2321.7307044842296,False,False,,
planck,0.01,48,23,gp,1.980289332976099,3276,546.0,False,40.0,(log(((1.24457))**3) - ((0.0008884667) * ((x0 * (1.010822)))**3)),10,0.19506016565984563,0.8769445561695726,False,2364.9724106451254,False,False,,
planck,0.01,48,42,gp,9.749214416951872,5149,1247.0,False,40.0,((-0.426981) * ((((4.873925) / x0) + x0) + ((-0.002903279) * ((x0)**3 + (2574.32))))),14,0.011550618806132592,0.7828997558802303,False,15772.63463047541,False,False,,
