track,question,option,baseline_nrmse,option_nrmse,ratio,baseline_param_err,option_param_err,param_ratio,engaged
quantum/hydrogen,extrapolation,balance,0.002741273326223348,0.00019378136632687662,0.07069027538156845,0.0010859437646381631,0.0010980342492422131,1.0111336194356975,True
quantum/hydrogen,extrapolation,early,0.002741273326223348,0.0031228248600575536,1.1391877016364031,0.0010859437646381631,0.0012734855987528119,1.172699397723544,True
quantum/hydrogen,extrapolation,ens5,0.002741273326223348,0.002864920180317861,1.0451056277065451,0.0010859437646381631,0.0010820635758130178,0.9964268970903496,True
quantum/hydrogen,extrapolation,ens5+balance,0.002741273326223348,0.00033053584955602917,0.12057748725531443,0.0010859437646381631,0.001112950364516306,1.0248692434705782,True
quantum/hydrogen,extrapolation,fourier16,0.002741273326223348,0.021513248279916245,7.847903408287653,0.0010859437646381631,0.001100755653569618,1.0136396463737607,True
quantum/hydrogen,extrapolation,lbfgs,0.002741273326223348,0.002741273326223348,1.0,0.0010859437646381631,0.0010859437646381631,1.0,True
quantum/hydrogen,interpolation,balance,1.853629242060801e-05,1.8090324207619051e-06,0.09759408082873604,0.0011039907964163073,0.0010915286564519371,0.9887117356369058,True
quantum/hydrogen,interpolation,early,1.853629242060801e-05,5.4184419824683076e-05,2.923153055378146,0.0011039907964163073,0.001101700428346523,0.9979253739458525,True
quantum/hydrogen,interpolation,ens5,1.853629242060801e-05,1.6097103971117962e-05,0.8684101224698936,0.0011039907964163073,0.0010901346660288028,0.9874490526257256,True
quantum/hydrogen,interpolation,ens5+balance,1.853629242060801e-05,5.571200831304996e-06,0.3005563736743345,0.0011039907964163073,0.0010942736102720273,0.9911981275787596,True
quantum/hydrogen,interpolation,fourier16,1.853629242060801e-05,0.0018233710077009883,98.36762208573207,0.0011039907964163073,0.0010905192905784208,0.9877974473323359,True
quantum/hydrogen,interpolation,lbfgs,1.853629242060801e-05,1.853629242060801e-05,1.0,0.0011039907964163073,0.0011039907964163073,1.0,True
