track,w_phys,seed,n_fit,n_val,val_nrmse,correction_rms_frac,median_val_nrmse,chosen,pinned_at_edge
quantum/hydrogen,0.001,3,8,2,0.0003387434771095,0.0010399449870053,0.0003643608100332,False,False
quantum/hydrogen,0.001,7,8,2,0.0004528927357596,0.0027428573945367,0.0003643608100332,False,False
quantum/hydrogen,0.001,19,8,2,0.0003643608100332,0.001348161655393,0.0003643608100332,False,False
quantum/hydrogen,0.01,3,8,2,0.0003527454490057,4.123949857618128e-05,0.0003527454490057,False,False
quantum/hydrogen,0.01,7,8,2,0.0011106130538474,0.0004367647215752,0.0003527454490057,False,False
quantum/hydrogen,0.01,19,8,2,0.0003347970912833,2.364624886910885e-05,0.0003527454490057,False,False
quantum/hydrogen,0.1,3,8,2,0.0003005567434235,9.027423117280308e-06,0.0003005567434235,False,False
quantum/hydrogen,0.1,7,8,2,0.0001399474325885,1.518627293597556e-05,0.0003005567434235,False,False
quantum/hydrogen,0.1,19,8,2,0.0005640431155718,4.397600004564237e-06,0.0003005567434235,False,False
quantum/hydrogen,1.0,3,8,2,0.0006418177993231,1.9280962318335144e-05,0.0002681685553811,True,False
quantum/hydrogen,1.0,7,8,2,0.0001185821084779,8.86567870395622e-06,0.0002681685553811,True,False
quantum/hydrogen,1.0,19,8,2,0.0002681685553811,8.77297467103615e-06,0.0002681685553811,True,False
quantum/hydrogen,10.0,3,8,2,0.000881602788566,2.093330842827572e-05,0.0003642281427454,False,False
quantum/hydrogen,10.0,7,8,2,0.0003642281427454,7.726731558740454e-06,0.0003642281427454,False,False
quantum/hydrogen,10.0,19,8,2,0.0002002408596399,9.40601026134334e-06,0.0003642281427454,False,False
quantum/hydrogen,100.0,3,8,2,0.0004714296617855,9.817382221005366e-06,0.0003566865232014,False,False
quantum/hydrogen,100.0,7,8,2,0.0003566865232014,5.676467045530327e-06,0.0003566865232014,False,False
quantum/hydrogen,100.0,19,8,2,7.599165360689522e-05,7.519722332337649e-06,0.0003566865232014,False,False
quantum/hydrogen,1000.0,3,8,2,0.0005112823944887,1.0432003302214604e-05,0.0003583929691444,False,False
quantum/hydrogen,1000.0,7,8,2,0.0003583929691444,5.887415789152715e-06,0.0003583929691444,False,False
quantum/hydrogen,1000.0,19,8,2,0.0001054614140049,7.084595359153641e-06,0.0003583929691444,False,False
