dataset,event_class,arm,events,total_err_median,total_abs_err_median,peak_err_median
openmrg,< 1 mm,pl_itu,1224,-0.9302284109388222,1.0,-0.9283952015034278
openmrg,< 1 mm,pl_cal,1224,-1.0,1.0,-1.0
openmrg,< 1 mm,gru,1224,-0.9262364647177042,0.9628207111531197,-0.9289874698624027
openmrg,< 1 mm,hybrid_joint,1224,-0.9860762654213966,0.9988310429352287,-0.9860762655058993
openmrg,< 1 mm,hybrid_gate,1224,-0.9726096704876718,0.9882307822162704,-0.9730975898099632
openmrg,< 1 mm,hybrid_phased,1224,-0.9595736920258797,0.9844533624461478,-0.9638664348749744
openmrg,1-5 mm,pl_itu,276,0.1415248892255675,0.9455691661372883,0.1828518990634206
openmrg,1-5 mm,pl_cal,276,-0.6325384967290405,0.6430093309768118,-0.5927849080873944
openmrg,1-5 mm,gru,276,-0.5750138576252929,0.5767854459497321,-0.5359400122944518
openmrg,1-5 mm,hybrid_joint,276,-0.6261790393658601,0.6432095438229641,-0.606557868615397
openmrg,1-5 mm,hybrid_gate,276,-0.597984848046732,0.6108519210002974,-0.5811739263234665
openmrg,1-5 mm,hybrid_phased,276,-0.597984848046732,0.62594141246253,-0.5811739263234665
openmrg,5-20 mm,pl_itu,231,0.8156527407345937,0.9684588129274905,0.5446594432945648
openmrg,5-20 mm,pl_cal,231,-0.2874516515694925,0.3059970806799974,-0.3470267128586466
openmrg,5-20 mm,gru,231,-0.189785014213102,0.221657395362854,-0.31110316061400156
openmrg,5-20 mm,hybrid_joint,231,-0.23683100637878374,0.24943853930888793,-0.2734087304617916
openmrg,5-20 mm,hybrid_gate,231,-0.21230765870428125,0.22307214572247547,-0.3105574722863248
openmrg,5-20 mm,hybrid_phased,231,-0.19530206262985705,0.2173973567686993,-0.30660416976541116
openmrg,> 20 mm,pl_itu,30,0.5218541806755378,0.5218541806755378,0.23745129806414145
openmrg,> 20 mm,pl_cal,30,-0.1843279050695546,0.1843279050695546,-0.39901153299203485
openmrg,> 20 mm,gru,30,-0.1960765115600422,0.1960765115600422,-0.5207435290018718
openmrg,> 20 mm,hybrid_joint,30,-0.189574207342868,0.189574207342868,-0.34162915537751787
openmrg,> 20 mm,hybrid_gate,30,-0.1877346756509391,0.1877346756509391,-0.4358885582683173
openmrg,> 20 mm,hybrid_phased,30,-0.1877346756509391,0.1877346756509391,-0.41001811323534454
openrainer,< 1 mm,pl_itu,2070,-1.0,1.0,-1.0
openrainer,< 1 mm,pl_cal,2070,-1.0,1.0,-1.0
openrainer,< 1 mm,gru,2070,-0.7241635408319733,0.7641319103732132,-0.7577433345423013
openrainer,< 1 mm,hybrid_joint,2070,-0.905016998226614,0.9403089938209053,-0.9166324338292948
openrainer,< 1 mm,hybrid_gate,2070,-0.9168389274126245,0.9433546881763983,-0.9226782004936895
openrainer,< 1 mm,hybrid_phased,2070,-0.9192413760135805,0.94375589329453,-0.9249489275902494
openrainer,1-5 mm,pl_itu,735,-0.5475605450200746,0.7933808189497977,-0.40571329650806864
openrainer,1-5 mm,pl_cal,735,-0.6731116523134468,0.7150075144741438,-0.6094292215888604
openrainer,1-5 mm,gru,735,-0.6872532612330527,0.6990346634184987,-0.6873770598343549
openrainer,1-5 mm,hybrid_joint,735,-0.627907205568947,0.6635646023064112,-0.5994189082283273
openrainer,1-5 mm,hybrid_gate,735,-0.61593817088239,0.6597801792838643,-0.5749192722280373
openrainer,1-5 mm,hybrid_phased,735,-0.6125649299778664,0.6729659722865502,-0.5875549929427987
openrainer,5-20 mm,pl_itu,378,-0.2932816876656662,0.6608639267447727,-0.03639931459367951
openrainer,5-20 mm,pl_cal,378,-0.5790688658151488,0.5987291942663789,-0.5164187607226254
openrainer,5-20 mm,gru,378,-0.6436631302064422,0.6512877419943379,-0.5924858191610176
openrainer,5-20 mm,hybrid_joint,378,-0.5721152652107462,0.5974459485418788,-0.5244186445599168
openrainer,5-20 mm,hybrid_gate,378,-0.5747175840701311,0.5955161750008117,-0.5206850742696629
openrainer,5-20 mm,hybrid_phased,378,-0.5955586931279442,0.6176821503748694,-0.5242929682739554
openrainer,> 20 mm,pl_itu,81,-0.4517866426153301,0.6224103803048506,-0.0688786075247747
openrainer,> 20 mm,pl_cal,81,-0.6939032316037799,0.6939032316037799,-0.5090187806092994
openrainer,> 20 mm,gru,81,-0.8148032209493894,0.8148032209493894,-0.7246108819246097
openrainer,> 20 mm,hybrid_joint,81,-0.669119007138121,0.6837353575323304,-0.501311398366503
openrainer,> 20 mm,hybrid_gate,81,-0.7113319946250813,0.7113319946250813,-0.5399903843649968
openrainer,> 20 mm,hybrid_phased,81,-0.6940720858509608,0.6940720858509608,-0.5372315632594922
netherlands,< 1 mm,pl_itu,552,-0.7648749256152672,1.0,-0.7158538538871664
netherlands,< 1 mm,pl_cal,552,-0.9038375881860019,1.0,-0.8780599301247333
netherlands,< 1 mm,gru,552,-0.5903831522066194,0.6619031968294643,-0.5874580616137675
netherlands,< 1 mm,hybrid_joint,552,-0.5399815221282243,0.6932827866107776,-0.5374462664288961
netherlands,< 1 mm,hybrid_gate,552,-0.7553047835446445,0.8968824247362849,-0.7467681430761792
netherlands,< 1 mm,hybrid_phased,552,-0.753649331574897,0.8870457826465381,-0.7501368143820081
netherlands,1-5 mm,pl_itu,759,0.306229829788208,0.7449620068073273,0.375524239421533
netherlands,1-5 mm,pl_cal,759,-0.31654971837997437,0.5234293029282389,-0.26745297112350097
netherlands,1-5 mm,gru,759,-0.5008065884225767,0.5534842425845528,-0.45377176148550846
netherlands,1-5 mm,hybrid_joint,759,-0.27777042653841477,0.4833097457885742,-0.2653966676404931
netherlands,1-5 mm,hybrid_gate,759,-0.3244151473045349,0.5127860679181198,-0.2946184819173411
netherlands,1-5 mm,hybrid_phased,759,-0.32681137879935973,0.5171610789685384,-0.3041579529023476
netherlands,5-20 mm,pl_itu,192,0.42599651632650015,0.6368440673611321,0.56578255640848
netherlands,5-20 mm,pl_cal,192,-0.16128285527497344,0.2896517387861339,-0.16680382809148503
netherlands,5-20 mm,gru,192,-0.3298163442329457,0.3673022480965626,-0.3228970734150357
netherlands,5-20 mm,hybrid_joint,192,-0.2070251763708693,0.2796954810751581,-0.22871762618069597
netherlands,5-20 mm,hybrid_gate,192,-0.19068923704346202,0.2699666142569783,-0.17970053937473468
netherlands,5-20 mm,hybrid_phased,192,-0.2109449564935304,0.2934108245092192,-0.18972074306998077
netherlands,> 20 mm,pl_itu,45,1.1982971792097863,1.1982971792097863,0.9562860024750892
netherlands,> 20 mm,pl_cal,45,0.0676835139002876,0.3098445054961414,0.025690059486959793
netherlands,> 20 mm,gru,45,-0.10862182989353086,0.20627478261392462,-0.31965576616878777
netherlands,> 20 mm,hybrid_joint,45,0.012892417883913598,0.270049025372761,-0.18086789236141332
netherlands,> 20 mm,hybrid_gate,45,0.06785637313859572,0.29014058149844746,-0.13482439304207305
netherlands,> 20 mm,hybrid_phased,45,0.0672096252741583,0.26009768974490277,-0.13655196399087965
openmesh,< 1 mm,pl_itu,294,-1.0,1.0,-1.0
openmesh,< 1 mm,pl_cal,294,-1.0,1.0,-1.0
openmesh,< 1 mm,gru,294,-0.8253666514227305,0.8314031203298491,-0.8390186742044775
openmesh,< 1 mm,hybrid_joint,294,-0.7667960050389742,0.8435014736207811,-0.7671769458743258
openmesh,< 1 mm,hybrid_gate,294,-0.9246549829515389,0.935126009844,-0.9246666033800044
openmesh,< 1 mm,hybrid_phased,294,-0.9246549829515389,0.935126009844,-0.9246666033800044
openmesh,1-5 mm,pl_itu,144,-0.924446022566374,0.9805765645772947,-0.8558095098942804
openmesh,1-5 mm,pl_cal,144,-0.6950035263440383,0.737216319686381,-0.41456659516377437
openmesh,1-5 mm,gru,144,-0.6020643544595348,0.6347127337184826,-0.6591905038469346
openmesh,1-5 mm,hybrid_joint,144,-0.6309432517320342,0.7072529427698653,-0.5021005902545408
openmesh,1-5 mm,hybrid_gate,144,-0.6928376173927095,0.7455992673253165,-0.5361052433163956
openmesh,1-5 mm,hybrid_phased,144,-0.6928376173927095,0.7455992673253165,-0.5361052433163956
openmesh,5-20 mm,pl_itu,96,-0.8431469499391926,0.8523272218033741,-0.8305459256749647
openmesh,5-20 mm,pl_cal,96,-0.6009708938052554,0.640965027682095,-0.5736324031519027
openmesh,5-20 mm,gru,96,-0.699642842470412,0.7122182065554619,-0.6531095504785296
openmesh,5-20 mm,hybrid_joint,96,-0.6467465101028073,0.6632913222197911,-0.5729878551452581
openmesh,5-20 mm,hybrid_gate,96,-0.623595016298462,0.6342907644098386,-0.602676525975448
openmesh,5-20 mm,hybrid_phased,96,-0.623595016298462,0.6342907644098386,-0.602676525975448
openmesh,> 20 mm,pl_itu,30,-0.5705632383554685,0.6015962599177933,-0.44701392796531153
openmesh,> 20 mm,pl_cal,30,-0.25512042919072836,0.25512042919072836,-0.3043987960495512
openmesh,> 20 mm,gru,30,-0.5513310868875325,0.5513310868875325,-0.5430872805459828
openmesh,> 20 mm,hybrid_joint,30,-0.3055818125771619,0.3055818125771619,-0.46022164922540393
openmesh,> 20 mm,hybrid_gate,30,-0.3012830458798914,0.3012830458798914,-0.3625162635238662
openmesh,> 20 mm,hybrid_phased,30,-0.3012830458798914,0.3012830458798914,-0.3625162635238662
sim_iid,1-5 mm,pl_itu,6,-0.5970413577787095,0.5970413577787095,-0.4817267509544503
sim_iid,1-5 mm,pl_cal,6,-0.06667681312477092,0.0801352296825883,0.008551351985780664
sim_iid,1-5 mm,gru,6,0.20991013326654662,0.20991013326654662,0.10273396955433134
sim_iid,1-5 mm,hybrid_joint,6,-0.02871362408495054,0.05322847209289289,0.04570205732871668
sim_iid,1-5 mm,hybrid_gate,6,-0.0031280185866697785,0.058405576495201006,0.016000927547506205
sim_iid,1-5 mm,hybrid_phased,6,0.015382168880905878,0.06259296802166292,0.0630426136295692
sim_iid,5-20 mm,pl_itu,249,-0.5018533572783204,0.5018533572783204,-0.37826999844142484
sim_iid,5-20 mm,pl_cal,249,0.011436651669250342,0.0806083353352115,0.01878983278620794
sim_iid,5-20 mm,gru,249,-0.005496201562464442,0.06489606327594655,-0.10560406784357756
sim_iid,5-20 mm,hybrid_joint,249,-0.004532450154038914,0.061770394567016274,-0.005674985520157549
sim_iid,5-20 mm,hybrid_gate,249,0.005960467628538302,0.060397725784054224,-0.005522378176465836
sim_iid,5-20 mm,hybrid_phased,249,0.015285150509478651,0.05013804277169698,0.0025639261066967567
sim_iid,> 20 mm,pl_itu,84,-0.5449262843525361,0.5449262843525361,-0.3955653967322564
sim_iid,> 20 mm,pl_cal,84,-0.05433469903104693,0.0769333133751266,-0.028904222959648507
sim_iid,> 20 mm,gru,84,0.01194023614816031,0.04467131162399024,-0.15480926145265655
sim_iid,> 20 mm,hybrid_joint,84,-0.0607760284765797,0.06748474408556299,-0.04232034193623452
sim_iid,> 20 mm,hybrid_gate,84,-0.04723187723196298,0.06808247082822927,-0.04608344151113469
sim_iid,> 20 mm,hybrid_phased,84,-0.03405840792315323,0.049386674478029025,-0.04653258212539085
sim_ar1,1-5 mm,pl_itu,6,-0.718338076055601,0.718338076055601,-0.5617083708879309
sim_ar1,1-5 mm,pl_cal,6,-0.052106748914693246,0.07012105664137941,0.022293519752816404
sim_ar1,1-5 mm,gru,6,0.2576027590627069,0.2576027590627069,0.11056881796703599
sim_ar1,1-5 mm,hybrid_joint,6,-0.05250052214774498,0.06832784705688133,0.03027432715165751
sim_ar1,1-5 mm,hybrid_gate,6,0.043561558824183666,0.06229735455230906,0.02919589356264063
sim_ar1,1-5 mm,hybrid_phased,6,0.09068836040328287,0.09068836040328287,0.03656953928676587
sim_ar1,5-20 mm,pl_itu,252,-0.5719533402966539,0.5719533402966539,-0.44529141314877363
sim_ar1,5-20 mm,pl_cal,252,0.016437904898840783,0.08356839941798311,0.0027126344523475954
sim_ar1,5-20 mm,gru,252,0.015195247918447174,0.05684087706964547,-0.07389980238632488
sim_ar1,5-20 mm,hybrid_joint,252,-0.004624309644673141,0.07167320240248454,-0.013094540627823947
sim_ar1,5-20 mm,hybrid_gate,252,0.020027807455799018,0.06375945887444157,-0.012986434256836654
sim_ar1,5-20 mm,hybrid_phased,252,0.0222130520310867,0.058244195325871995,-0.005069086381725263
sim_ar1,> 20 mm,pl_itu,81,-0.6874984788379814,0.6874984788379814,-0.4874631486915073
sim_ar1,> 20 mm,pl_cal,81,-0.06943698048975333,0.08124202955671778,-0.0487879770964762
sim_ar1,> 20 mm,gru,81,-0.01666806225918005,0.05723246823003292,-0.12350350498883522
sim_ar1,> 20 mm,hybrid_joint,81,-0.09007286790922342,0.09248612997540828,-0.047705024773212035
sim_ar1,> 20 mm,hybrid_gate,81,-0.060339146402702104,0.07713206878863188,-0.059046003351634346
sim_ar1,> 20 mm,hybrid_phased,81,-0.03303743410692894,0.07392847391444946,-0.05421449423042013
sim_iid_waa,1-5 mm,pl_itu,6,0.04524125290760622,0.287177686094972,0.19135856510740068
sim_iid_waa,1-5 mm,pl_cal,6,-0.18463954221212625,0.19365348632567275,-0.06101872695582805
sim_iid_waa,1-5 mm,gru,6,0.04844804327414709,0.05303886481105358,0.06406012178258869
sim_iid_waa,1-5 mm,hybrid_joint,6,-0.19061500984275725,0.19061500984275725,-0.07881396391105
sim_iid_waa,1-5 mm,hybrid_gate,6,-0.09111304333629389,0.1272133195145816,-0.05548098422394604
sim_iid_waa,1-5 mm,hybrid_phased,6,-0.002623677272721947,0.04890854030657121,-0.0030508093754110233
sim_iid_waa,5-20 mm,pl_itu,249,0.2877682708718108,0.3157603332924499,0.22191509906075702
sim_iid_waa,5-20 mm,pl_cal,249,-0.0014425824039333568,0.07613830801781929,-0.016293642758745897
sim_iid_waa,5-20 mm,gru,249,-0.0061653470017090095,0.05742452467335424,-0.09909413448292559
sim_iid_waa,5-20 mm,hybrid_joint,249,-0.006666811329652189,0.05687443756403021,-0.02285350331819247
sim_iid_waa,5-20 mm,hybrid_gate,249,0.015622648377256576,0.056265244096026845,-0.03473959198304344
sim_iid_waa,5-20 mm,hybrid_phased,249,0.01932399659086048,0.0456560804902848,-0.01798551336207921
sim_iid_waa,> 20 mm,pl_itu,84,0.28522155009296835,0.3483003459044608,0.20593381199216454
sim_iid_waa,> 20 mm,pl_cal,84,-0.0497089048903423,0.0824364818917055,-0.05031238994148873
sim_iid_waa,> 20 mm,gru,84,-0.008864115949789253,0.062381399875001464,-0.15101035182054923
sim_iid_waa,> 20 mm,hybrid_joint,84,-0.047976818477498406,0.06274778898370936,-0.05668444937346234
sim_iid_waa,> 20 mm,hybrid_gate,84,-0.027653068938116143,0.0631665185298309,-0.06739466986658105
sim_iid_waa,> 20 mm,hybrid_phased,84,-0.02218320932646134,0.054975301052353764,-0.059956692948396006
sim_ar1_waa,1-5 mm,pl_itu,6,0.15348926480093739,0.3811103140873533,0.24091190990493055
sim_ar1_waa,1-5 mm,pl_cal,6,-0.16210429024513173,0.2573702811038867,-0.09408954722912155
sim_ar1_waa,1-5 mm,gru,6,0.03390924929969541,0.03390924929969541,0.05394652014927692
sim_ar1_waa,1-5 mm,hybrid_joint,6,-0.14325348103495628,0.2558336527223971,-0.07304180484156353
sim_ar1_waa,1-5 mm,hybrid_gate,6,-0.056751034705273984,0.15841715600530482,-0.07273765243469293
sim_ar1_waa,1-5 mm,hybrid_phased,6,-0.02441192223970906,0.14558555259362133,-0.04506751123080849
sim_ar1_waa,5-20 mm,pl_itu,252,0.38387724314208616,0.403688993146905,0.31905281341693725
sim_ar1_waa,5-20 mm,pl_cal,252,0.0004926708117052869,0.0718595746477198,-0.03594374517447052
sim_ar1_waa,5-20 mm,gru,252,-0.006987005777298827,0.05279065697498875,-0.08799900203336569
sim_ar1_waa,5-20 mm,hybrid_joint,252,-0.010615965341463918,0.07028076023233687,-0.031129109318726866
sim_ar1_waa,5-20 mm,hybrid_gate,252,0.0056934441099150135,0.05124945364010319,-0.04957646503212593
sim_ar1_waa,5-20 mm,hybrid_phased,252,0.009479842592994503,0.050032019463605026,-0.03134949425932376
sim_ar1_waa,> 20 mm,pl_itu,81,0.3988983118010172,0.49596816868062965,0.3023611795734842
sim_ar1_waa,> 20 mm,pl_cal,81,-0.03462310911127553,0.08219691448725575,-0.08564417238545086
sim_ar1_waa,> 20 mm,gru,81,-0.017279340629056228,0.059070500819974336,-0.14313580874289755
sim_ar1_waa,> 20 mm,hybrid_joint,81,-0.058688265095642955,0.06896200833057553,-0.07667805378644266
sim_ar1_waa,> 20 mm,hybrid_gate,81,-0.01605571099477432,0.06998516536452404,-0.09631237241469215
sim_ar1_waa,> 20 mm,hybrid_phased,81,-0.02480313502949527,0.060983520602999164,-0.06923158758548975
